"Authors","Author full names","Author(s) ID","Title","Year","Source title","Volume","Issue","Art. No.","Page start","Page end","Page count","Cited by","DOI","Link","Document Type","Publication Stage","Open Access","Source","EID"
"Saini, P.; Osorio, J.D.; Shah, M.P.; Patel, U.N.; Nelapudi, A.; Porto-Hernández, L.A.","Saini, Prashant (58622409300); Osorio, Julian D. (55538541600); Shah, Munjal Purnkant (58278698400); Patel, Umang N. (57384683400); Nelapudi, Akhil (59963703400); Porto-Hernández, Luis Ángel (57804909800)","58622409300; 55538541600; 58278698400; 57384683400; 59963703400; 57804909800","Nature-inspired lotus-shaped fins combined with hybrid nanoparticles and metal foam for high-performance latent heat thermal energy storage","2026","International Journal of Heat and Mass Transfer","255","","127897","","","0","0","10.1016/j.ijheatmasstransfer.2025.127897","https://www.scopus.com/inward/record.uri?eid=2-s2.0-105017763405&doi=10.1016%2Fj.ijheatmasstransfer.2025.127897&partnerID=40&md5=34e1e8d6cc795a9630c3aa51f95f9ccc","Article","Final","All Open Access; Hybrid Gold Open Access","Scopus","2-s2.0-105017763405"
"Tobar-Subía-Contento, L.M.; Vargas, R.; Romero, L.A.; Contreras-Ortiz, S.H.","Tobar-Subía-Contento, Luz M. (57219781461); Vargas, Raúl (57117284600); Romero, Lenny A. (36142156300); Contreras-Ortiz, Sonia H. (57210822856)","57219781461; 57117284600; 36142156300; 57210822856","A Low Power Non-invasive Wrist-Based Approach for Glucose Monitoring","2026","Communications in Computer and Information Science","2392 CCIS","","","137","148","0","0","10.1007/978-3-031-98287-3_10","https://www.scopus.com/inward/record.uri?eid=2-s2.0-105016249780&doi=10.1007%2F978-3-031-98287-3_10&partnerID=40&md5=e7e3ffa044ce79e1c9f2aa5ef8cfb96a","Conference paper","Final","","Scopus","2-s2.0-105016249780"
"Leal, M.A.; Tovar Rodríguez, D.; De Pablo, M.A.; Bonilla, M.A.; Bolaños, J.; Ruíz, E.; Sánchez, J.; Buitrago, J.; Leone, G.; Tchegliakova, N.; Molina, A.; Martín, J.S.; Chacón, Z.; Abrevaya, X.; Vélez, F.; Torres, A.; Reyes, R.; Cancino-Escalante, G.; Acevedo-Barrios, R.","Leal, Maria Angélica (58310191500); Tovar Rodríguez, David F. (58310000000); De Pablo, Miguel Ángel (7003652519); Bonilla, M. A. (60054445900); Bolaños, J. (58602787700); Ruíz, E. (59476576300); Sánchez, J. (59158501400); Buitrago, Jeiner Y. (57223365087); Leone, Giovanni (56119288800); Tchegliakova, Nadejda (16640475100); Molina, Antonio (56817944000); Martín, J. San (60053814400); Chacón, Zoraida (56116389500); Abrevaya, X. C. (23102245500); Vélez, F. (60053972400); Torres, A. (60054759300); Reyes, R. (60053972500); Cancino-Escalante, Giovanni Orlando (55102731600); Acevedo-Barrios, R. L. (56674579200)","58310191500; 58310000000; 7003652519; 60054445900; 58602787700; 59476576300; 59158501400; 57223365087; 56119288800; 16640475100; 56817944000; 60053814400; 56116389500; 23102245500; 60053972400; 60054759300; 60053972500; 55102731600; 56674579200","Biogeochemical study of the periglacial slopes of the Nevado del Ruíz volcano (Colombia) as a terrestrial analog of Mars","2026","Icarus","443","","116783","","","0","0","10.1016/j.icarus.2025.116783","https://www.scopus.com/inward/record.uri?eid=2-s2.0-105013662781&doi=10.1016%2Fj.icarus.2025.116783&partnerID=40&md5=2dbb914eab398a1fa3e80239f6ac0af7","Article","Final","","Scopus","2-s2.0-105013662781"
"Castilla-Caballero, D.; Martínez-Castro, V.; Colina-Márquez, J.; Machuca-Martínez, F.; Medina-Guerrero, A.","Castilla-Caballero, Deyler Rafael (57024211000); Martínez-Castro, Valentina (57753440800); Colina-Márquez, José A. (23484999200); Machuca-Martínez, Fiderman (35488117500); Medina-Guerrero, Astrid (59674123400)","57024211000; 57753440800; 23484999200; 35488117500; 59674123400","Incorporation of the GRG-optimization method in the design and simulation of solar falling-film slurry photocatalytic reactors operated under turbulent regime","2025","Applied Catalysis A: General","708","","120562","","","0","0","10.1016/j.apcata.2025.120562","https://www.scopus.com/inward/record.uri?eid=2-s2.0-105015723252&doi=10.1016%2Fj.apcata.2025.120562&partnerID=40&md5=45e1c18b1a157ac51ff1b61b407aae26","Article","Final","","Scopus","2-s2.0-105015723252"
"Herrera-Acevedo, D.D.; Sierra-Porta, D.","Herrera-Acevedo, D. D. (59278790000); Sierra-Porta, D. (57191333650)","59278790000; 57191333650","Urban mobility insights: A dataset for exploring network topology and city dynamics","2025","Data in Brief","63","","112076","","","0","0","10.1016/j.dib.2025.112076","https://www.scopus.com/inward/record.uri?eid=2-s2.0-105017120204&doi=10.1016%2Fj.dib.2025.112076&partnerID=40&md5=1ea5985408fa59c86c4885844f54b927","Data paper","Final","All Open Access; Gold Open Access; Green Accepted Open Access; Green Open Access","Scopus","2-s2.0-105017120204"
"Gómez-Vega, F.S.; Acuña, O.; Camargo, A.C.; Jimenez, J.D.; Galeano, S.M.; Franco, I.E.; Lozano, L.L.; Vásquez, J.; Puertas, E.","Gómez-Vega, F. S. (60036445200); Acuña, O. (60036445300); Camargo, Andrea C. (60035839800); Jimenez, Jeison D. (60035987100); Galeano, Sara M. (60036445400); Franco, Isabella E. (60035839900); Lozano, Laura L. (60035376700); Vásquez, Jenifer (57205400052); Puertas, Edwin (57202285682)","60036445200; 60036445300; 60035839800; 60035987100; 60036445400; 60035839900; 60035376700; 57205400052; 57202285682","Enhancing consistency in piping and instrumentation diagrams using DistilBERT and smart PID systems","2025","Systems and Soft Computing","7","","200373","","","0","0","10.1016/j.sasc.2025.200373","https://www.scopus.com/inward/record.uri?eid=2-s2.0-105012947038&doi=10.1016%2Fj.sasc.2025.200373&partnerID=40&md5=a53d4eb642384039b5808d9f3f147a04","Article","Final","All Open Access; Gold Open Access","Scopus","2-s2.0-105012947038"
"León, D.C.; Cano-Sierra, L.; Reyes-Rivera, M.-J.; Forero-García, S.L.; García-Padilla, D.; Abitbol, P.; Lopez-Lopez, W.","León, Diana Carolina Rubio (56491243500); Cano-Sierra, Laura (59360499800); Reyes-Rivera, María Juliana (59361500800); Forero-García, Sara Lucía (59360833800); García-Padilla, Dennys (58145290800); Abitbol, Pablo (58145499200); Lopez-Lopez, Wilson (58547918000)","56491243500; 59360499800; 59361500800; 59360833800; 58145290800; 58145499200; 58547918000","“The professionals weren’t from here”: provision of mental health services in the context of the Colombian armed conflict","2025","Archives of Public Health","83","1","123","","","0","0","10.1186/s13690-025-01561-z","https://www.scopus.com/inward/record.uri?eid=2-s2.0-105004426668&doi=10.1186%2Fs13690-025-01561-z&partnerID=40&md5=737db3d8b328a3d7e218be8683ddb1e6","Article","Final","All Open Access; Gold Open Access; Green Accepted Open Access; Green Open Access","Scopus","2-s2.0-105004426668"
"Díaz-Mendoza, C.; Mouthón-Bello, J.; Botero, C.M.; Acevedo-Barrios, R.; Gutierrez, L.","Díaz-Mendoza, Claudia (55258973100); Mouthón-Bello, Javier A. (8693393400); Botero, Camilo M. (55851674100); Acevedo-Barrios, R. L. (56674579200); Gutierrez, Leonardo A. (35186188000)","55258973100; 8693393400; 55851674100; 56674579200; 35186188000","Microbiological analysis of cigarette butts and cigarette butt fibers on a tourist beach in Cartagena, Colombia","2025","Scientific Reports","15","1","14510","","","0","1","10.1038/s41598-025-91488-w","https://www.scopus.com/inward/record.uri?eid=2-s2.0-105003811483&doi=10.1038%2Fs41598-025-91488-w&partnerID=40&md5=0f936df5c795b48cee4cfe804bac1dcf","Article","Final","All Open Access; Gold Open Access; Green Accepted Open Access; Green Open Access","Scopus","2-s2.0-105003811483"
"Cordeiro, S.G.F.; Birro, T.V.; Quispe Rodríguez, R.Q.; de Albuquerque, E.L.; Campos, L.S.; Vivero, J.F.U.; Paroissien, É.; Aufray, M.; Lachaud, F.","Cordeiro, Sergio Gustavo Ferreira (56277871900); Birro, Thiago V. (57217165394); Quispe Rodríguez, René Quispe (55014207300); de Albuquerque, Eder Lima (57214163750); Campos, Lucas Silveira (57194159814); Vivero, Jairo Francisco Useche (60107868800); Paroissien, Éric (16231226800); Aufray, Maëlenn (15924862300); Lachaud, Frédéric A. (55942789400)","56277871900; 57217165394; 55014207300; 57214163750; 57194159814; 60107868800; 16231226800; 15924862300; 55942789400","Comparative analysis of adhesive debonding in three-point bending tests using boundary element methods: Coupled criterion versus interface damage model","2025","Engineering Analysis with Boundary Elements","180","","106474","","","0","0","10.1016/j.enganabound.2025.106474","https://www.scopus.com/inward/record.uri?eid=2-s2.0-105016551055&doi=10.1016%2Fj.enganabound.2025.106474&partnerID=40&md5=c64c638aacbc0f5f7830883363d36ef5","Article","Final","","Scopus","2-s2.0-105016551055"
"Narváez, A.; Useche, J.","Narváez, Alexander J. (57224404584); Useche, J. F. (24537991200)","57224404584; 24537991200","Fast computation of 3D domain integrals in boundary element methods using meshless integration methods: Application to Poisson's equation","2025","Engineering Analysis with Boundary Elements","179","","106430","","","0","0","10.1016/j.enganabound.2025.106430","https://www.scopus.com/inward/record.uri?eid=2-s2.0-105013839047&doi=10.1016%2Fj.enganabound.2025.106430&partnerID=40&md5=f48ef3ce363dbec7d0903f9bcce922e5","Article","Final","","Scopus","2-s2.0-105013839047"
"Patiño, A.; Guevara, C.R.; Pereira-Batista, E.; Coronado-Hernández, O.E.; Fuertes-Miquel, V.S.","Patiño, Alberto (57190688459); Guevara, Carlos R.Payares (57219506381); Pereira-Batista, Enrique (60114942300); Coronado-Hernández, Oscar E. (57193337460); Fuertes-Miquel, Vicente S. (6507312882)","57190688459; 57219506381; 60114942300; 57193337460; 6507312882","Analytical Modelling of Water Pipeline Start-Up Processes","2025","Fluids","10","9","242","","","0","0","10.3390/fluids10090242","https://www.scopus.com/inward/record.uri?eid=2-s2.0-105017060801&doi=10.3390%2Ffluids10090242&partnerID=40&md5=56d382102c076bc77c08d6a0d47f7d75","Article","Final","All Open Access; Gold Open Access","Scopus","2-s2.0-105017060801"
"Martínez-Trespalacios, J.A.; Barile, D.A.; Millan-Gandara, J.L.; Useche, J.; Otero, A.D.","Martínez-Trespalacios, J. A. (57218161727); Barile, D. A. (58401819600); Millan-Gandara, John L. (60092820800); Useche, J. F. (24537991200); Otero, Alejandro D. (36729619200)","57218161727; 58401819600; 60092820800; 24537991200; 36729619200","Combined Effect of ABL Profile and Rotation in Wind Turbine Wakes: New Three-Dimensional Wake Mode","2025","Energies","18","17","4726","","","0","0","10.3390/en18174726","https://www.scopus.com/inward/record.uri?eid=2-s2.0-105015372289&doi=10.3390%2Fen18174726&partnerID=40&md5=c65322464a38c0de2fc7ca7785c6705f","Article","Final","All Open Access; Gold Open Access","Scopus","2-s2.0-105015372289"
"Benjumea, E.; Vargas, R.; Quintero, F.; Juarez-Salazar, R.; Marrugo, A.G.","Benjumea, Eberto (57195681584); Vargas, Raúl (57117284600); Quintero, Fernando J. (57221475394); Juarez-Salazar, Rigoberto (35784596800); Marrugo, Andrés G. (24329839300)","57195681584; 57117284600; 57221475394; 35784596800; 24329839300","Calibration of multimodal 3D structured-light systems using digital features","2025","Applied Optics","64","25","","7333","7343","0","0","10.1364/AO.569536","https://www.scopus.com/inward/record.uri?eid=2-s2.0-105014601429&doi=10.1364%2FAO.569536&partnerID=40&md5=39b8f0661c079ccd0c944649aa7592a9","Article","Final","","Scopus","2-s2.0-105014601429"
"Yepez, D.B.; Sierra-Porta, D.; Aguas, L.M.; Jattin, F.M.","Yepez, Deiby Boneu (59952122700); Sierra-Porta, D. (57191333650); Aguas, Liz Morales (59952159100); Jattin, Fernando Manzur (57488328300)","59952122700; 57191333650; 59952159100; 57488328300","Optimizing treatment to control LDL cholesterol using machine learning","2025","Computers in Biology and Medicine","195","","110599","","","0","0","10.1016/j.compbiomed.2025.110599","https://www.scopus.com/inward/record.uri?eid=2-s2.0-105008430466&doi=10.1016%2Fj.compbiomed.2025.110599&partnerID=40&md5=94acd2078200d499e13dbbc00993cb73","Article","Final","","Scopus","2-s2.0-105008430466"
"Bustamante Visbal, J.P.; Ortega-Toro, R.; Hernández-Fernández, J.A.","Bustamante Visbal, Juan Pablo (60074688200); Ortega-Toro, Rodrigo (59662798800); Hernández-Fernández, Joaquín Alejandro (57210432772)","60074688200; 59662798800; 57210432772","Application of Risk Management in Applied Engineering Projects in a Petrochemical Plant Producing Polyvinyl Chloride in Cartagena, Colombia","2025","ChemEngineering","9","4","75","","","0","0","10.3390/chemengineering9040075","https://www.scopus.com/inward/record.uri?eid=2-s2.0-105014344453&doi=10.3390%2Fchemengineering9040075&partnerID=40&md5=9d851ada5e1f83da2aac944c25e03166","Article","Final","All Open Access; Gold Open Access","Scopus","2-s2.0-105014344453"
"Juarez-Salazar, R.; Vega, F.; Esquivel-Hernandez, S.; Diaz-Ramirez, V.H.; Marrugo, A.G.","Juarez-Salazar, Rigoberto (35784596800); Vega, Fabio Andrés Varón (55571476800); Esquivel-Hernandez, Sofia (57315334200); Diaz-Ramirez, Victor H. (8855846100); Marrugo, Andrés G. (24329839300)","35784596800; 55571476800; 57315334200; 8855846100; 24329839300","Phase feedback fringe projection profilometry for shiny objects","2025","Optics and Lasers in Engineering","191","","109013","","","0","1","10.1016/j.optlaseng.2025.109013","https://www.scopus.com/inward/record.uri?eid=2-s2.0-105002153102&doi=10.1016%2Fj.optlaseng.2025.109013&partnerID=40&md5=5c4a7db735c5847fc0faef7600f1cc37","Article","Final","","Scopus","2-s2.0-105002153102"
"de la Ossa, E.D.; Quintana, C.A.P.; Zuleta, L.P.; Romero, V.A.","de la Ossa, Elsy Domínguez (57223851529); Quintana, Camilo Andrés Pastrana (60144692500); Zuleta, Linda Pérez (60144606400); Romero, Valeri Arrieta (60144606500)","57223851529; 60144692500; 60144606400; 60144606500","Narratives about the implementation of a psychosocial care program for survivors of the Colombian armed conflict; Narrativas de los funcionarios de un programa de atención psicosocial a sobrevivientes del conflicto armado colombiano","2025","Interdisciplinaria","42","2","","553","576","0","0","10.16888/interd.2025.42.2.26","https://www.scopus.com/inward/record.uri?eid=2-s2.0-105018948069&doi=10.16888%2Finterd.2025.42.2.26&partnerID=40&md5=28ef15cedf401b74b892231c273bd904","Article","Final","","Scopus","2-s2.0-105018948069"
"Rodas-Vera, N.M.; Yucra-Camposano, J.; Jeison David, J.D.; de la Cruz, E.B.","Rodas-Vera, Nikolai Martin (57210914020); Yucra-Camposano, Jennifer Fiorella (57694618300); Jeison David, Neira Salas (59497527300); de la Cruz, Eddy Barrera (60144270000)","57210914020; 57694618300; 59497527300; 60144270000","The freedom in Couple Relationship Scale: Initial validation in Peruvian women; Escala de Libertad en la Relación de Pareja: Validación inicial en mujeres peruanas","2025","Interdisciplinaria","42","2","","507","530","0","0","10.16888/interd.2025.42.2.24","https://www.scopus.com/inward/record.uri?eid=2-s2.0-105018947048&doi=10.16888%2Finterd.2025.42.2.24&partnerID=40&md5=0c336711f8c0d850b8826ed4299f9e5a","Article","Final","","Scopus","2-s2.0-105018947048"
"Monroy-Licht, A.; Martínez-Burgos, W.J.; De Carvalho, J.C.; Cavali, M.; Woiciechowski, A.L.; Karp, S.G.; Soccol, C.R.; De la Parra-Guerra, A.C.; Pozzan, R.; Acevedo-Barrios, R.","Monroy-Licht, Andrea (57456149600); Martínez-Burgos, Walter José (57210159813); De Carvalho, Júlio Cesar (9244670900); Cavali, Matheus (57215494996); Woiciechowski, A. L. (6507125714); Karp, Susan Grace (23989173100); Soccol, Carlos Ricardo (7004252959); De la Parra-Guerra, A. C. (57192208583); Pozzan, Roberta (58790949200); Acevedo-Barrios, R. L. (56674579200)","57456149600; 57210159813; 9244670900; 57215494996; 6507125714; 23989173100; 7004252959; 57192208583; 58790949200; 56674579200","Biological approaches to mitigate heavy metal pollution from battery production effluents: advances, challenges, and perspectives","2025","Environmental Science and Pollution Research","32","35","","20844","20878","0","0","10.1007/s11356-025-36792-8","https://www.scopus.com/inward/record.uri?eid=2-s2.0-105015050458&doi=10.1007%2Fs11356-025-36792-8&partnerID=40&md5=8a0c7983a34290785cd13b56eb5f2cbf","Review","Final","All Open Access; Green Accepted Open Access; Green Open Access; Hybrid Gold Open Access","Scopus","2-s2.0-105015050458"
"Fábregas Villegas, J.F.; Palencia Díaz, A.P.","Fábregas Villegas, Jonathan (57353034200); Palencia Díaz, Argemiro (56801043600)","57353034200; 56801043600","The significance of clean energy, education, and environmental management in fostering a sustainable future","2025","Global Journal of Environmental Science and Management","11","3","","1001","1018","0","0","10.22034/gjesm.2025.03.08","https://www.scopus.com/inward/record.uri?eid=2-s2.0-105014804906&doi=10.22034%2Fgjesm.2025.03.08&partnerID=40&md5=1536cba7a00acf314057158d0ac48c14","Article","Final","","Scopus","2-s2.0-105014804906"
"Díaz-Mendoza, C.; Mouthón-Bello, J.; Botero, C.M.; Villegas, J.V.; Gutierrez, L.","Díaz-Mendoza, Claudia (55258973100); Mouthón-Bello, Javier A. (8693393400); Botero, Camilo M. (55851674100); Villegas, Juan Valdelamar (60032159700); Gutierrez, Leonardo A. (35186188000)","55258973100; 8693393400; 55851674100; 60032159700; 35186188000","Temporal analysis of cigarette butt accumulation on a touristic beach in Cartagena, Colombia","2025","Environmental Science and Pollution Research","32","33","","19712","19724","0","0","10.1007/s11356-025-36752-2","https://www.scopus.com/inward/record.uri?eid=2-s2.0-105012767262&doi=10.1007%2Fs11356-025-36752-2&partnerID=40&md5=ef6c31d253c8cb45dfae0199fae0c054","Article","Final","All Open Access; Hybrid Gold Open Access","Scopus","2-s2.0-105012767262"
"Figueroa, M.G.; Acevedo, D.D.H.; Sierra-Porta, D.","Figueroa, Mauro González (60016883200); Acevedo, D. D.Herrera (58544189400); Sierra-Porta, D. (57191333650)","60016883200; 58544189400; 57191333650","Geomagnetic disturbances and grid vulnerability: Correlating storm intensity with power system failures","2025","PLOS ONE","20","7 July","e0327716","","","0","0","10.1371/journal.pone.0327716","https://www.scopus.com/inward/record.uri?eid=2-s2.0-105011838057&doi=10.1371%2Fjournal.pone.0327716&partnerID=40&md5=4fe854b08b8c480f00d5139c7277801d","Article","Final","All Open Access; Gold Open Access; Green Accepted Open Access; Green Open Access","Scopus","2-s2.0-105011838057"
"Gómez-Reyes, F.M.; Catalá-Pérez, D.; Miguel-Molina, M.D.; Manrique-Hernandez, J.","Gómez-Reyes, Flor Marleny (59998877700); Catalá-Pérez, Daniel (57217227781); Miguel-Molina, María De (59998979600); Manrique-Hernandez, Johanna (58906104700)","59998877700; 57217227781; 59998979600; 58906104700","COMPARATIVE ANALYSIS OF THE IMPACT OF CULTURAL AND CREATIVE INDUSTRIES ON GDP AND EMPLOYMENT: A CASE STUDY OF GERMANY AND SPAIN; Análise comparativa do impacto das indústrias culturais e criativas no PIB e no emprego: um estudo de caso da Alemanha e da Espanha; Análisis comparativo del impacto de las industrias culturales y creativas en el PIB y el empleo: un estudio de caso de Alemania y España","2025","Revista de Economia Institucional","27","53","","297","337","0","0","10.18601/01245996.v27n53.12","https://www.scopus.com/inward/record.uri?eid=2-s2.0-105010776140&doi=10.18601%2F01245996.v27n53.12&partnerID=40&md5=e32b7001e3cbe00a7b844930f540b7cc","Article","Final","All Open Access; Gold Open Access","Scopus","2-s2.0-105010776140"
"Cohen-Manrique, C.S.; Villa-Ramírez, J.L.; Camacho-Leon, S.; Solano-Correa, Y.T.; Alvarez-Month, A.A.; Coronado-Hernández, O.E.","Cohen-Manrique, Carlos (57203340249); Villa-Ramírez, José Luis (59985633600); Camacho-Leon, Sergio (36974988200); Solano-Correa, Yady Tatiana (57156565000); Alvarez-Month, Alex A. (59300326000); Coronado-Hernández, Oscar E. (57193337460)","57203340249; 59985633600; 36974988200; 57156565000; 59300326000; 57193337460","Simulation and Optimisation Using a Digital Twin for Resilience-Based Management of Confined Aquifers","2025","Water (Switzerland)","17","13","1973","","","0","0","10.3390/w17131973","https://www.scopus.com/inward/record.uri?eid=2-s2.0-105010313315&doi=10.3390%2Fw17131973&partnerID=40&md5=58a5e372075e6d2ebbd5e0de03be5d65","Article","Final","","Scopus","2-s2.0-105010313315"
"Acevedo, J.M.; Romaña, S.; de Jesus Arias Cantillo, R.","Acevedo, Jeovanny Muentes (57350116000); Romaña, Sergio (57217530823); de Jesus Arias Cantillo, Raibel (58032467600)","57350116000; 57217530823; 58032467600","Density of the Level Sets of the Metric Mean Dimension for Homeomorphisms","2025","Journal of Dynamics and Differential Equations","37","2","","1965","1978","0","1","10.1007/s10884-023-10344-5","https://www.scopus.com/inward/record.uri?eid=2-s2.0-85184473223&doi=10.1007%2Fs10884-023-10344-5&partnerID=40&md5=c9290ecbdc58c71dd79d55b3323db39e","Article","Final","All Open Access; Hybrid Gold Open Access","Scopus","2-s2.0-85184473223"
"Medina-Reyes, M.F.; Fajardo Cuadro, J.G.; Martinez-Santos, J.C.","Medina-Reyes, María Fernanda (57221229836); Fajardo Cuadro, Juan Gabriel (56581610900); Martinez-Santos, Juan Carlos (26325154200)","57221229836; 56581610900; 26325154200","DRIVING THE DEVELOPMENT OF ENERGY COMMUNITIES IN COLOMBIA: CHALLENGES AND OPPORTUNITIES FOR A DECENTRALIZED ENERGY TRANSITION; ESTÍMULO AO DESENVOLVIMENTO DE COMUNIDADES ENERGÉTICAS NA COLÔMBIA: DESAFIOS E OPORTUNIDADES PARA UMA TRANSIÇÃO ENERGÉTICA DESCENTRALIZADA; IMPULSANDO COMUNIDADES ENERGÉTICAS EN COLOMBIA: RETOS Y OPORTUNIDADES PARA UNA TRANSICIÓN ENERGÉTICA DESCENTRALIZADA","2025","Habitat Sustentable","15","1","","10","19","0","0","10.22320/07190700.2025.15.01.01","https://www.scopus.com/inward/record.uri?eid=2-s2.0-105010266217&doi=10.22320%2F07190700.2025.15.01.01&partnerID=40&md5=113e516e14b67bd9b1d660bb87a37f81","Article","Final","All Open Access; Gold Open Access","Scopus","2-s2.0-105010266217"
"Coronado-Hernández, O.E.; Méndez-Anillo, R.D.; Saba, M.","Coronado-Hernández, Oscar E. (57193337460); Méndez-Anillo, Rafael D. (57903699900); Saba, Manuel (57200521421)","57193337460; 57903699900; 57200521421","Assessment of Baseflow Separation Methods Used in the Estimations of Design-Related Storm Hydrographs Across Various Return Periods","2025","Hydrology","12","6","158","","","0","0","10.3390/hydrology12060158","https://www.scopus.com/inward/record.uri?eid=2-s2.0-105009263283&doi=10.3390%2Fhydrology12060158&partnerID=40&md5=9639a21b132f0f28330dcfa136ab23cd","Article","Final","All Open Access; Gold Open Access","Scopus","2-s2.0-105009263283"
"Guevara, C.R.; Patiño, A.; Pereira Batista, E.; Coronado-Hernández, O.E.; Fuertes-Miquel, V.S.","Guevara, Carlos R.Payares (57219506381); Patiño, Alberto (57190688459); Pereira Batista, Enrique (57189892062); Coronado-Hernández, Oscar E. (57193337460); Fuertes-Miquel, Vicente S. (6507312882)","57219506381; 57190688459; 57189892062; 57193337460; 6507312882","An Analytical Model for the Prediction of Emptying Processes in Single Water Pipelines","2025","Applied Sciences (Switzerland)","15","11","6000","","","0","1","10.3390/app15116000","https://www.scopus.com/inward/record.uri?eid=2-s2.0-105007728920&doi=10.3390%2Fapp15116000&partnerID=40&md5=46ae510ccf8d0f913176348649f9cf21","Article","Final","All Open Access; Gold Open Access","Scopus","2-s2.0-105007728920"
"Rios, Y.Y.; Acevedo-Patĩno, O.; García, L.L.","Rios, Y. Yuliana (57204642964); Acevedo-Patĩno, Oscar (57197327858); García, Luis Luis (58399544800)","57204642964; 57197327858; 58399544800","Robot swarm aggregation using an improved Beeclust method","2025","International Journal of Intelligent Robotics and Applications","9","2","","804","814","0","0","10.1007/s41315-025-00442-6","https://www.scopus.com/inward/record.uri?eid=2-s2.0-105004180695&doi=10.1007%2Fs41315-025-00442-6&partnerID=40&md5=7920f7b47bd940903e14410f5a4a56dd","Article","Final","","Scopus","2-s2.0-105004180695"
"Castilla-Caballero, D.; Medina-Guerrero, A.; Hernández-Ramírez, A.; Vazquez-Rodriguez, S.; Colina-Márquez, J.; Machuca-Martínez, F.; Barraza-Burgos, J.; Roa-Espinosa, A.; Gunasekaran, S.","Castilla-Caballero, Deyler Rafael (57024211000); Medina-Guerrero, Astrid (59351819200); Hernández-Ramírez, A. (57199644727); Vazquez-Rodriguez, Sofia (56000886200); Colina-Márquez, José A. (23484999200); Machuca-Martínez, Fiderman (35488117500); Barraza-Burgos, Juan Manuel (57204866197); Roa-Espinosa, Aicardo (6506275757); Gunasekaran, Sundaram (7101998337)","57024211000; 59351819200; 57199644727; 56000886200; 23484999200; 35488117500; 57204866197; 6506275757; 7101998337","Use of a 416B-type central-hybrid experimental design to evaluate the synthesis conditions of TiO2/biochar composites on the solid-state photocatalytic degradation of polypropylene-plastic films","2025","Applied Catalysis A: General","697","","120196","","","0","0","10.1016/j.apcata.2025.120196","https://www.scopus.com/inward/record.uri?eid=2-s2.0-86000303183&doi=10.1016%2Fj.apcata.2025.120196&partnerID=40&md5=8747c57fb94f1cdf9066babd369a7432","Article","Final","","Scopus","2-s2.0-86000303183"
"Moreno-Bohorquez, E.; Arias Tapia, M.J.; Martinez Villadiego, K.; Rhenals-Julio, J.D.; Jaramillo, A.F.","Moreno-Bohorquez, Elizabeth (59919102900); Arias Tapia, Mary Judith (57219403758); Martinez Villadiego, Keydis (57219398941); Rhenals-Julio, Jesús D. (58181121400); Jaramillo, Andrés Felipe (56927920300)","59919102900; 57219403758; 57219398941; 58181121400; 56927920300","Effect of Starch Variety and Environmental Conditions on the Aerobic Biodegradation of Citric Acid-Compatibilized Thermoplastic Starch/Polylactic Acid Blends","2025","Polymers","17","10","1295","","","0","0","10.3390/polym17101295","https://www.scopus.com/inward/record.uri?eid=2-s2.0-105006705355&doi=10.3390%2Fpolym17101295&partnerID=40&md5=84cb8b0e5da5457c0023f21641b5e931","Article","Final","All Open Access; Gold Open Access; Green Accepted Open Access; Green Open Access","Scopus","2-s2.0-105006705355"
"Diaz-Granados, M.S.C.; Prieto Flórez, J.M.","Diaz-Granados, Meliyara Sirex Consuegra (59973080700); Prieto Flórez, Javier Mauricio (59972919000)","59973080700; 59972919000","Assessing Innovative Performance Through Absorptive Capacity by Introducing Organizational Characteristics; Avaliação do desempenho inovador por meio da capacidade de absorção com a introdução de características organizacionais; Evaluación del desempeño innovador a través de la capacidad de absorción introduciendo características organizacionales","2025","Estudios Gerenciales","41","174","","66","77","0","0","10.18046/j.estger.2025.174.6974","https://www.scopus.com/inward/record.uri?eid=2-s2.0-105009627396&doi=10.18046%2Fj.estger.2025.174.6974&partnerID=40&md5=7eb78e7345cb5230afafeb90634184f3","Article","Final","","Scopus","2-s2.0-105009627396"
"Díaz, N.; Peñaloza, Y.C.; Rios, Y.Y.; Martinez-Santos, J.C.; Puertas, E.","Díaz, Nicolás Hernández (57220077564); Peñaloza, Yersica C. (57580976200); Rios, Y. Yuliana (57204642964); Martinez-Santos, Juan Carlos (26325154200); Puertas, Edwin (57202285682)","57220077564; 57580976200; 57204642964; 26325154200; 57202285682","A computer vision system for detecting motorcycle violations in pedestrian zones","2025","Multimedia Tools and Applications","84","13","","12659","12682","0","0","10.1007/s11042-024-19356-9","https://www.scopus.com/inward/record.uri?eid=2-s2.0-105004062939&doi=10.1007%2Fs11042-024-19356-9&partnerID=40&md5=1ccf998d5d7ee209a8522b6ff70996de","Article","Final","All Open Access; Hybrid Gold Open Access","Scopus","2-s2.0-105004062939"
"van der Werf, J.A.; Pons, V.; Smyth, K.; Shi, B.; Lechevallier, P.; Abdalla, E.M.H.; Andrusenko, E.; Broekhuizen, I.; Cavadini, G.B.; Cortés Moreno, A.F.; Cristiano, E.; D'Ambrosio, R.; Droste, A.M.; Evangelisti, M.; Fernandes, G.; Garzón, A.; Girot, E.; Guericke, L.; Liao, W.; Mazzoglio, P.; Mittal, A.; Müller, A.; Naves, J.; Oberascher, M.; Okwori, E.; Perez-Alvarino, J.I.; Pritsis, S.; Regueiro-Picallo, M.; Roghani, B.; Taguchi, V.J.; Wani, O.; Wei, H.; Yıldızlı, T.; Yerima, H.Z.","van der Werf, Job Augustijn (57225973989); Pons, Vincent (57349741100); Smyth, Kelsey (57211936252); Shi, Baiqian (57208246976); Lechevallier, Pierre (57984284700); Abdalla, Elhadi Mohsen Hassan (57220746816); Andrusenko, Ekaterina (59753308600); Broekhuizen, Ico (57210820549); Cavadini, Giovan Battista (57224127796); Cortés Moreno, A. F. (59753238300); Cristiano, Elena (56912078400); D'Ambrosio, R. (58492304700); Droste, A. M. (57195756360); Evangelisti, Margherita (58803569100); Fernandes, Gersende (57562456100); Garzón, Alexander (57219891423); Girot, E. (59753220200); Guericke, Lukas (59287801300); Liao, W. (59753308700); Mazzoglio, Paola (57217288568); Mittal, Aashna (57491157100); Müller, Alexandra (57208752212); Naves, Juan (57193067692); Oberascher, Martin (57209278227); Okwori, E. Jenkeri (57222085297); Perez-Alvarino, J. I. (59753238400); Pritsis, Spyros (59260490900); Regueiro-Picallo, Manuel A. (57193069030); Roghani, Bardia (57202199670); Taguchi, Vinicius J. (57204198791); Wani, Omar (57194333400); Wei, Haoyu (57221471086); Yıldızlı, T. (59753220300); Yerima, H. Z. (59753238500)","57225973989; 57349741100; 57211936252; 57208246976; 57984284700; 57220746816; 59753308600; 57210820549; 57224127796; 59753238300; 56912078400; 58492304700; 57195756360; 58803569100; 57562456100; 57219891423; 59753220200; 59287801300; 59753308700; 57217288568; 57491157100; 57208752212; 57193067692; 57209278227; 57222085297; 59753238400; 59260490900; 57193069030; 57202199670; 57204198791; 57194333400; 57221471086; 59753220300; 59753238500","Flooded with potential: urban drainage science as seen by early-career researchers","2025","Water Science and Technology","91","7","","861","875","0","1","10.2166/wst.2025.045","https://www.scopus.com/inward/record.uri?eid=2-s2.0-105003513270&doi=10.2166%2Fwst.2025.045&partnerID=40&md5=6f2bd5a9b9b813ee439adf16f335985f","Article","Final","All Open Access; Gold Open Access; Green Accepted Open Access; Green Open Access","Scopus","2-s2.0-105003513270"
"Garcés-Prettel, M.G.","Garcés-Prettel, Miguel Efrén (57193012270)","57193012270","Guidance for generative AI in education and research. A critical review; Guía para el uso de IA generativa en educación e investigación. Una reseña crítica","2025","Educacion Matematica","37","1","","241","242","0","0","10.24844/EM3701.09","https://www.scopus.com/inward/record.uri?eid=2-s2.0-105002746333&doi=10.24844%2FEM3701.09&partnerID=40&md5=703dd230f4a039d7d951424fe9202266","Review","Final","All Open Access; Gold Open Access","Scopus","2-s2.0-105002746333"
"Arteta, C.A.; Piedrahita, J.; Segura, C.L.","Arteta, C. A. (56955461100); Piedrahita, Jefferson Marulanda (58917134900); Segura, Christopher L. (56625674300)","56955461100; 58917134900; 56625674300","Autoregularized Model of Compressive Behavior of Structural Wall Boundary Elements","2025","ACI Structural Journal","122","2","","87","100","0","0","10.14359/51743302","https://www.scopus.com/inward/record.uri?eid=2-s2.0-86000354258&doi=10.14359%2F51743302&partnerID=40&md5=48d391dc1b42d191b8308b0526933ad0","Article","Final","","Scopus","2-s2.0-86000354258"
"Dominguez-Jimenez, J.A.; Henao, N.; Duque, A.; Agbossou, K.; Campillo, J.; Rueda, L.","Dominguez-Jimenez, J. A. (56682770100); Henao, Nilson (55366621800); Duque, Alejandro (57211325566); Agbossou, Kodjo A. (56238417000); Campillo, Javier E. (55609096600); Rueda, Luis (57202046718)","56682770100; 55366621800; 57211325566; 56238417000; 55609096600; 57202046718","Risk-aware distributed chance constrained energy coordination in energy communities","2025","Energy","318","","134778","","","0","0","10.1016/j.energy.2025.134778","https://www.scopus.com/inward/record.uri?eid=2-s2.0-85217216982&doi=10.1016%2Fj.energy.2025.134778&partnerID=40&md5=e411d1567824446409acde61ec0c5c68","Article","Final","","Scopus","2-s2.0-85217216982"
"Sierra-Porta, D.","Sierra-Porta, D. (57191333650)","57191333650","Characterizing long-term cosmic ray time series with geometric network curvature metrics","2025","Journal of Atmospheric and Solar-Terrestrial Physics","268","","106418","","","0","0","10.1016/j.jastp.2025.106418","https://www.scopus.com/inward/record.uri?eid=2-s2.0-85214707412&doi=10.1016%2Fj.jastp.2025.106418&partnerID=40&md5=386405d4b73a7aa68622664225dcee08","Article","Final","","Scopus","2-s2.0-85214707412"
"Acevedo-Barrios, R.; Puentes Martinez, D.A.; Hernández Rocha, I.O.; Rubiano-Labrador, C.; De la Parra-Guerra, A.C.; Carranza-Lopez, L.; Monroy-Licht, A.; Leal, M.A.; Tovar Rodríguez, D.","Acevedo-Barrios, R. L. (56674579200); Puentes Martinez, Dainis A. (58751512700); Hernández Rocha, Isis O. (58733769700); Rubiano-Labrador, Carolina (55649334800); De la Parra-Guerra, A. C. (57192208583); Carranza-Lopez, Liliana (57190434346); Monroy-Licht, Andrea (57456149600); Leal, Maria Angélica (58310191500); Tovar Rodríguez, David F. (58310000000)","56674579200; 58751512700; 58733769700; 55649334800; 57192208583; 57190434346; 57456149600; 58310191500; 58310000000","Perchlorate in antarctica, origin, effects, treatments, environmental fate, and astrobiological perspectives: a review","2025","International Journal of Environmental Science and Technology","22","5","102088","3855","3872","0","4","10.1007/s13762-024-06004-w","https://www.scopus.com/inward/record.uri?eid=2-s2.0-85203247315&doi=10.1007%2Fs13762-024-06004-w&partnerID=40&md5=c62a115e445ecb939305acdcf7080291","Review","Final","All Open Access; Hybrid Gold Open Access","Scopus","2-s2.0-85203247315"
"Mothes, C.; Mellado, C.; Boudana, S.; Himma, M.; Nolan, D.; McIntyre, K.; Kozman, C.; Hallin, D.C.; Amiel, P.; Brin, C.; Katherine Chen, Y.-N.; Davydov, S.; de Maio, M.; Dingerkus, F.; El-Ibiary, R.; Frías-Vázquez, M.; Glück, A.; Garcés-Prettel, M.G.; Luisa Humanes, M.; Lecheler, S.; Lee, M.; I-Hsuan Lin, C.; Márquez-Ramírez, M.; Maza-Cordova, J.; Mazzoni, M.; Mick, J.; Milojević, A.; Navarro, C.; Olivera, D.; Pizarro, M.; Quinn, F.; Sarasqueta, G.; Skjerdal, T.; Stepińska, A.; Szabó, G.; van Leuven, S.","Mothes, Cornelia (56600541200); Mellado, Claudia (24504020400); Boudana, Sandrine (36095923800); Himma, Marju (58839009700); Nolan, David J. (7103352200); McIntyre, Karen Elizabeth (57189991616); Kozman, Claudia (57193141636); Hallin, Daniel C. (7801380370); Amiel, Pauline (57206723562); Brin, Colette (36442305400); Katherine Chen, Yi Ning (57204428377); Davydov, Sergey G. (40461202600); de Maio, Mariana (57156173100); Dingerkus, Filip (57193154867); El-Ibiary, Rasha (54779725000); Frías-Vázquez, Maximiliano (57211939466); Glück, Antje (57189074192); Garcés-Prettel, Miguel Efrén (57193012270); Luisa Humanes, María (59182671600); Lecheler, Sophie K. (26036187400); Lee, Misook (57200427121); I-Hsuan Lin, Christi (57226167390); Márquez-Ramírez, Mireya (57193011223); Maza-Cordova, Jorge (57201524040); Mazzoni, Marco (55763033200); Mick, Jacques (57195683569); Milojević, Ana M. (55857868600); Navarro, Cristina (56372571900); Olivera, Dasniel (57195678713); Pizarro, Marcela F. (57223089108); Quinn, Fergal (57205486045); Sarasqueta, Gonzalo (57221460707); Skjerdal, Terje Steinulfsson (35249359100); Stepińska, Agnieszka (55445081400); Szabó, Gabriella (43461961100); van Leuven, Sarah (41662325600)","56600541200; 24504020400; 36095923800; 58839009700; 7103352200; 57189991616; 57193141636; 7801380370; 57206723562; 36442305400; 57204428377; 40461202600; 57156173100; 57193154867; 54779725000; 57211939466; 57189074192; 57193012270; 59182671600; 26036187400; 57200427121; 57226167390; 57193011223; 57201524040; 55763033200; 57195683569; 55857868600; 56372571900; 57195678713; 57223089108; 57205486045; 57221460707; 35249359100; 55445081400; 43461961100; 41662325600","Spurring or Blurring Professional Standards? The Role of Digital Technology in Implementing Journalistic Role Ideals in Contemporary Newsrooms","2025","Journalism and Mass Communication Quarterly","102","1","","88","119","0","6","10.1177/10776990241246692","https://www.scopus.com/inward/record.uri?eid=2-s2.0-85196638440&doi=10.1177%2F10776990241246692&partnerID=40&md5=d6d7676a04071fd8e11efdc6d6a31ad9","Article","Final","","Scopus","2-s2.0-85196638440"
"Perilla Granados, J.S.A.","Perilla Granados, Juan Sebastian Alejandro (57023375100)","57023375100","“Squatters”: The problematic constitutionalization of private property; “Okupas”: La problemática constitucionalización de la propiedad privada","2025","Onati Socio-Legal Series","15","1","","281","299","0","0","10.35295/osls.iisl/2140","https://www.scopus.com/inward/record.uri?eid=2-s2.0-85217828957&doi=10.35295%2Fosls.iisl%2F2140&partnerID=40&md5=c701a7c8b6d60ea6cf8b7971a9ab7790","Article","Final","All Open Access; Gold Open Access","Scopus","2-s2.0-85217828957"
"Filian-Haz, K.; Mendez-Ruiz, J.I.; Garcés-León, D.; Reveychuk, K.; Ma, L.; Melendez, J.R.; Díaz-Mendoza, C.; Cornelissen, E.; Valverde-Armas, P.E.; Gutierrez, L.","Filian-Haz, Karla (58618578800); Mendez-Ruiz, Jonathan I. (57945669000); Garcés-León, Daniel Omar (56648306100); Reveychuk, Kateryna (59658240900); Ma, Lingshan (57203189579); Melendez, Jesus R. (57211386314); Díaz-Mendoza, Claudia (55258973100); Cornelissen, Emile R. (15131229600); Valverde-Armas, Priscila E. (57209340713); Gutierrez, Leonardo A. (35186188000)","58618578800; 57945669000; 56648306100; 59658240900; 57203189579; 57211386314; 55258973100; 15131229600; 57209340713; 35186188000","The Effect of pH on Aniline Removal from Water Using Hydrophobic and Ion-Exchange Membranes","2025","Water (Switzerland)","17","4","547","","","0","1","10.3390/w17040547","https://www.scopus.com/inward/record.uri?eid=2-s2.0-85219053945&doi=10.3390%2Fw17040547&partnerID=40&md5=52a465449055363ea6914d7caaa3d3d4","Article","Final","All Open Access; Gold Open Access; Green Final Open Access; Green Open Access","Scopus","2-s2.0-85219053945"
"Cuadrado, J.; Martinez, E.; Martinez-Santos, J.C.; Puertas, E.","Cuadrado, Juan (57422728000); Martinez, Elizabeth (58459662800); Martinez-Santos, Juan Carlos (26325154200); Puertas, Edwin (57202285682)","57422728000; 58459662800; 26325154200; 57202285682","The media framing dataset: Analyzing news narratives in Mexico and Colombia","2025","Data in Brief","58","","111284","","","0","0","10.1016/j.dib.2025.111284","https://www.scopus.com/inward/record.uri?eid=2-s2.0-85215238378&doi=10.1016%2Fj.dib.2025.111284&partnerID=40&md5=ef894e9e07ee4f4e9d453b81e5d5e6fe","Data paper","Final","All Open Access; Gold Open Access; Green Accepted Open Access; Green Open Access","Scopus","2-s2.0-85215238378"
"Acevedo, D.D.H.; Sierra-Porta, D.","Acevedo, D. D.Herrera (58544189400); Sierra-Porta, D. (57191333650)","58544189400; 57191333650","Network structure and urban mobility sustainability: A topological analysis of cities from the urban mobility readiness index","2025","Sustainable Cities and Society","119","","106076","","","0","8","10.1016/j.scs.2024.106076","https://www.scopus.com/inward/record.uri?eid=2-s2.0-85213079490&doi=10.1016%2Fj.scs.2024.106076&partnerID=40&md5=4c1cc9583231128231f3ed40c4b33258","Article","Final","","Scopus","2-s2.0-85213079490"
"Muvdi, D.; Hernández, M.R.; Cifuentes, E.J.; Di Somma, A.; Chiappone, F.; Di Maro, V.; Martinez-Santos, J.C.; Puertas, E.","Muvdi, David (59679932300); Hernández, Mateo R. (59679279900); Cifuentes, Eiker J. (59679062200); Di Somma, Andrea (59679712000); Chiappone, Francesco (59680145600); Di Maro, Vicenzo (59680358200); Martinez-Santos, Juan Carlos (26325154200); Puertas, Edwin (57202285682)","59679932300; 59679279900; 59679062200; 59679712000; 59680145600; 59680358200; 26325154200; 57202285682","Mapping Motion: A Cognitive Approach to Dyspraxia Multimodal Analysis","2025","Lecture Notes in Computer Science","15277 LNCS","","","14","25","0","0","10.1007/978-3-031-80366-6_2","https://www.scopus.com/inward/record.uri?eid=2-s2.0-86000451627&doi=10.1007%2F978-3-031-80366-6_2&partnerID=40&md5=a13b5e0d370fbe7442d4c7f23ddd0022","Conference paper","Final","","Scopus","2-s2.0-86000451627"
"Dominguez-Monterrosa, A.; Jiménez, A.; Mateos Caballero, A.","Dominguez-Monterrosa, Andy Rafael (57200983451); Jiménez, Antonio (55974423000); Mateos Caballero, Alfonso (7007026485)","57200983451; 55974423000; 7007026485","Correlation Structure of the Spanish Stock Market Around COVID-19 Using Random Matrix Theory","2025","Computational Economics","","","","","","0","0","10.1007/s10614-024-10820-0","https://www.scopus.com/inward/record.uri?eid=2-s2.0-85217426568&doi=10.1007%2Fs10614-024-10820-0&partnerID=40&md5=119b5e09c622f6e37e371b585342ae64","Article","aip","","Scopus","2-s2.0-85217426568"
"Guerra-Carrera, L.; Jiménez-Castilla, T.; Segrera-Castilla, M.","Guerra-Carrera, Luisa (59519445400); Jiménez-Castilla, Tania I. (57204842254); Segrera-Castilla, Michael (57220069921)","59519445400; 57204842254; 57220069921","Cultural heritage, the environment and climate change: cultural damage from environmental deterioration in San Basilio de Palenque, Colombia","2025","Social Identities","31","3","","279","293","0","1","10.1080/13504630.2025.2453160","https://www.scopus.com/inward/record.uri?eid=2-s2.0-85215371893&doi=10.1080%2F13504630.2025.2453160&partnerID=40&md5=aee18d18e1ba5cde7aff73370deecb01","Article","Final","","Scopus","2-s2.0-85215371893"
"Sierra-Porta, D.","Sierra-Porta, D. (57191333650)","57191333650","Multifractal detrended cross-correlation coefficient for cosmic ray and sunspot time series","2025","Journal of Atmospheric and Solar-Terrestrial Physics","266","","106407","","","0","2","10.1016/j.jastp.2024.106407","https://www.scopus.com/inward/record.uri?eid=2-s2.0-85213083915&doi=10.1016%2Fj.jastp.2024.106407&partnerID=40&md5=f37097a912cf11071c08928fbe3684ba","Article","Final","","Scopus","2-s2.0-85213083915"
"Díaz-Mendoza, C.; Mouthón-Bello, J.; Botero, C.M.; Gutierrez, L.","Díaz-Mendoza, Claudia (55258973100); Mouthón-Bello, Javier A. (8693393400); Botero, Camilo M. (55851674100); Gutierrez, Leonardo A. (35186188000)","55258973100; 8693393400; 55851674100; 35186188000","Preliminary analysis of the presence of metals and metalloids in cigarette butts and fibers discarded on a tourist beach in Cartagena, Colombia","2025","Environmental Monitoring and Assessment","197","1","106","","","0","0","10.1007/s10661-024-13572-4","https://www.scopus.com/inward/record.uri?eid=2-s2.0-85213079633&doi=10.1007%2Fs10661-024-13572-4&partnerID=40&md5=92795655e57c4130d26f6c3de2744fce","Article","Final","","Scopus","2-s2.0-85213079633"
"Geney-Castro, E.R.; Vázquez-Miraz, P.","Geney-Castro, Elías (57427876200); Vázquez-Miraz, Pedro (57196040759)","57427876200; 57196040759","Interpersonal values associated with unfaithful behavior of higher education students in Cartagena de Indias; Valeurs interpersonnelles associées au comportement infidèle d’étudiants de l’enseignement supérieur à Carthagène des Indes; Valores interpessoais associados ao comportamento infiel de estudantes de ensino superior em Cartagena das Índias; Valores interpersonales asociados con la conducta infiel de estudiantes de educación superior en Cartagena de Indias","2025","Revista de Psicologia (Peru)","43","1","","438","459","0","0","10.18800/psico.202501.015","https://www.scopus.com/inward/record.uri?eid=2-s2.0-85212831235&doi=10.18800%2Fpsico.202501.015&partnerID=40&md5=24233290398cff9c3fed6bc2e2bea14d","Article","Final","All Open Access; Gold Open Access; Green Accepted Open Access; Green Open Access","Scopus","2-s2.0-85212831235"
"Revollo Carrillo, N.; Gutiérrez-Ruiz, K.; Iglesias-Rodriguez, T.; Lewis Harb, S.","Revollo Carrillo, Nelly (59476377800); Gutiérrez-Ruiz, Karol Patricia (57192930752); Iglesias-Rodriguez, Tania Jannethe (56389401800); Lewis Harb, Soraya (58254235500)","59476377800; 57192930752; 56389401800; 58254235500","Exploring the potential of Braingame Brian for executive function improvement in Spanish-speaking children with ADHD: A pilot study","2025","Neuropsychological Rehabilitation","35","8","","1570","1598","0","1","10.1080/09602011.2024.2439614","https://www.scopus.com/inward/record.uri?eid=2-s2.0-85212267636&doi=10.1080%2F09602011.2024.2439614&partnerID=40&md5=758a11a685b300863feed98453516bea","Article","Final","","Scopus","2-s2.0-85212267636"
"Sierra-Porta, D.","Sierra-Porta, D. (57191333650)","57191333650","Revised cross-correlation and time-lag between cosmic ray intensity and solar activity using Chatterjee's correlation coefficient","2025","Advances in Space Research","75","1","","1330","1342","0","1","10.1016/j.asr.2024.10.065","https://www.scopus.com/inward/record.uri?eid=2-s2.0-85209250813&doi=10.1016%2Fj.asr.2024.10.065&partnerID=40&md5=ccc7c05dec11eab3846f2aae13fd1920","Article","Final","All Open Access; Hybrid Gold Open Access","Scopus","2-s2.0-85209250813"
"Fang, M.M.E.; Fuentes-Aguilar, R.Q.; Rios, Y.Y.; Marrugo-Tobón, D.A.; Contreras-Ortiz, S.H.","Fang, Malorys M.Elles (59393472800); Fuentes-Aguilar, Rita Q. (57791717100); Rios, Y. Yuliana (57204642964); Marrugo-Tobón, Duvan Andres (57221469260); Contreras-Ortiz, Sonia H. (57210822856)","59393472800; 57791717100; 57204642964; 57221469260; 57210822856","Wrist Motion Pattern Recognition from EMG Signal Processing Using Machine Learning and Neural Networks","2025","Communications in Computer and Information Science","2222 CCIS","","","92","102","0","0","10.1007/978-3-031-74595-9_9","https://www.scopus.com/inward/record.uri?eid=2-s2.0-85208026562&doi=10.1007%2F978-3-031-74595-9_9&partnerID=40&md5=3d0b0f3d2427375ba9eb72df78056e03","Conference paper","Final","","Scopus","2-s2.0-85208026562"
"Villamizar, R.R.; Villa, J.L.","Villamizar, Rafael Rincon (59393751500); Villa, J. L. (7005142049)","59393751500; 7005142049","Improvement in the Management of Potable Water Distribution Using Data Science for the Detection and Correction of Errors in Operational Measurement Systems","2025","Communications in Computer and Information Science","2222 CCIS","","","82","91","0","0","10.1007/978-3-031-74595-9_8","https://www.scopus.com/inward/record.uri?eid=2-s2.0-85208015450&doi=10.1007%2F978-3-031-74595-9_8&partnerID=40&md5=aab3a8f8274480697ae96a7c61219d71","Conference paper","Final","","Scopus","2-s2.0-85208015450"
"Hernandez Morelo, A.P.; Romano Parra, J.F.; Orozco Rios, C.M.; Rangel Franco, N.; Elles Fang, M.M.; Contreras-Ortiz, S.H.","Hernandez Morelo, Abigail P. (59390626900); Romano Parra, Juan F. (59390729100); Orozco Rios, Christian M. (59390729200); Rangel Franco, Natalia (59390221400); Elles Fang, Malorys M. (59390627000); Contreras-Ortiz, Sonia H. (57210822856)","59390626900; 59390729100; 59390729200; 59390221400; 59390627000; 57210822856","Design of a Right-Hand Rehabilitation Orthosis","2025","Communications in Computer and Information Science","2223 CCIS","","","177","187","0","0","10.1007/978-3-031-74598-0_15","https://www.scopus.com/inward/record.uri?eid=2-s2.0-85207842768&doi=10.1007%2F978-3-031-74598-0_15&partnerID=40&md5=503ad17cc5af3e73068e96c226d076bc","Conference paper","Final","","Scopus","2-s2.0-85207842768"
"Hoyos, G.; Villa, J.L.","Hoyos, Gabriel (58069216700); Villa, J. L. (7005142049)","58069216700; 7005142049","Detection of Broken Bars in Three-Phase Electric Motors Using Current and Vibration Signals","2025","Communications in Computer and Information Science","2223 CCIS","","","188","199","0","2","10.1007/978-3-031-74598-0_16","https://www.scopus.com/inward/record.uri?eid=2-s2.0-85207831270&doi=10.1007%2F978-3-031-74598-0_16&partnerID=40&md5=819b49cf7ffda94acbe6d5e05e533ccd","Conference paper","Final","","Scopus","2-s2.0-85207831270"
"Jiménez, D.J.; Chaparro, D.; Sierra, F.; Custer, G.F.; Feuerriegel, G.; Chuvochina, M.; Díaz-García, L.; Mendes, L.W.; Ortega Santiago, Y.P.; Rubiano-Labrador, C.; Salcedo Galán, F.; Streit, W.R.; Dini-Andreote, F.; Reyes-Muñoz, A.; Rosado, A.S.","Jiménez, Diego Javier (41761739900); Chaparro, Dayanne (57343888500); Sierra, Felipe (59335342400); Custer, Gordon F. (57214946939); Feuerriegel, Golo (57467477900); Chuvochina, Maria S. (27367759000); Díaz-García, Laura Andrea (57217204550); Mendes, Lucas William (54583835000); Ortega Santiago, Yina Paola (59335510600); Rubiano-Labrador, Carolina (55649334800); Salcedo Galán, Felipe (59157871100); Streit, Wolfgang R. (55129625800); Dini-Andreote, Francisco (23024430200); Reyes-Muñoz, Alejandro (20935786300); Rosado, Alexandre Soares (7102720385)","41761739900; 57343888500; 59335342400; 57214946939; 57467477900; 27367759000; 57217204550; 54583835000; 59335510600; 55649334800; 59157871100; 55129625800; 23024430200; 20935786300; 7102720385","Engineering the mangrove soil microbiome for selection of polyethylene terephthalate-transforming bacterial consortia","2025","Trends in Biotechnology","43","1","","162","183","0","9","10.1016/j.tibtech.2024.08.013","https://www.scopus.com/inward/record.uri?eid=2-s2.0-85204485969&doi=10.1016%2Fj.tibtech.2024.08.013&partnerID=40&md5=6bdb585f8e358d30c36e94af945dc5c8","Article","Final","","Scopus","2-s2.0-85204485969"
"C.; Cobos, T.L.; I.; Rivera-Julio, Y.R.; Pinto, A.; Mercado-Caruso, N.","; Cobos, Tania Lucía (57206773929); Rivera-Julio, Yair E. (57148122200); Pinto, Angel (58628445400); Mercado-Caruso, Nohora (57193502899)","60158336500; 57206773929; 60157655200; 57148122200; 58628445400; 57193502899","SCAF: Technology to Citizen Well-being - A Smart City Architecture Framework Based on TOGAF","2025","","","","","","","0","0","10.1109/COLCOM66267.2025.11185771","https://www.scopus.com/inward/record.uri?eid=2-s2.0-105019980686&doi=10.1109%2FCOLCOM66267.2025.11185771&partnerID=40&md5=62bf871553f863111de490d01d6a34a7","Conference paper","Final","","Scopus","2-s2.0-105019980686"
"D.M.; Del Rio Cortina, J.L.","; Del Rio Cortina, Jorge Luis (57197807415)","60158213400; 57197807415","The strategic impact of top management teams on business internationalization: a bibliometric review","2025","Cogent Business and Management","12","1","2574548","","","0","0","10.1080/23311975.2025.2574548","https://www.scopus.com/inward/record.uri?eid=2-s2.0-105019965329&doi=10.1080%2F23311975.2025.2574548&partnerID=40&md5=9aef879c0c79ec40cd3f9b4b7c8643ca","Article","Final","","Scopus","2-s2.0-105019965329"
"Archbold, J.; Carrillo, J.; J.; Piedrahita, J.","Archbold, Jorge (57211589309); Carrillo, Julian (28367475000); Piedrahita, Jefferson Marulanda (58917134900)","57211589309; 28367475000; 60149855900; 58917134900","Seismic fragility assessment of confined masonry houses in Colombia","2025","Earthquake Spectra","","","87552930251378782","","","0","1","10.1177/87552930251378782","https://www.scopus.com/inward/record.uri?eid=2-s2.0-105019375814&doi=10.1177%2F87552930251378782&partnerID=40&md5=53a626b1cac42babdb8b84ac26fceee9","Article","aip","","Scopus","2-s2.0-105019375814"
"Acevedo-Barrios, R.; Miranda-Castro, W.; González, D.; Pasqualino, J.; Tirado-Ballestas, I.P.; Angélica Leal, M.; Tovar Rodríguez, D.","Acevedo-Barrios, R. L. (56674579200); Miranda-Castro, Wendy (57193857478); González, Diana (57833782700); Pasqualino, Jorgelina C. (14622047600); Tirado-Ballestas, Irina P. (55929356800); Angélica Leal, María (59325495300); Tovar Rodríguez, David F. (58310000000)","56674579200; 57193857478; 57833782700; 14622047600; 55929356800; 59325495300; 58310000000","Antarctic tardigrades a biological model for geobiology and astrobiology studies: a review","2025","Proceedings of the LACCEI international Multi-conference for Engineering, Education and Technology","","2025","","","","0","0","10.18687/LACCEI2025.1.1.1183","https://www.scopus.com/inward/record.uri?eid=2-s2.0-105019322610&doi=10.18687%2FLACCEI2025.1.1.1183&partnerID=40&md5=f60414a72115319fa2c098b98fb7abb4","Conference paper","Final","","Scopus","2-s2.0-105019322610"
"Castilla-Lambis, K.; Pasqualino, J.; Díaz-Mendoza, C.; Rubiano-Labrador, C.; Acevedo-Barrios, R.","Castilla-Lambis, Karen (60150834800); Pasqualino, Jorgelina C. (14622047600); Díaz-Mendoza, Claudia (55258973100); Rubiano-Labrador, Carolina (55649334800); Acevedo-Barrios, R. L. (56674579200)","60150834800; 14622047600; 55258973100; 55649334800; 56674579200","Evaluation of ethanol concentration and yields from different types of macroalgae","2025","Proceedings of the LACCEI international Multi-conference for Engineering, Education and Technology","","2025","","","","0","0","10.18687/LACCEI2025.1.1.1170","https://www.scopus.com/inward/record.uri?eid=2-s2.0-105019319476&doi=10.18687%2FLACCEI2025.1.1.1170&partnerID=40&md5=cd9a87dc25d979695cb35c9f20148894","Conference paper","Final","","Scopus","2-s2.0-105019319476"
"Nicolás Fernández-Mendoza, A.; Pasqualino, J.; Díaz-Mendoza, C.; Chavarro-Mesa, E.; Acevedo-Barrios, R.","Nicolás Fernández-Mendoza, Abraham (60150782700); Pasqualino, Jorgelina C. (14622047600); Díaz-Mendoza, Claudia (55258973100); Chavarro-Mesa, Edisson (57188841051); Acevedo-Barrios, R. L. (56674579200)","60150782700; 14622047600; 55258973100; 57188841051; 56674579200","Evaluation of the Electricity Generation Potential from Plant Biomass through Microbial Fuel Cells","2025","Proceedings of the LACCEI international Multi-conference for Engineering, Education and Technology","","2025","","","","0","0","10.18687/LACCEI2025.1.1.1164","https://www.scopus.com/inward/record.uri?eid=2-s2.0-105019319114&doi=10.18687%2FLACCEI2025.1.1.1164&partnerID=40&md5=593fa7cbecdd4ee8d300830a03bc0566","Conference paper","Final","","Scopus","2-s2.0-105019319114"
"Aime Carl, B.; Gualdrón, G.; Raúl, P.; Villa, J.L.","Aime Carl, Bien (60150815200); Gualdrón, Carlos G. (57215557867); Raúl, Padrón C. (57211351906); Villa, J. L. (7005142049)","60150815200; 57215557867; 57211351906; 7005142049","Benefits Management as a successful alternative in the execution of Development and Public Investment Projects in Colombia; Marco de Buenas Prácticas para la Gestión de Riesgos Comunes en Proyectos de tres Organizaciones sin Ánimo de lucro en Cartagena De Indias – Colombia.","2025","Proceedings of the LACCEI international Multi-conference for Engineering, Education and Technology","","2025","","","","0","0","10.18687/LACCEI2025.1.1.2254","https://www.scopus.com/inward/record.uri?eid=2-s2.0-105019318823&doi=10.18687%2FLACCEI2025.1.1.2254&partnerID=40&md5=2d2d7211ceb5bf86f81ef62e62f057c7","Conference paper","Final","","Scopus","2-s2.0-105019318823"
"Ariza-Rúa, D.L.; Patiño, A.; Osorio-Del-Valle, C.; Viviana Ojeda-Caicedo, V.; Villalba-Acevedo, J.-L.","Ariza-Rúa, Danilo Lusbin (58618811100); Patiño, Alberto (57190688459); Osorio-Del-Valle, Cristina (57220068897); Viviana Ojeda-Caicedo, Vilma (60151038000); Villalba-Acevedo, Jorge Luis (57918628600)","58618811100; 57190688459; 57220068897; 60151038000; 57918628600","Teaching scientific inquiry to develop critical thinking skills","2025","Proceedings of the LACCEI international Multi-conference for Engineering, Education and Technology","","2025","","","","0","0","10.18687/LACCEI2025.1.1.1163","https://www.scopus.com/inward/record.uri?eid=2-s2.0-105019318561&doi=10.18687%2FLACCEI2025.1.1.1163&partnerID=40&md5=ae74cc96a4f0fbfa086cff8384ce6af1","Conference paper","Final","","Scopus","2-s2.0-105019318561"
"Carolina, R.-L.; Chavarro-Mesa, E.; Serna, J.; Isabella, C.; Taborda, N.; Valiente Puche, M.","Carolina, Rubiano Labrador (60150635400); Chavarro-Mesa, Edisson (57188841051); Serna, Jose (60150547700); Isabella, Cristina (60150882800); Taborda, Natalie (60150795800); Valiente Puche, Melanie (60151049600)","60150635400; 57188841051; 60150547700; 60150882800; 60150795800; 60151049600","Evaluation of antimicrobial resistance in bacterial strains isolated from Antarctica","2025","Proceedings of the LACCEI international Multi-conference for Engineering, Education and Technology","","2025","","","","0","0","10.18687/LACCEI2025.1.1.1890","https://www.scopus.com/inward/record.uri?eid=2-s2.0-105019318293&doi=10.18687%2FLACCEI2025.1.1.1890&partnerID=40&md5=64d61bfa0de999aea6ee8dff7d7085b3","Conference paper","Final","","Scopus","2-s2.0-105019318293"
"Carolina, R.-L.; Ruiz Pajaro, J.; Taborda, N.; Ariza-Rúa, D.L.; Díaz-Mendoza","Carolina, Rubiano Labrador (60150635400); Ruiz Pajaro, Jossua (60150675200); Taborda, Natalalie (60150836100); Ariza-Rúa, Danilo Lusbin (58618811100); Díaz-Mendoza (60150925900)","60150635400; 60150675200; 60150836100; 58618811100; 60150925900","Evaluation of the Degradation of Textile Dyes by Bacterial Strains Isolated from Mangroves in Cartagena, Colombia","2025","Proceedings of the LACCEI international Multi-conference for Engineering, Education and Technology","","2025","","","","0","0","10.18687/LACCEI2025.1.1.1500","https://www.scopus.com/inward/record.uri?eid=2-s2.0-105019315684&doi=10.18687%2FLACCEI2025.1.1.1500&partnerID=40&md5=6b43b79fbd689dea44ac3ae0405fa282","Conference paper","Final","","Scopus","2-s2.0-105019315684"
"Ortega-Cohen, R.A.; Altamar-Mercado, H.; Guevara, C.R.; Pereira-Batista, E.; Osorio-Del-Valle, C.; Ojeda-Caicedo, V.-V.; Patiño, A.","Ortega-Cohen, Rafael A. (60151088800); Altamar-Mercado, Hernando (57203321995); Guevara, Carlos R.Payares (57219506381); Pereira-Batista, Enrique (60114942300); Osorio-Del-Valle, Cristina (57220068897); Ojeda-Caicedo, Vilma Viviana (57220077867); Patiño, Alberto (57190688459)","60151088800; 57203321995; 57219506381; 60114942300; 57220068897; 57220077867; 57190688459","White point estimation of an RGBC color sensor to measure dominant wavelength","2025","Proceedings of the LACCEI international Multi-conference for Engineering, Education and Technology","","2025","","","","0","0","10.18687/LACCEI2025.1.1.2233","https://www.scopus.com/inward/record.uri?eid=2-s2.0-105019314605&doi=10.18687%2FLACCEI2025.1.1.2233&partnerID=40&md5=e072a24214d3e55cc468af7c68ce9e43","Conference paper","Final","","Scopus","2-s2.0-105019314605"
"Susana Martinez Palomino, O.; Susana Cantillo Orozco, A.; Clara Mandina, M.; Oceane de Zuñiga, S.; Lubin, L.","Susana Martinez Palomino, Oriana (60150716200); Susana Cantillo Orozco, Ana (59325309400); Clara Mandina, Marine (60150462400); Oceane de Zuñiga, Sonia (60150880200); Lubin, Leopold (60150634100)","60150716200; 59325309400; 60150462400; 60150880200; 60150634100","Technological Innovation in the Age of Artificial Intelligence: A Contrast betweenFrench Dynamism and Colombian Potential; Innovación Tecnológica en la era de la Inteligencia Artificial: un contraste entre el dinamismo francés y el potencial colombiano","2025","Proceedings of the LACCEI international Multi-conference for Engineering, Education and Technology","","2025","","","","0","0","10.18687/LACCEI2025.1.1.1608","https://www.scopus.com/inward/record.uri?eid=2-s2.0-105019313699&doi=10.18687%2FLACCEI2025.1.1.1608&partnerID=40&md5=44fdb762c56770753817c0a145ab6928","Conference paper","Final","","Scopus","2-s2.0-105019313699"
"Osorio, C.; Contreras-Ortiz, S.H.; Ojeda-Caicedo, V.-V.; Martinez-Santos, J.C.; Marcela García de la Ossa, E.; Jeison David, J.D.; Lusbin Ariza-Rua, D.","Osorio, Cristina (59663388700); Contreras-Ortiz, Sonia H. (60151000200); Ojeda-Caicedo, Vilma Viviana (57220077867); Martinez-Santos, Juan Carlos (26325154200); Marcela García de la Ossa, Everly (60151012300); Jeison David, Neira Salas (59497527300); Lusbin Ariza-Rua, Danilo (60151012400)","59663388700; 60151000200; 57220077867; 26325154200; 60151012300; 59497527300; 60151012400","Closing the Gender Gap in STEM: Impact of Challenge-Based Training on Girls in Cartagena de Indias","2025","Proceedings of the LACCEI international Multi-conference for Engineering, Education and Technology","","2025","","","","0","0","10.18687/LACCEI2025.1.1.2027","https://www.scopus.com/inward/record.uri?eid=2-s2.0-105019313383&doi=10.18687%2FLACCEI2025.1.1.2027&partnerID=40&md5=da2d202ded83f7a9749e52bcc8c3da34","Conference paper","Final","","Scopus","2-s2.0-105019313383"
"Alonzo Montes Carvajalino, D.; Cecilia de la Hoz del Villar, R.; Del Rio Cortina, J.L.; Zulay Cárdenas-Escobar, A.; Susana Martinez Palomino, O.","Alonzo Montes Carvajalino, Daniel (60150647400); Cecilia de la Hoz del Villar, Rita (60150475200); Del Rio Cortina, Jorge Luis (57197807415); Zulay Cárdenas-Escobar, Alba (60150647500); Susana Martinez Palomino, Oriana (60150716200)","60150647400; 60150475200; 57197807415; 60150647500; 60150716200","Review of optimization techniques for scheduling school schedules; Revisión de las técnicas de optimización para la programación de horarios escolares","2025","Proceedings of the LACCEI international Multi-conference for Engineering, Education and Technology","","2025","","","","0","0","10.18687/LACCEI2025.1.1.1224","https://www.scopus.com/inward/record.uri?eid=2-s2.0-105019312007&doi=10.18687%2FLACCEI2025.1.1.1224&partnerID=40&md5=d6095d4cdf002548db75510acbdf6ae2","Conference paper","Final","","Scopus","2-s2.0-105019312007"
"Acevedo-Barrios, R.; Contreras, E.; Puentes Martinez, D.A.; Puello, J.; Martinez, M.; Rubiano-Labrador, C.; Villalba-Acevedo, J.-L.","Acevedo-Barrios, R. L. (56674579200); Contreras, Eveling (60150802000); Puentes Martinez, Dainis A. (58751512700); Puello, Juan (60150641900); Martinez, Maria (60150554700); Rubiano-Labrador, Carolina (55649334800); Villalba-Acevedo, Jorge Luis (57918628600)","56674579200; 60150802000; 58751512700; 60150641900; 60150554700; 55649334800; 57918628600","Characterization of fungal bioaerosols in indoor spaces: in a Higher Education Institution (HES) in Cartagena de Indias, Colombian Caribbean","2025","Proceedings of the LACCEI international Multi-conference for Engineering, Education and Technology","","2025","","","","0","0","10.18687/LACCEI2025.1.1.662","https://www.scopus.com/inward/record.uri?eid=2-s2.0-105019311488&doi=10.18687%2FLACCEI2025.1.1.662&partnerID=40&md5=afe5a80e899015ca99a0af89f6792225","Conference paper","Final","","Scopus","2-s2.0-105019311488"
"Alberto Rodríguez-Arias, H.; Andrés Yepes Tapia, D.; Daniela Diaz Durango, C.","Alberto Rodríguez-Arias, Harold (60151014000); Andrés Yepes Tapia, Daniel (60150933200); Daniela Diaz Durango, Carmen (60150598100)","60151014000; 60150933200; 60150598100","Construction of an extrusion machine for converting recycled PET plastics into filament for 3D printing","2025","Proceedings of the LACCEI international Multi-conference for Engineering, Education and Technology","","2025","","","","0","0","10.18687/LACCEI2025.1.1.1585","https://www.scopus.com/inward/record.uri?eid=2-s2.0-105019308753&doi=10.18687%2FLACCEI2025.1.1.1585&partnerID=40&md5=5421e99a6f94b3c194964fc8caed31db","Conference paper","Final","","Scopus","2-s2.0-105019308753"
"Tordecilla-Acevedo, V.; Cantillo, A.S.; Camilo Medellín Rojas, J.; Zulay Cárdenas-Escobar, A.; Andres Alvarez Monterrosa, S.","Tordecilla-Acevedo, Verónica (59326202000); Cantillo, Ana S. (58572809300); Camilo Medellín Rojas, Juan (60150905000); Zulay Cárdenas-Escobar, Alba (60150647500); Andres Alvarez Monterrosa, Sergio (59326399000)","59326202000; 58572809300; 60150905000; 60150647500; 59326399000","Challenges in setting up a chemical recycling plant: Case of a polyolefins company in the city of Cartagena de Indias; Desafíos en el montaje de una planta de reciclaje químico: Caso de una empresa de poliolefinas en Cartagena de Indias","2025","Proceedings of the LACCEI international Multi-conference for Engineering, Education and Technology","","2025","","","","0","0","10.18687/LACCEI2025.1.1.1975","https://www.scopus.com/inward/record.uri?eid=2-s2.0-105019307782&doi=10.18687%2FLACCEI2025.1.1.1975&partnerID=40&md5=cea5ff5b77a87dc92502768587e73ebe","Conference paper","Final","","Scopus","2-s2.0-105019307782"
"Tordecilla-Acevedo, V.; Camila Valdelamar Ospino, M.; Susana Cantillo, A.","Tordecilla-Acevedo, Verónica (59326202000); Camila Valdelamar Ospino, Maria (60150924000); Susana Cantillo, Ana (59325688500)","59326202000; 60150924000; 59325688500","Agribusiness And Technology: An Overview Of Trends, Projects And Initiatives In Agribusiness Technology In Latin America Between 2014-2024; Agronegocios y tecnología: aproximación de las tendencias, proyectos e iniciativas de Tecnología en los Agronegocios en Latinoamérica entre 2014-2024","2025","Proceedings of the LACCEI international Multi-conference for Engineering, Education and Technology","","2025","","","","0","0","10.18687/LACCEI2025.1.1.2034","https://www.scopus.com/inward/record.uri?eid=2-s2.0-105019305725&doi=10.18687%2FLACCEI2025.1.1.2034&partnerID=40&md5=82a8e03a6e8cd56d9baf19427f7efe66","Conference paper","Final","","Scopus","2-s2.0-105019305725"
"Morales-Londoño, N.; Zulay Cárdenas-Escobar, A.; Margarita Marrugo Salas, L.","Morales-Londoño, Natalie (57195913974); Zulay Cárdenas-Escobar, Alba (60150647500); Margarita Marrugo Salas, Lina (60151098300)","57195913974; 60150647500; 60151098300","FUNdamental Education: A methodological proposal for the design of a gamified didactic sequence in an Industrial Engineering course; Educación FUNdamental: Una propuesta metodológica para el diseño de una secuencia didáctica gamificada en un curso de la carrera de Ingeniería Industrial","2025","Proceedings of the LACCEI international Multi-conference for Engineering, Education and Technology","","2025","","","","0","0","10.18687/LACCEI2025.1.1.1074","https://www.scopus.com/inward/record.uri?eid=2-s2.0-105019304186&doi=10.18687%2FLACCEI2025.1.1.1074&partnerID=40&md5=b4bc191a99bc624f61e1e2d80075df16","Conference paper","Final","","Scopus","2-s2.0-105019304186"
"Julieth Mármol Matute, S.; Zulay Cárdenas-Escobar, A.; Morales-Londoño, N.; Mendoza Díaz, A.; Gazabón Arrieta, F.; Ospina-Mateus, H.","Julieth Mármol Matute, Sayuri (60151018000); Zulay Cárdenas-Escobar, Alba (60150647500); Morales-Londoño, Natalie (57195913974); Mendoza Díaz, Armando (57931099400); Gazabón Arrieta, Fabian (57202852177); Ospina-Mateus, Holman (57194034904)","60151018000; 60150647500; 57195913974; 57931099400; 57202852177; 57194034904","Application of Lean Methodologies in the Manufacturing Technology Laboratory at Universidad Tecnológica de Bolívar; Aplicación de Metodologías Lean en el Laboratorio de Tecnología de Fabricación de la Universidad Tecnológica de Bolívar","2025","Proceedings of the LACCEI international Multi-conference for Engineering, Education and Technology","","2025","","","","0","0","10.18687/LACCEI2025.1.1.1068","https://www.scopus.com/inward/record.uri?eid=2-s2.0-105019299654&doi=10.18687%2FLACCEI2025.1.1.1068&partnerID=40&md5=c2acc0cfb6993de8e8a420ca28ade4ce","Conference paper","Final","","Scopus","2-s2.0-105019299654"
"Ballestas-Casallas, Y.A.; Fernández-Alvarado, K.G.; Pasqualino, J.; Rubiano-Labrador, C.; Ariza-Rúa, D.L.; Patiño, A.; Chavarro-Mesa, E.","Ballestas-Casallas, Yamil A. (58618551200); Fernández-Alvarado, Karla G. (60150530600); Pasqualino, Jorgelina C. (14622047600); Rubiano-Labrador, Carolina (55649334800); Ariza-Rúa, Danilo Lusbin (58618811100); Patiño, Alberto (57190688459); Chavarro-Mesa, Edisson (57188841051)","58618551200; 60150530600; 14622047600; 55649334800; 58618811100; 57190688459; 57188841051","Characterization of Fungi Bioaerosols in Family Farming Systems: Municipality of Turbaco, Colombia","2025","Proceedings of the LACCEI international Multi-conference for Engineering, Education and Technology","","2025","","","","0","0","10.18687/LACCEI2025.1.1.1467","https://www.scopus.com/inward/record.uri?eid=2-s2.0-105019298893&doi=10.18687%2FLACCEI2025.1.1.1467&partnerID=40&md5=8c19b91cf9c1b365fae5366182183fdf","Conference paper","Final","","Scopus","2-s2.0-105019298893"
"Cantillo, A.S.; Tordecilla-Acevedo, V.; Rosado Orozco, I.; Baron, S.; Pablo Altamar Cassiani, J.","Cantillo, Ana S. (58572809300); Tordecilla-Acevedo, Verónica (59326202000); Rosado Orozco, Isai (60150687800); Baron, Sally (60150940200); Pablo Altamar Cassiani, Juan (60150851500)","58572809300; 59326202000; 60150687800; 60150940200; 60150851500","Beyond recycling: how environmental accounting transforms the plastics industry","2025","Proceedings of the LACCEI international Multi-conference for Engineering, Education and Technology","","2025","","","","0","0","10.18687/LACCEI2025.1.1.2207","https://www.scopus.com/inward/record.uri?eid=2-s2.0-105019297942&doi=10.18687%2FLACCEI2025.1.1.2207&partnerID=40&md5=c41e456bfe22a69ef814f2acbc6482c2","Conference paper","Final","","Scopus","2-s2.0-105019297942"
"Contreras-Ortiz, S.H.; Ojeda-Caicedo, V.-V.; Osorio, C.; Altamar-Mercado, H.; Martinez-Santos, J.C.","Contreras-Ortiz, Sonia H. (60151000200); Ojeda-Caicedo, Vilma Viviana (57220077867); Osorio, Cristina (59663388700); Altamar-Mercado, Hernando (57203321995); Martinez-Santos, Juan Carlos (26325154200)","60151000200; 57220077867; 59663388700; 57203321995; 26325154200","Impacts of mentoring and support networks on the self-efficacy and self-regulation of women engineering students","2025","Proceedings of the LACCEI international Multi-conference for Engineering, Education and Technology","","2025","","","","0","0","10.18687/LACCEI2025.1.1.2021","https://www.scopus.com/inward/record.uri?eid=2-s2.0-105019296951&doi=10.18687%2FLACCEI2025.1.1.2021&partnerID=40&md5=c964a09218f49c07c88eabb7234812d0","Conference paper","Final","","Scopus","2-s2.0-105019296951"
"Guevara, C.R.; Pereira-Batista, E.; Altamar-Mercado, H.; Patiño, A.","Guevara, Carlos R.Payares (57219506381); Pereira-Batista, Enrique (60114942300); Altamar-Mercado, Hernando (57203321995); Patiño, Alberto (57190688459)","57219506381; 60114942300; 57203321995; 57190688459","Air-Entrapment Issues During Draining Processes in Water Supply Systems: Towards an Analytical Solution for pressure in Inclined Pipelines","2025","Proceedings of the LACCEI international Multi-conference for Engineering, Education and Technology","","2025","","","","0","0","10.18687/LACCEI2025.1.1.2305","https://www.scopus.com/inward/record.uri?eid=2-s2.0-105019296053&doi=10.18687%2FLACCEI2025.1.1.2305&partnerID=40&md5=526b18f77c51f60fc7d3aafd00946965","Conference paper","Final","","Scopus","2-s2.0-105019296053"
"Patricia Castro-Porto, M.; Susana Martinez Palomino, O.; Cecilia de la Hoz del Villar, R.; Luis del Río Cortina, J.; Mauricio Prieto Florez, J.; Elena Chávez Barrios, L.","Patricia Castro-Porto, Martha (60150512900); Susana Martinez Palomino, Oriana (60150716200); Cecilia de la Hoz del Villar, Rita (60150475200); Luis del Río Cortina, Jorge (60150513000); Mauricio Prieto Florez, Javier (60150936300); Elena Chávez Barrios, Ludis (60151099700)","60150512900; 60150716200; 60150475200; 60150513000; 60150936300; 60151099700","The role of women in business development in cities; El papel de la mujer en el desarrollo empresarial de las ciudades","2025","Proceedings of the LACCEI international Multi-conference for Engineering, Education and Technology","","2025","","","","0","0","10.18687/LACCEI2025.1.1.1646","https://www.scopus.com/inward/record.uri?eid=2-s2.0-105019295460&doi=10.18687%2FLACCEI2025.1.1.1646&partnerID=40&md5=47e9b1fb7810d4e2be8d8208f16af22e","Conference paper","Final","","Scopus","2-s2.0-105019295460"
"Díaz-Mendoza, C.; Bolaño Matos, B.; Sánchez Hernández, S.; León Méndez, G.; Mile Pérez Palencia, O.; Pasqualino, J.; Acevedo-Barrios, R.","Díaz-Mendoza, Claudia (55258973100); Bolaño Matos, Bernardo (60150889400); Sánchez Hernández, Sara (60150971300); León Méndez, Glicerio (57063498800); Mile Pérez Palencia, Olga (60150641000); Pasqualino, Jorgelina C. (14622047600); Acevedo-Barrios, R. L. (56674579200)","55258973100; 60150889400; 60150971300; 57063498800; 60150641000; 14622047600; 56674579200","Identification of abundance, chemical composition, and microbiological profiles of Cigarette Butts discarded in the sand of four tourist beaches in Cartagena, Colombia","2025","Proceedings of the LACCEI international Multi-conference for Engineering, Education and Technology","","2025","","","","0","0","10.18687/LACCEI2025.1.1.665","https://www.scopus.com/inward/record.uri?eid=2-s2.0-105019294032&doi=10.18687%2FLACCEI2025.1.1.665&partnerID=40&md5=2834751dd59d8f85c614f4fd8ee41a1e","Conference paper","Final","","Scopus","2-s2.0-105019294032"
"Fernández-Alvarado, K.G.; Ballestas-Casallas, Y.A.; Villalba-Acevedo, J.-L.; Patiño, A.; Chavarro-Mesa, E.","Fernández-Alvarado, Karla G. (60150530600); Ballestas-Casallas, Yamil A. (58618551200); Villalba-Acevedo, Jorge Luis (57918628600); Patiño, Alberto (57190688459); Chavarro-Mesa, Edisson (57188841051)","60150530600; 58618551200; 57918628600; 57190688459; 57188841051","Progress in a LAMP-PCR (Loop-Mediated Isothermal Amplification) assay for detecting the Sigatoka fungus in Musa sp. plants","2025","Proceedings of the LACCEI international Multi-conference for Engineering, Education and Technology","","2025","","","","0","0","10.18687/LACCEI2025.1.1.2184","https://www.scopus.com/inward/record.uri?eid=2-s2.0-105019292877&doi=10.18687%2FLACCEI2025.1.1.2184&partnerID=40&md5=dc373e520ff7b3c774f8a55f6a0e1602","Conference paper","Final","","Scopus","2-s2.0-105019292877"
"Rodríguez-Arias, H.A.; Fernández Fonseca, A.J.; Julio Padilla, A.C.; Molano Pachón, P.A.; Quimbayo Camargo, M.","Rodríguez-Arias, Harold A. (57204847841); Fernández Fonseca, Andrés J. (60150541300); Julio Padilla, Andrea C. (60150628200); Molano Pachón, Paula A. (60150711300); Quimbayo Camargo, Mauricio (60150628300)","57204847841; 60150541300; 60150628200; 60150711300; 60150628300","Development of a Mechatronic System For Tensile Testing of 3D Printing Plastics Under ASTM-D638 Standard; Desarrollo de un Sistema Mecatrónico Para Ensayos de Tensión en Plásticos de Impresión 3D Bajo la Norma ASTM D638","2025","Proceedings of the LACCEI international Multi-conference for Engineering, Education and Technology","","2025","","","","0","0","10.18687/LACCEI2025.1.1.1603","https://www.scopus.com/inward/record.uri?eid=2-s2.0-105019292532&doi=10.18687%2FLACCEI2025.1.1.1603&partnerID=40&md5=a4b888bb5fed98967c69567b635a5002","Conference paper","Final","","Scopus","2-s2.0-105019292532"
"Useche-Vivero, J.","Useche-Vivero, J. F. (57218164237)","57218164237","The Boundary Element Method for Engineering Analysis of Plates and Shells","2025","Solid Mechanics and its Applications","281","","","1","232","0","0","10.1007/978-3-031-93050-8","https://www.scopus.com/inward/record.uri?eid=2-s2.0-105019228134&doi=10.1007%2F978-3-031-93050-8&partnerID=40&md5=c87e40705a1f123daa5af526703dcb7b","Book chapter","Final","All Open Access; Bronze Open Access","Scopus","2-s2.0-105019228134"
"Ramirez, M.P.; Jimenez, J.D.; Sánchez, D.G.; Serrano, J.E.; Martinez-Santos, J.C.; Puertas, E.","Ramirez, Maria Paz (60145902400); Jimenez, Jeison D. (60035987100); Sánchez, Deyson Gómez (60146004900); Serrano, Jairo E. (57220927199); Martinez-Santos, Juan Carlos (26325154200); Puertas, Edwin (57202285682)","60145902400; 60035987100; 60146004900; 57220927199; 26325154200; 57202285682","VerbaNexAI at CLEF 2025 JOKER Task 3: Multi-Model LLM Approach for Onomastic Wordplay Translation","2025","CEUR Workshop Proceedings","4038","","","2860","2869","0","0","","https://www.scopus.com/inward/record.uri?eid=2-s2.0-105019060674&partnerID=40&md5=81bb855c1fdd579326019c131f4c108a","Conference paper","Final","","Scopus","2-s2.0-105019060674"
"Borrero, M.J.S.; Serrano, J.E.; Martinez-Santos, J.C.; Puertas, E.","Borrero, Mervin Jesus Sosa (60146214600); Serrano, Jairo E. (57220927199); Martinez-Santos, Juan Carlos (26325154200); Puertas, Edwin (57202285682)","60146214600; 57220927199; 26325154200; 57202285682","VerbaNexAI at CheckThat! 2025: Fine-Tuning DeBERTa for Multi-Label Scientific Discourse Detection in Tweets","2025","CEUR Workshop Proceedings","4038","","","1237","1245","0","0","","https://www.scopus.com/inward/record.uri?eid=2-s2.0-105019059818&partnerID=40&md5=e776c67a3f9ff921b849cdcd6b8927fe","Conference paper","Final","","Scopus","2-s2.0-105019059818"
"Mendoza, L.; Suarez, J.; Puertas, E.; Martinez-Santos, J.C.; Serrano, J.E.","Mendoza, Luis (60146338900); Suarez, Joan (60146036800); Puertas, Edwin (57202285682); Martinez-Santos, Juan Carlos (26325154200); Serrano, Jairo E. (57220927199)","60146338900; 60146036800; 57202285682; 26325154200; 57220927199","COTECMAR-UTB at eRisk 2025: Semantic-Centroid Symptom Ranking and Early Depression Detection using Adaptive Decision Rule","2025","CEUR Workshop Proceedings","4038","","","1562","1582","0","0","","https://www.scopus.com/inward/record.uri?eid=2-s2.0-105019059289&partnerID=40&md5=0b8d09becba7b1e1fd31820e14d0ce87","Conference paper","Final","","Scopus","2-s2.0-105019059289"
"Novoa, M.M.; Martinez-Santos, J.C.; Serrano, J.E.; Puertas, E.","Novoa, Melissa Moreno (60145854900); Martinez-Santos, Juan Carlos (26325154200); Serrano, Jairo E. (57220927199); Puertas, Edwin (57202285682)","60145854900; 26325154200; 57220927199; 57202285682","VerbaNex at TalentCLEF2025: Semantic Matching of Multilingual Job Titles through a Framework Integrating ESCO Taxonomy","2025","CEUR Workshop Proceedings","4038","","","4448","4458","0","0","","https://www.scopus.com/inward/record.uri?eid=2-s2.0-105019059160&partnerID=40&md5=cc79b9b848fa8d160e41b299b1ee46f5","Conference paper","Final","","Scopus","2-s2.0-105019059160"
"López, L.; Martinez-Santos, J.C.; Puertas, E.","López, Lila (60146208800); Martinez-Santos, Juan Carlos (26325154200); Puertas, Edwin (57202285682)","60146208800; 26325154200; 57202285682","Development of a Biomedical Question Answering System Based on Transformer Models","2025","CEUR Workshop Proceedings","4038","","","452","459","0","0","","https://www.scopus.com/inward/record.uri?eid=2-s2.0-105019057106&partnerID=40&md5=d2f4694f82224c442bf7d75603505170","Conference paper","Final","","Scopus","2-s2.0-105019057106"
"Sánchez, D.G.; Jimenez, J.D.; Ramirez, M.P.; Serrano, J.E.; Martinez-Santos, J.C.; Puertas, E.","Sánchez, Deyson Gómez (60146004900); Jimenez, Jeison D. (60035987100); Ramirez, Maria Paz (60145902400); Serrano, Jairo E. (57220927199); Martinez-Santos, Juan Carlos (26325154200); Puertas, Edwin (57202285682)","60146004900; 60035987100; 60145902400; 57220927199; 26325154200; 57202285682","RoBERT-IA: Human-AI Collaborative Text Classification","2025","CEUR Workshop Proceedings","4038","","","3672","3680","0","0","","https://www.scopus.com/inward/record.uri?eid=2-s2.0-105019057081&partnerID=40&md5=5ba8c7429593925ef00115110db7ebdf","Conference paper","Final","","Scopus","2-s2.0-105019057081"
"Marrugo-Tobón, D.A.; Jimenez, J.D.; Serrano, J.E.; Martinez-Santos, J.C.; Puertas, E.","Marrugo-Tobón, Duvan Andres (57221469260); Jimenez, Jeison D. (60035987100); Serrano, Jairo E. (57220927199); Martinez-Santos, Juan Carlos (26325154200); Puertas, Edwin (57202285682)","57221469260; 60035987100; 57220927199; 26325154200; 57202285682","UTBNLP at CLEF JOKER 2025 Task 2: mBART-50 Fine-Tuning with Dictionary-Guided Forced Decoding and Phoneme-Based Techniques for English-French Pun Translation","2025","CEUR Workshop Proceedings","4038","","","2838","2848","0","0","","https://www.scopus.com/inward/record.uri?eid=2-s2.0-105019055348&partnerID=40&md5=64d09f7a9baf65009d8c38558fb82bf0","Conference paper","Final","","Scopus","2-s2.0-105019055348"
"Menco-Tovar, A.; Serrano, J.E.; Martinez-Santos, J.C.; Puertas, E.","Menco-Tovar, Andrea (60146087900); Serrano, Jairo E. (57220927199); Martinez-Santos, Juan Carlos (26325154200); Puertas, Edwin (57202285682)","60146087900; 57220927199; 26325154200; 57202285682","Tiles-wise Inference with Vision Transformers for Multispecies Identification in Vegetation Images","2025","CEUR Workshop Proceedings","4038","","","3102","3110","0","0","","https://www.scopus.com/inward/record.uri?eid=2-s2.0-105019047967&partnerID=40&md5=7098c9b7628c3e2db922269822edd41c","Conference paper","Final","","Scopus","2-s2.0-105019047967"
"Almanza-Gonzalez, D.; Serrano, J.E.; Martinez-Santos, J.C.; Puertas, E.","Almanza-Gonzalez, Danileth (59500390600); Serrano, Jairo E. (57220927199); Martinez-Santos, Juan Carlos (26325154200); Puertas, Edwin (57202285682)","59500390600; 57220927199; 26325154200; 57202285682","Prediction of Human Preferences and Explanation Generation with LLM: An Approach Based on RAG, Few-Shot Learning, and Auto-CoT","2025","CEUR Workshop Proceedings","4038","","","1360","1369","0","1","","https://www.scopus.com/inward/record.uri?eid=2-s2.0-105019046953&partnerID=40&md5=e0d66ac291485c44c822eb35839e52da","Conference paper","Final","","Scopus","2-s2.0-105019046953"
"Amaya, D.A.G.; Serrano, J.E.; Martinez-Santos, J.C.; Puertas, E.","Amaya, Diego Alberto Guevara (60146141700); Serrano, Jairo E. (57220927199); Martinez-Santos, Juan Carlos (26325154200); Puertas, Edwin (57202285682)","60146141700; 57220927199; 26325154200; 57202285682","CEDNAV–UTB: Efficient Image Retrieval for Arguments with CLIP","2025","CEUR Workshop Proceedings","4038","","","4601","4609","0","1","","https://www.scopus.com/inward/record.uri?eid=2-s2.0-105019045699&partnerID=40&md5=a30b6ab0290f1051776ce14cf411a3f7","Conference paper","Final","","Scopus","2-s2.0-105019045699"
"Llamas, J.; Puertas, E.; Serrano, J.E.; Martinez-Santos, J.C.","Llamas, Jhonattan (60146058500); Puertas, Edwin (57202285682); Serrano, Jairo E. (57220927199); Martinez-Santos, Juan Carlos (26325154200)","60146058500; 57202285682; 57220927199; 26325154200","COTECMAR–UTB at TalentCLEF 2025: Linking Job Titles and ESCO Skills with Sentence Transformer Embeddings","2025","CEUR Workshop Proceedings","4038","","","4438","4447","0","0","","https://www.scopus.com/inward/record.uri?eid=2-s2.0-105019042653&partnerID=40&md5=276c53825d5d78307af0b02022596947","Conference paper","Final","","Scopus","2-s2.0-105019042653"
"Peña, D.P.; Serrano, J.E.; Puertas, E.; Martinez-Santos, J.C.","Peña, Daniel (57203171916); Serrano, Jairo E. (57220927199); Puertas, Edwin (57202285682); Martinez-Santos, Juan Carlos (26325154200)","57203171916; 57220927199; 57202285682; 26325154200","Hybrid Re-ranking for Biomedical Entity Linking using SapBERT Embeddings: A High-Performance System for BioNNE-L 2025-1","2025","CEUR Workshop Proceedings","4038","","","497","508","0","0","","https://www.scopus.com/inward/record.uri?eid=2-s2.0-105019042517&partnerID=40&md5=2540b8629af12f973644350f96b2e70c","Conference paper","Final","","Scopus","2-s2.0-105019042517"
"Sierra-Porta, D.; Verdugo, M.C.; Herrera-Acevedo, D.D.","Sierra-Porta, D. (57191333650); Verdugo, Maximiliano Cañedo (60141183900); Herrera-Acevedo, D. D. (59278790000)","57191333650; 60141183900; 59278790000","Global complexity signatures of solar cycles: A unified Entropy-Fractal survey of OMNI solar wind data (1964–2025)","2025","Advances in Space Research","","","","","","0","0","10.1016/j.asr.2025.09.072","https://www.scopus.com/inward/record.uri?eid=2-s2.0-105018752230&doi=10.1016%2Fj.asr.2025.09.072&partnerID=40&md5=43ff73c3f1d9b465a0839a90456f8da9","Article","aip","","Scopus","2-s2.0-105018752230"
"Pacheco, J.A.; Nunez, L.; Quintero, F.; Vargas, R.; Romero, L.A.; Marrugo, A.G.","Pacheco, Jose A. (60126026800); Nunez, Lenin (60126154300); Quintero, Fernando J. (57221475394); Vargas, Raúl (57117284600); Romero, Lenny A. (36142156300); Marrugo, Andrés G. (24329839300)","60126026800; 60126154300; 57221475394; 57117284600; 36142156300; 24329839300","Reimagining a Portable Corneal Topographer Using Mechanical Phase Shifting Profilometry","2025","","","","","","","0","0","10.1109/STSIVA66383.2025.11156427","https://www.scopus.com/inward/record.uri?eid=2-s2.0-105017713410&doi=10.1109%2FSTSIVA66383.2025.11156427&partnerID=40&md5=6819f1becfad4a0fd9ec7ea6350425b9","Conference paper","Final","","Scopus","2-s2.0-105017713410"
"Naufal, C.; Paredes, L.V.; Gonzalez, C.L.; Montero, A.P.; Marrugo, A.G.; Solano-Correa, Y.T.","Naufal, Camilo (57217629626); Paredes, Laura V. (59483798100); Gonzalez, Cesar L. (59483798000); Montero, Alejandro Patron (60126063000); Marrugo, Andrés G. (24329839300); Solano-Correa, Yady Tatiana (57156565000)","57217629626; 59483798100; 59483798000; 60126063000; 24329839300; 57156565000","Remote Sensing for Risk Management: Solid Waste Detection Using YOLOv10","2025","","","","","","","0","0","10.1109/STSIVA66383.2025.11156325","https://www.scopus.com/inward/record.uri?eid=2-s2.0-105017596171&doi=10.1109%2FSTSIVA66383.2025.11156325&partnerID=40&md5=0e900b7c2c3544d79300e5ffef3bfdd3","Conference paper","Final","","Scopus","2-s2.0-105017596171"
"de la Ossa, E.D.; González, R.P.; Aleán Romero, M.A.","de la Ossa, Elsy Domínguez (57223851529); González, Robinson Puerta (60111227000); Aleán Romero, María Angélica (60110690600)","57223851529; 60111227000; 60110690600","Struggles for identity, territory and family of social organizations in the department of Cauca (Colombia); Luchas por la identidad, el territorio y la familia de organizaciones sociales del departamento del Cauca (Colombia)","2025","Mundo Agrario","26","62","e293","","","0","0","10.24215/15155994e292","https://www.scopus.com/inward/record.uri?eid=2-s2.0-105016793869&doi=10.24215%2F15155994e292&partnerID=40&md5=1649b9727c8d489907cc5e6d698cbaee","Article","Final","All Open Access; Gold Open Access","Scopus","2-s2.0-105016793869"
"Medina-Reyes, M.F.; Puertas, E.; Martinez-Santos, J.C.","Medina-Reyes, María Fernanda (57221229836); Puertas, Edwin (57202285682); Martinez-Santos, Juan Carlos (26325154200)","57221229836; 57202285682; 26325154200","Economic Optimization of Local Energy Markets: Strategies for Prosumers with IoT and Blockchain Integration","2025","","","","","40","43","0","0","10.1109/LCIoT64881.2025.11118552","https://www.scopus.com/inward/record.uri?eid=2-s2.0-105016331457&doi=10.1109%2FLCIoT64881.2025.11118552&partnerID=40&md5=e6720683c42f74be1641b23eef5ac2c2","Conference paper","Final","","Scopus","2-s2.0-105016331457"
"Herrera, B.N.B.","Herrera, Bryam Nicolas Benavides (60097661100)","60097661100","THE STATE OF NECESSITY AS A CAUSE OF ABSENCE OF RESPONSIBILITY IN THE CRIME OF PRISON ESCAPE: A REVIEW FROM COLOMBIAN LEGISLATION; EL ESTADO DE NECESIDAD COMO CAUSAL DE AUSENCIA DE RESPONSABILIDAD EN EL DELITO DE FUGA DE PRESOS: UNA REVISIÓN DESDE LA NORMATIVA COLOMBIANA","2025","Revista de Direito","17","2","","","","0","0","10.32361/2025170221724","https://www.scopus.com/inward/record.uri?eid=2-s2.0-105015849728&doi=10.32361%2F2025170221724&partnerID=40&md5=ba0caa912ff97a0299aed7e95974b446","Article","Final","All Open Access; Gold Open Access","Scopus","2-s2.0-105015849728"
"Olaya-Mira, N.O.; Hernández, L.M.G.; Barragán, C.V.; Montes, M.M.; Soto-Cardona, I.C.S.","Olaya-Mira, Natali (57212007615); Hernández, Luz Marina Gómez (60094925100); Barragán, Carolina Viloria (60094282600); Montes, Manuela Monsalve (60094654900); Soto-Cardona, Isabel Cristina (57215550549)","57212007615; 60094925100; 60094282600; 60094654900; 57215550549","Biomechanical and Kinematic Gait Analysis in Lower Limb Amputees: Cross-Sectional Study","2025","JMIR Rehabilitation and Assistive Technologies","12","","e67022","","","0","0","10.2196/67022","https://www.scopus.com/inward/record.uri?eid=2-s2.0-105015383849&doi=10.2196%2F67022&partnerID=40&md5=2e13208cae2a2ac372206e7d9f3aafca","Article","Final","All Open Access; Gold Open Access; Green Accepted Open Access; Green Open Access","Scopus","2-s2.0-105015383849"
"Ciccarelli, S.; Ferraro, F.V.; Gutiérrez-Ruiz, K.; Arellano-Cartagena, W.; Landines, K.C.; Iavarone, M.L.","Ciccarelli, Santolo (59325495200); Ferraro, Francesco Vincenzo (57208779214); Gutiérrez-Ruiz, Karol Patricia (57192930752); Arellano-Cartagena, William (58068069000); Landines, Kiara Campo (60086704200); Iavarone, Maria Luisa (57203635426)","59325495200; 57208779214; 57192930752; 58068069000; 60086704200; 57203635426","Enhancing Learning for 7-10-Year-Olds through Functional Advanced Didactics: A Promising Approach in Colombia; Melhorar a aprendizagem das crianças de 7-10 anos através da Didática Funcional Avançada: Uma abordagem promissora na Colômbia; Potenciando el aprendizaje de los niños de 7 a 10 años mediante la enseñanza funcional avanzada: un enfoque prometedor en Colombia","2025","Revista Lasallista de Investigacion","22","1","","114","129","0","0","10.22507/rli.v22n1a3663","https://www.scopus.com/inward/record.uri?eid=2-s2.0-105015214420&doi=10.22507%2Frli.v22n1a3663&partnerID=40&md5=e0a9d4bcc9cb553f7d6ab48cbcdf06f1","Article","Final","All Open Access; Gold Open Access","Scopus","2-s2.0-105015214420"
"García-Padilla, D.; Reyes-Rivera, M.-J.; León, D.C.; Abitbol, P.; Cano-Sierra, L.; Lopez-Lopez, W.; Çakal, H.; Pineda-Marín, C.","García-Padilla, Dennys (58145290800); Reyes-Rivera, María Juliana (59361500800); León, Diana Carolina Rubio (56491243500); Abitbol, Pablo (58145499200); Cano-Sierra, Laura (59360499800); Lopez-Lopez, Wilson (58547918000); Çakal, Huseyin (54412008600); Pineda-Marín, Claudia (36844407900)","58145290800; 59361500800; 56491243500; 58145499200; 59360499800; 58547918000; 54412008600; 36844407900","Cultural Practices of Mental Health Care and their Relationship to Peacebuilding in Montes de María, Colombia; Prácticas Culturales de Cuidado de la Salud Mental y su Relación con la Construcción de Paz en Los Montes de María, Colombia","2025","Revista Colombiana de Psicologia","34","2","","139","166","0","1","10.15446/rcp.v34n2.115817","https://www.scopus.com/inward/record.uri?eid=2-s2.0-105014428683&doi=10.15446%2Frcp.v34n2.115817&partnerID=40&md5=dafd7d4ed46c3536094bf4caf32235ae","Article","Final","All Open Access; Gold Open Access","Scopus","2-s2.0-105014428683"
"Marún-Uparela, K.; Arrieta-Flórez, R.","Marún-Uparela, Katleen (57222278899); Arrieta-Flórez, Rosaura (57257353100)","57222278899; 57257353100","Gender and memory: possible fields and paths of resistance to reconciliation; Género y memoria: campos de lo posible y caminos de resistencia hacia la reconciliación","2025","Memorias","21","56","","32","60","0","0","10.14482/memor.56.258.746","https://www.scopus.com/inward/record.uri?eid=2-s2.0-105013506277&doi=10.14482%2Fmemor.56.258.746&partnerID=40&md5=b15573acc3c179b585f5e55680f22f97","Article","Final","All Open Access; Gold Open Access","Scopus","2-s2.0-105013506277"
"Alvear-Alayon, M.R.; Tejeda-Lopez, L.N.; Tejeda-Benitez, L.P.","Alvear-Alayon, Mario R. (57398301200); Tejeda-Lopez, Lien N. (60026192200); Tejeda-Benitez, Lesly (56986567900)","57398301200; 60026192200; 56986567900","Biorefineries, Reducing the Volume of Agro-industrial Waste and Generating Products with High Added Value","2025","Chemical Engineering Transactions","117","","","43","48","0","0","10.3303/CET25117008","https://www.scopus.com/inward/record.uri?eid=2-s2.0-105012372534&doi=10.3303%2FCET25117008&partnerID=40&md5=b53a9a9f1c63d5d01da3e12d1f48ab1d","Article","Final","","Scopus","2-s2.0-105012372534"
"Verdugo-Castro, S.; Ojeda-Caicedo, V.-V.; Contreras-Ortiz, S.H.; García-Holgado, A.","Verdugo-Castro, Sonia (57205098387); Ojeda-Caicedo, Vilma Viviana (57220077867); Contreras-Ortiz, Sonia H. (57210822856); García-Holgado, Alicia (55754418500)","57205098387; 57220077867; 57210822856; 55754418500","International Mobility for Gender Equity and Multiculturalism in STEM: A Case Study Between Colombia and Spain","2025","Lecture Notes in Educational Technology","Part F642","","","544","553","0","0","10.1007/978-981-96-5658-5_54","https://www.scopus.com/inward/record.uri?eid=2-s2.0-105011497532&doi=10.1007%2F978-981-96-5658-5_54&partnerID=40&md5=1890174c280ab50049156049fa829a76","Book chapter","Final","","Scopus","2-s2.0-105011497532"
"Arias-Cifuentes, S.; Solano-Cahuana, I.L.","Arias-Cifuentes, Stefania (59987226300); Solano-Cahuana, Iris Laudith (57219696066)","59987226300; 57219696066","Assessing the Impact of Language Virtual Exchange Approaches on Intercultural Competence Development Among University Students; valuer l impact des approches d change virtuel linguistique sur le d veloppement de la comp tence interculturelle chez des tudiants universitaires; Avalia o do impacto das abordagens de interc mbio virtual de idiomas no desenvolvimento da compet ncia intercultural entre estudantes universit rios; Medici n del impacto de los sistemas de intercambio virtual de lenguas sobre el desarrollo de la competencia intercultural en estudiantes universitarios","2025","Ikala","30","2","","1","28","0","0","10.17533/udea.ikala.355699","https://www.scopus.com/inward/record.uri?eid=2-s2.0-105010515590&doi=10.17533%2Fudea.ikala.355699&partnerID=40&md5=d8277650473802e322a1cb91b02eb13d","Article","Final","All Open Access; Gold Open Access","Scopus","2-s2.0-105010515590"
"Perilla Granados, J.S.A.","Perilla Granados, Juan Sebastian Alejandro (57023375100)","57023375100","CONSTITUTIONAL CRITERIA TO WEIGH EUROPEAN CULTURAL HERITAGE WITH INDIGENOUS IDENTITY IN COLOMBIA; CRITERIOS CONSTITUCIONALES PARA PONDERAR EL PATRIMONIO CULTURAL EUROPEO CON LA IDENTIDAD INDÍGENA EN COLOMBIA","2025","Revista de Direito","17","1","","1","24","0","0","10.32361/2025170121416","https://www.scopus.com/inward/record.uri?eid=2-s2.0-105008398247&doi=10.32361%2F2025170121416&partnerID=40&md5=c16404d9f432e6a7bf355a0fa40bc364","Article","Final","All Open Access; Gold Open Access","Scopus","2-s2.0-105008398247"
"Baltar-Moreno, A.B.; Fraguas, J.B.","Baltar-Moreno, Adolfo (57216868622); Fraguas, Javier Bernabé (57949227200)","57216868622; 57949227200","COMMUNITY CINEMA AS A STRATEGY AGAINST VIOLENCE IN LATIN AMERICA Experience in a Vulnerable Urban Periphery","2025","Street Art and Urban Creativity","11","2","","123","144","0","0","10.25765/sauc.v11.5725","https://www.scopus.com/inward/record.uri?eid=2-s2.0-105008182277&doi=10.25765%2Fsauc.v11.5725&partnerID=40&md5=3406bf4a068abf5fae778b02b47ee25e","Article","Final","","Scopus","2-s2.0-105008182277"
"Sanmartin-Mendoza, P.; Palacio, C.; Coronel, B.; Villegas, L.; Ahumada-Tello, E.; Viloria-Nuñez, C.","Sanmartin-Mendoza, Paul (58921410900); Palacio, Camilo (59929915200); Coronel, Brian (59929620500); Villegas, Luis (59929620600); Ahumada-Tello, Eduardo (42960924400); Viloria-Nuñez, Cesar (35788581800)","58921410900; 59929915200; 59929620500; 59929620600; 42960924400; 35788581800","Business Performance, Social Networks, and Workforce Mental Health in Post-COVID-19 Barranquilla, Colombia","2025","IEEE Engineering Management Review","","","","","","0","0","10.1109/EMR.2025.3575426","https://www.scopus.com/inward/record.uri?eid=2-s2.0-105007361101&doi=10.1109%2FEMR.2025.3575426&partnerID=40&md5=dd4670a284809dafa67880ce9ec29d13","Article","aip","","Scopus","2-s2.0-105007361101"
"Canchila-Agámez, J.; García-Cardona, S.; Viloria-Nuñez, C.; Núñez-Ramos, J.A.; Rivas-Lalaleo, D.","Canchila-Agámez, José (59911907000); García-Cardona, Santiago (59911524400); Viloria-Nuñez, Cesar (35788581800); Núñez-Ramos, José Atilio (57194691936); Rivas-Lalaleo, David (57200511539)","59911907000; 59911524400; 35788581800; 57194691936; 57200511539","PROPOSED ARCHITECTURE FOR A PATIENT MANAGEMENT AND CLASSIFICATION SYSTEM IN THE TRIAGE PROCESS","2025","IET Conference Proceedings","2025","4","","127","132","0","0","10.1049/icp.2025.1256","https://www.scopus.com/inward/record.uri?eid=2-s2.0-105005954971&doi=10.1049%2Ficp.2025.1256&partnerID=40&md5=5e2ef394a064cecc2bdccb583acda7b3","Conference paper","Final","","Scopus","2-s2.0-105005954971"
"Gutiérrez-Ruiz, K.; Navarro, A.T.; Haydar, A.S.; Peluffo, N.V.","Gutiérrez-Ruiz, Karol Patricia (57192930752); Navarro, Andrea Trujillo (59900630900); Haydar, Andrea Sánchez (59900631000); Peluffo, Nohora Villadiego (59900770000)","57192930752; 59900630900; 59900631000; 59900770000","Work Motivation in the Millennial Era: Exploring Internal and External Drivers in a Colombian Sample","2025","Psychological Thought","18","1","","38","57","0","0","10.37708/psyct.v18i1.929","https://www.scopus.com/inward/record.uri?eid=2-s2.0-105005275043&doi=10.37708%2Fpsyct.v18i1.929&partnerID=40&md5=e6ff4b2d6787c9778f89308e8ad2acb3","Article","Final","All Open Access; Gold Open Access","Scopus","2-s2.0-105005275043"
"Acevedo, J.M.; Ribeiro, R.","Acevedo, Jeovanny Muentes (57350116000); Ribeiro, Raquel (56001294800)","57350116000; 56001294800","SOME REMARKS ON ANOSOV FAMILIES","2025","Dynamics of Continuous, Discrete and Impulsive Systems Series A: Mathematical Analysis","32","2","","107","126","0","0","","https://www.scopus.com/inward/record.uri?eid=2-s2.0-105004348953&partnerID=40&md5=e3a73d3a8aedac3d6c833dd416cc0622","Article","Final","","Scopus","2-s2.0-105004348953"
"De La Hoz Del Villar, R.C.; Del Rio Cortina, J.L.; Martínez-Palomino, O.S.M.; Rojas, R.R.","De La Hoz Del Villar, Rita Cecilia (59326410200); Del Rio Cortina, Jorge Luis (57197807415); Martínez-Palomino, Oriana Susana (58620428800); Rojas, Ronald R. (57212543326)","59326410200; 57197807415; 58620428800; 57212543326","Pursuing Innovation: Exploring the Relationship Between Museum Size and Creative Possibilities","2025","International Journal of the Inclusive Museum","18","2","","125","147","0","0","10.18848/1835-2014/CGP/v18i02/125-147","https://www.scopus.com/inward/record.uri?eid=2-s2.0-105004284471&doi=10.18848%2F1835-2014%2FCGP%2Fv18i02%2F125-147&partnerID=40&md5=a883c4550eae77225c33ddf59955d6a3","Article","Final","","Scopus","2-s2.0-105004284471"
"Puerta-Guardo, F.A.; Cantillo-Orozco, A.S.; Pérez-Correa, I.C.; Sanabria-Ospino, A.E.","Puerta-Guardo, Fabio Andrés (58619059200); Cantillo-Orozco, Ana Susana (59454824700); Pérez-Correa, Ivonne C. (59725876600); Sanabria-Ospino, Alfredo Enrique (59660319900)","58619059200; 59454824700; 59725876600; 59660319900","Financial sustainability in Colombia’s Lodging SMEs: the role of technological transformation in Colombia’s Lodging SMEs; Sostenibilidad financiera de las PYME hoteleras en Colombia: el papel de la transformación tecnológica en las Pymes de alojamiento en Colombia","2025","DYNA (Colombia)","92","235","","116","125","0","0","10.15446/dyna.v92n235.117382","https://www.scopus.com/inward/record.uri?eid=2-s2.0-105002064299&doi=10.15446%2Fdyna.v92n235.117382&partnerID=40&md5=416abdd46adea7b5f62dc27f487bd9e0","Article","Final","All Open Access; Gold Open Access","Scopus","2-s2.0-105002064299"
"Useche, J.; Pagnola, M.","Useche, J. F. (24537991200); Pagnola, Marcelo R. (14012202200)","24537991200; 14012202200","Vibration analysis of functionally graded epoxy/graphene composite plates using the Boundary Element Method and new micromechanical model","2025","Mechanics of Advanced Materials and Structures","32","5","","923","933","0","3","10.1080/15376494.2024.2357264","https://www.scopus.com/inward/record.uri?eid=2-s2.0-105001804137&doi=10.1080%2F15376494.2024.2357264&partnerID=40&md5=3a8b6b5ff22f42295a1c20918819148e","Article","Final","","Scopus","2-s2.0-105001804137"
"Valle, M.; Cardona, J.A.; Viloria-Nuñez, C.; Quintero M., C.G.","Valle, Maria Ines (58304321700); Cardona, Jairo Alberto (57809826100); Viloria-Nuñez, Cesar (35788581800); Quintero M., Christian G. (59407946800)","58304321700; 57809826100; 35788581800; 59407946800","Predicting Atmospheric Dispersion of Industrial Chemicals Using Machine Learning Approaches","2025","IEEE Access","13","","","47587","47604","0","1","10.1109/ACCESS.2025.3551259","https://www.scopus.com/inward/record.uri?eid=2-s2.0-105001331400&doi=10.1109%2FACCESS.2025.3551259&partnerID=40&md5=34bd5e9814ab9d43aed202ae868ae65f","Article","Final","All Open Access; Gold Open Access","Scopus","2-s2.0-105001331400"
"Gutiérrez-Ruiz, K.; Santoya-Montes, Y.","Gutiérrez-Ruiz, Karol Patricia (57192930752); Santoya-Montes, Yanin (57216345199)","57192930752; 57216345199","Early Detection of Neurodevelopmental Disorders as a Strategy for Educational Inclusion in Early Childhood Education","2025","International Journal of Disability, Development and Education","72","3","","523","539","0","0","10.1080/1034912X.2024.2370799","https://www.scopus.com/inward/record.uri?eid=2-s2.0-105001070961&doi=10.1080%2F1034912X.2024.2370799&partnerID=40&md5=379157ca8a10d96acf58c24a1605ba24","Article","Final","","Scopus","2-s2.0-105001070961"
"Marún-Uparela, K.; Arrieta-Flórez, R.; Medina-Arteta, R.; Contreras, R.S.","Marún-Uparela, Katleen (57222278899); Arrieta-Flórez, Rosaura (57257353100); Medina-Arteta, Ramón (59706552600); Contreras, Rafaela Sayas (59706552700)","57222278899; 57257353100; 59706552600; 59706552700","Permanent monocultures and biocultural rights violations: tensions in María la Baja, Montes de María, Colombia; Monocultivos permanentes y afectación a los derechos bioculturales: tensiones en María la Baja, Montes de María, Colombia","2025","Revista de Economia e Sociologia Rural","63","","e288416","","","0","0","10.1590/1806-9479.2025.288416","https://www.scopus.com/inward/record.uri?eid=2-s2.0-105000988562&doi=10.1590%2F1806-9479.2025.288416&partnerID=40&md5=c97b8105f3b4197db58a06bc5db6089d","Article","Final","All Open Access; Gold Open Access","Scopus","2-s2.0-105000988562"
"Perilla Granados, J.S.A.","Perilla Granados, Juan Sebastian Alejandro (57023375100)","57023375100","HERMENEUTIC FRAMEWORK OF THE SOCIAL STATE OF LAW; MARCO HERMENÊUTICO DO ESTADO SOCIAL DE DIREITO; Marco hermenéutico del Estado Social de Derecho","2025","Revista Direito GV","21","","e2504","","","0","0","10.1590/2317-6172202505","https://www.scopus.com/inward/record.uri?eid=2-s2.0-105000882473&doi=10.1590%2F2317-6172202505&partnerID=40&md5=d390b27565bebd01904d3d2442538f4d","Article","Final","All Open Access; Gold Open Access","Scopus","2-s2.0-105000882473"
"Mercado-Aguirre, I.; Gutiérrez-Ruiz, K.; Contreras-Ortiz, S.H.","Mercado-Aguirre, Isabela M. (57190165939); Gutiérrez-Ruiz, Karol Patricia (57192930752); Contreras-Ortiz, Sonia H. (57210822856)","57190165939; 57192930752; 57210822856","Classification of auditory ERPs for ADHD detection in children","2025","Journal of Medical Engineering and Technology","49","3","","69","78","0","1","10.1080/03091902.2025.2477506","https://www.scopus.com/inward/record.uri?eid=2-s2.0-105000508887&doi=10.1080%2F03091902.2025.2477506&partnerID=40&md5=5e0b1a9fade07b042b6e5798808e7f58","Article","Final","","Scopus","2-s2.0-105000508887"
"Díaz, Á.A.; Carrillo Caballero, G.E.; Escorcia, Y.C.; Ahmadi, M.H.; Sharifpur, M.; Ocampo Batlle, E.A.O.; Bortoni, E.","Díaz, Álvaro Arteaga (59702053200); Carrillo Caballero, Gaylord Enrique (57193171659); Escorcia, Yulineth Cárdenas (59533785300); Ahmadi, Mohammad Hossein (59732397100); Sharifpur, Mohsen (23092177300); Ocampo Batlle, Eric Alberto (57204692948); Bortoni, Edson C. (6506602516)","59702053200; 57193171659; 59533785300; 59732397100; 23092177300; 57204692948; 6506602516","Energetic, exergetic, environmental, and economic—4E analysis of an absorption refrigeration system operated by parabolic trough collectors","2025","International Journal of Low-Carbon Technologies","20","","","940","956","0","0","10.1093/ijlct/ctae142","https://www.scopus.com/inward/record.uri?eid=2-s2.0-105000485365&doi=10.1093%2Fijlct%2Fctae142&partnerID=40&md5=29c62b03675ca9585840590287a6bed8","Article","Final","All Open Access; Gold Open Access","Scopus","2-s2.0-105000485365"
"Acevedo-Patĩno, O.","Acevedo-Patĩno, Oscar (57197327858)","57197327858","Advancing energy innovations: Reflections on 2024, prospects for 2025","2024","Transactions on Energy Systems and Engineering Applications","5","2","817","1","2","0","0","10.32397/tesea.vol5.n2.817","https://www.scopus.com/inward/record.uri?eid=2-s2.0-85213848691&doi=10.32397%2Ftesea.vol5.n2.817&partnerID=40&md5=ad43831e53a2a59ddb570ea12125f771","Editorial","Final","All Open Access; Gold Open Access","Scopus","2-s2.0-85213848691"
"Vázquez-Miraz, P.; Fàbregues, S.; Escalante-Barrios, E.","Vázquez-Miraz, Pedro (57196040759); Fàbregues, Sergi (55216489400); Escalante-Barrios, Elsa Lucia (57216241745)","57196040759; 55216489400; 57216241745","The use of cinematographic material as an educational enhancement to lectures in a university environment; Utilización de material cinematográfico como mejora educativa respecto las clases magistrales en entorno universitario","2024","Revista de Estudios e Investigacion en Psicologia y Educacion","11","2","","","","0","0","10.17979/reipe.2024.11.2.10736","https://www.scopus.com/inward/record.uri?eid=2-s2.0-85212921208&doi=10.17979%2Freipe.2024.11.2.10736&partnerID=40&md5=41bde40e9d17b865636ebf36e203c32a","Article","Final","All Open Access; Gold Open Access","Scopus","2-s2.0-85212921208"
"Guillén-Rujano, R.; Contreras, V.; Palencia Díaz, A.P.; Velilla-Díaz, W.; Hernández-Pérez, A.","Guillén-Rujano, Renny Jesús (57200856614); Contreras, V. (57402246700); Palencia Díaz, Argemiro (56801043600); Velilla-Díaz, Wilmer (57208803496); Hernández-Pérez, Adrián (23050268300)","57200856614; 57402246700; 56801043600; 57208803496; 23050268300","Shear Stress Solutions for Curved Beams: A Structural Analysis Approach","2024","Materials","17","23","5982","","","0","0","10.3390/ma17235982","https://www.scopus.com/inward/record.uri?eid=2-s2.0-85212205512&doi=10.3390%2Fma17235982&partnerID=40&md5=9d08b2c4561a9fa87d8339e675d79e2d","Article","Final","All Open Access; Gold Open Access; Green Accepted Open Access; Green Open Access","Scopus","2-s2.0-85212205512"
"Velilla-Díaz, W.; Barrios, J.M.; Fábregas Villegas, J.F.; Palencia Díaz, A.P.","Velilla-Díaz, Wilmer (57208803496); Barrios, Johann Monroy (59469412200); Fábregas Villegas, Jonathan (57353034200); Palencia Díaz, Argemiro (56801043600)","57208803496; 59469412200; 57353034200; 56801043600","Advanced Control Strategies for Cleaner Energy Conversion in Biomass Gasification","2024","Sustainability (Switzerland)","16","23","10691","","","0","2","10.3390/su162310691","https://www.scopus.com/inward/record.uri?eid=2-s2.0-85211760972&doi=10.3390%2Fsu162310691&partnerID=40&md5=66dd0ff60c1f898ae7544ead8bd17e0e","Article","Final","All Open Access; Gold Open Access","Scopus","2-s2.0-85211760972"
"Sánchez, R.; Palencia Díaz, A.P.; Fábregas Villegas, J.F.; Velilla-Díaz, W.","Sánchez, Ricardo (59468610900); Palencia Díaz, Argemiro (56801043600); Fábregas Villegas, Jonathan (57353034200); Velilla-Díaz, Wilmer (57208803496)","59468610900; 56801043600; 57353034200; 57208803496","Fired Heaters Optimization by Estimating Real-Time Combustion Products Using Numerical Methods","2024","Energies","17","23","6190","","","0","1","10.3390/en17236190","https://www.scopus.com/inward/record.uri?eid=2-s2.0-85211759400&doi=10.3390%2Fen17236190&partnerID=40&md5=b933e2e7bbb92af51b35e38a437286e3","Article","Final","All Open Access; Gold Open Access","Scopus","2-s2.0-85211759400"
"Villar-Salinas, S.; Kanvinde, A.; López-Almansa, F.","Villar-Salinas, Sergio (57218294431); Kanvinde, Amit M. (9040155900); López-Almansa, Francisco (6603363834)","57218294431; 9040155900; 6603363834","Estimation of backbone model parameters for simulation of exposed column base plates","2024","Journal of Constructional Steel Research","223","","109034","","","0","2","10.1016/j.jcsr.2024.109034","https://www.scopus.com/inward/record.uri?eid=2-s2.0-85204426353&doi=10.1016%2Fj.jcsr.2024.109034&partnerID=40&md5=814fed0ed39131578e0230d2c80c489f","Article","Final","","Scopus","2-s2.0-85204426353"
"Camargo-Bertel, A.A.; Lizarazo, C.; Corredor, L.; Campillo, J.; Gonzalez-Quiroga, A.; Pupo-Roncallo, O.","Camargo-Bertel, Andrés André (59319653100); Lizarazo, Carel (58086066400); Corredor, Lesme Antonio (35092386000); Campillo, Javier E. (55609096600); Gonzalez-Quiroga, Arturo (57200700279); Pupo-Roncallo, O. R. (57211364524)","59319653100; 58086066400; 35092386000; 55609096600; 57200700279; 57211364524","Analyzing trends in energy modeling tools in Latin America: A comprehensive review","2024","Energy Reports","12","","","3075","3095","0","5","10.1016/j.egyr.2024.08.080","https://www.scopus.com/inward/record.uri?eid=2-s2.0-85203432764&doi=10.1016%2Fj.egyr.2024.08.080&partnerID=40&md5=03683b6a271836eaf2fc3a71a15af297","Review","Final","All Open Access; Gold Open Access","Scopus","2-s2.0-85203432764"
"Valencia-González, Y.; Alegría-Mejía, L.N.; Barreto-Maya, Á.P.; Bravo-Sierra, S.; Arango-Aguilar, J.P.","Valencia-González, Yamile G. (55427426100); Alegría-Mejía, Laura Natalia (59271245700); Barreto-Maya, Ángela Patricia (59269721500); Bravo-Sierra, Simón (59270224900); Arango-Aguilar, Juan Pablo (59270728600)","55427426100; 59271245700; 59269721500; 59270224900; 59270728600","Effect of void ratio on soil erodibility","2024","Case Studies in Chemical and Environmental Engineering","10","","100904","","","0","0","10.1016/j.cscee.2024.100904","https://www.scopus.com/inward/record.uri?eid=2-s2.0-85201510138&doi=10.1016%2Fj.cscee.2024.100904&partnerID=40&md5=d295bf4a70afdbcb451f7b9e3e5d63a0","Article","Final","All Open Access; Gold Open Access","Scopus","2-s2.0-85201510138"
"Vargas, R.; Romero, L.A.; Zhang, S.; Marrugo, A.G.","Vargas, Raúl (57117284600); Romero, Lenny A. (36142156300); Zhang, Song (12761761100); Marrugo, Andrés G. (24329839300)","57117284600; 36142156300; 12761761100; 24329839300","Calibration method based on virtual phase-to-coordinate mapping with linear correction function for structured light system","2024","Optics and Lasers in Engineering","183","","108496","","","0","5","10.1016/j.optlaseng.2024.108496","https://www.scopus.com/inward/record.uri?eid=2-s2.0-85201201922&doi=10.1016%2Fj.optlaseng.2024.108496&partnerID=40&md5=4d16e1d81b904ec8addadca93f28f12f","Review","Final","All Open Access; Hybrid Gold Open Access","Scopus","2-s2.0-85201201922"
"Fajardo Cuadro, J.G.; Barreto, D.; Yabrudy, D.; Pina-Martinez, A.; Pupo-Roncallo, O.; Buelvas, A.","Fajardo Cuadro, Juan Gabriel (56581610900); Barreto, Deibys (57190756815); Yabrudy, Daniel (57222075738); Pina-Martinez, Andrés (57060474700); Pupo-Roncallo, O. R. (57211364524); Buelvas, Ana Medina (57207884321)","56581610900; 57190756815; 57222075738; 57060474700; 57211364524; 57207884321","Energetic and exergoeconomic evaluation of a stig cycle and cooled inlet air gas turbine powered by mixtures of natural gas and H2 in tropical climates","2024","Heliyon","10","22","e40250","","","0","0","10.1016/j.heliyon.2024.e40250","https://www.scopus.com/inward/record.uri?eid=2-s2.0-85209352447&doi=10.1016%2Fj.heliyon.2024.e40250&partnerID=40&md5=c36bb52c52f5a8063751d472d19d9ebe","Article","Final","All Open Access; Gold Open Access; Green Accepted Open Access; Green Open Access","Scopus","2-s2.0-85209352447"
"Sanchez-Hernandez, S.; Vállez, N.; Bueno, G.; Marrugo, A.G.","Sanchez-Hernandez, Sergio A. (57220070743); Vállez, Noelia (36172704800); Bueno, M. G. (7003988757); Marrugo, Andrés G. (24329839300)","57220070743; 36172704800; 7003988757; 24329839300","Data augmentation via warping transforms for modeling natural variability in the corneal endothelium enhances semi-supervised segmentation","2024","PLOS ONE","19","11","e0311849","","","0","0","10.1371/journal.pone.0311849","https://www.scopus.com/inward/record.uri?eid=2-s2.0-85209255999&doi=10.1371%2Fjournal.pone.0311849&partnerID=40&md5=5e0fdcd43e781ad162adc54d89ec4f65","Article","Final","All Open Access; Gold Open Access; Green Accepted Open Access; Green Open Access","Scopus","2-s2.0-85209255999"
"Castano-Londono, L.; Marrugo Llorente, S.D.P.; Paipa-Sanabria, E.; Orozco-Lopez, M.B.; Fuentes Montaña, D.I.; Gonzalez-Montoya, D.","Castano-Londono, Luis (59400946700); Marrugo Llorente, Stefany Del Pilar (59401063000); Paipa-Sanabria, Edwin Giovanny (57540005800); Orozco-Lopez, María Belén (59394820200); Fuentes Montaña, David Ignacio (59401063100); Gonzalez-Montoya, Daniel (59226284100)","59400946700; 59401063000; 57540005800; 59394820200; 59401063100; 59226284100","Evolution of Algorithms and Applications for Unmanned Surface Vehicles in the Context of Small Craft: A Systematic Review","2024","Applied Sciences (Switzerland)","14","21","9693","","","0","6","10.3390/app14219693","https://www.scopus.com/inward/record.uri?eid=2-s2.0-85208472974&doi=10.3390%2Fapp14219693&partnerID=40&md5=434868c0907bc07bfedfcd87a1b44e84","Review","Final","All Open Access; Gold Open Access","Scopus","2-s2.0-85208472974"
"Useche, J.","Useche, J. F. (24537991200)","24537991200","Dynamic analysis of cracked thick composite shells by the Boundary Element Method","2024","Engineering Analysis with Boundary Elements","168","","105923","","","0","1","10.1016/j.enganabound.2024.105923","https://www.scopus.com/inward/record.uri?eid=2-s2.0-85201516931&doi=10.1016%2Fj.enganabound.2024.105923&partnerID=40&md5=c802ddfca9780a8203b86de3b5c1bc64","Article","Final","","Scopus","2-s2.0-85201516931"
"Acevedo, J.M.; Becker, A.J.; Baraviera, A.T.; Scopel, É.","Acevedo, Jeovanny Muentes (57350116000); Becker, Alex J. (58509537800); Baraviera, Alexandre Tavares (8944581000); Scopel, É. (59235377900)","57350116000; 58509537800; 8944581000; 59235377900","Metric Mean Dimension and Mean Hausdorff Dimension Varying the Metric","2024","Qualitative Theory of Dynamical Systems","23","Suppl 1","261","","","0","1","10.1007/s12346-024-01100-1","https://www.scopus.com/inward/record.uri?eid=2-s2.0-85201403312&doi=10.1007%2Fs12346-024-01100-1&partnerID=40&md5=e31c5f0f15f9a7d1ef3ae282ab9685b0","Article","Final","All Open Access; Hybrid Gold Open Access","Scopus","2-s2.0-85201403312"
"Mellado, C.; Hallin, D.C.; Blanchett, N.; Márquez-Ramírez, M.; Jackson, D.; Stepińska, A.; Skjerdal, T.; Himma, M.; McIntyre, K.; Hagen, L.M.; Amiel, P.; Abuali, Y.; Fahmy, N.; Boudana, S.; Chen, Y.-N.K.; Davidov, S.; de Maio, M.; Frías-Vázquez, M.; Garcés-Prettel, M.G.; Humanes, M.L.; Herczeg, P.; Lee, M.; Lin, C.I.-H.; Melki, J.; Mick, J.; Mincigrucci, R.; Ninković Slavnić, D.; Nolan, D.; Olivera, D.; Olmedo, S.; Pizarro, M.; Quinn, F.; Szabó, G.; van Leuven, S.; Viveros Aguilar, D.; Wyss, V.","Mellado, Claudia (24504020400); Hallin, Daniel C. (7801380370); Blanchett, Nicole (57218135615); Márquez-Ramírez, Mireya (57193011223); Jackson, Daniel (36739397800); Stepińska, Agnieszka (55445081400); Skjerdal, Terje Steinulfsson (35249359100); Himma, Marju (58839009700); McIntyre, Karen Elizabeth (57189991616); Hagen, Lutz M. (7005131996); Amiel, Pauline (57206723562); Abuali, Yasser (58068068500); Fahmy, Nagwa Abdel Salam (57214314987); Boudana, Sandrine (36095923800); Chen, Yi Ning Katherine (15847687100); Davidov, Sergey (58866816400); de Maio, Mariana (57156173100); Frías-Vázquez, Maximiliano (57211939466); Garcés-Prettel, Miguel Efrén (57193012270); Humanes, María Luisa (55505896600); Herczeg, Petra (55278771600); Lee, Misook (57200427121); Lin, Christi I.Hsuan (58243959600); Melki, Jad P. (55032965800); Mick, Jacques (57195683569); Mincigrucci, Roberto (57200603993); Ninković Slavnić, Danka (58867034600); Nolan, David J. (7103352200); Olivera, Dasniel (58243468800); Olmedo, Samantha (58867034700); Pizarro, Marcela F. (57223089108); Quinn, Fergal (57205486045); Szabó, Gabriella (43461961100); van Leuven, Sarah (41662325600); Viveros Aguilar, Diana (58476452300); Wyss, Vinzenz (54404209700)","24504020400; 7801380370; 57218135615; 57193011223; 36739397800; 55445081400; 35249359100; 58839009700; 57189991616; 7005131996; 57206723562; 58068068500; 57214314987; 36095923800; 15847687100; 58866816400; 57156173100; 57211939466; 57193012270; 55505896600; 55278771600; 57200427121; 58243959600; 55032965800; 57195683569; 57200603993; 58867034600; 7103352200; 58243468800; 58867034700; 57223089108; 57205486045; 43461961100; 41662325600; 58476452300; 54404209700","The societal context of professional practice: Examining the impact of politics and economics on journalistic role performance across 37 countries","2024","Journalism","25","11","","2237","2263","0","14","10.1177/14648849241229951","https://www.scopus.com/inward/record.uri?eid=2-s2.0-85184208061&doi=10.1177%2F14648849241229951&partnerID=40&md5=ec53edd219cf18b8f84225d5e91a78ee","Article","Final","All Open Access; Green Accepted Open Access; Green Open Access","Scopus","2-s2.0-85184208061"
"Sierra-Porta, D.; Petro-Ramos, J.D.; Ruiz-Morales, D.J.; Herrera-Acevedo, D.D.; García-Teheran, A.F.; Tarazona-Alvarado, M.","Sierra-Porta, D. (57191333650); Petro-Ramos, J. D. (59280337100); Ruiz-Morales, D. J. (59278273000); Herrera-Acevedo, D. D. (59278790000); García-Teheran, A. F. (59278273100); Tarazona-Alvarado, Miguel (57549522400)","57191333650; 59280337100; 59278273000; 59278790000; 59278273100; 57549522400","Machine learning models for predicting geomagnetic storms across five solar cycles using Dst index and heliospheric variables","2024","Advances in Space Research","74","8","","3483","3495","0","4","10.1016/j.asr.2024.08.031","https://www.scopus.com/inward/record.uri?eid=2-s2.0-85201642692&doi=10.1016%2Fj.asr.2024.08.031&partnerID=40&md5=f43dae48a1d2d5befc768a7dc4f50d50","Article","Final","All Open Access; Hybrid Gold Open Access","Scopus","2-s2.0-85201642692"
"Perilla Granados, J.S.A.","Perilla Granados, Juan Sebastian Alejandro (57023375100)","57023375100","Access to the Internet as a Human Right with a Socio-Collective Scope; El Acceso a Internet como Derecho Humano con Alcance Socio-Colectivo","2024","Revista de Direito, Estado e Telecomunicacoes","16","2","","236","256","0","0","10.26512/lstr.v16i2.50381","https://www.scopus.com/inward/record.uri?eid=2-s2.0-105000401657&doi=10.26512%2Flstr.v16i2.50381&partnerID=40&md5=262819189873c19d851ed8d7b698da2c","Article","Final","All Open Access; Gold Open Access","Scopus","2-s2.0-105000401657"
"Dominguez, Y.; Miranda, L.; Nuñez-Chongo, O.; Pardo-Díaz, A.; Taboada, A.; Agosín, V.; Alberto, A.; Alvarez-Ochoa, C.; Araya, J.; Arceo, R.; Areso, O.; Arnaldi, L.H.; Asorey, H.; Audelo, M.; Ballina-Escobar, M.G.; Blanco, D.; Bonilla, M.; Caballero-Mora, K.S.; Caiza, R.; Calderón-Ardila, R.; Fauth, A.C.; Carramiñana Alonso, A.; Carrera Jarrin, E.; Castromonte, C.; Cazar-Ramírez, D.; Gutierrez, C.; Clarizio, V.; Cogollo, D.; Coloma-Borja, D.; Conde, R.; Cotzomi, J.; Dasso, S.; Albuquerque, A.; Reis, J.H.A.P.; De-León, H.; Domínguez, D.; Durán, J.A.; Echiburu, M.; Gonzalez, M.; Gómez Berisso, M.; Grisales-Casadiegos, J.; Gulisano, A.M.; Carlos Helo, J.; Huanca, C.; Ise, J.E.; Leiguide-Oliveira, M.A.; Luzio, V.P.; Machado, F.; Manriquez, D.; Martinez-Mendez, A.; Mayo-García, R.; Mijangos, L.G.; Miranda, P.; Mischieri, M.G.; Molina, M.G.; Morales-Olivares, O.G.; Moreno-Barbosa, E.; Muñoz, P.; Nina, C.; Núñez, L.A.; Otiniano Ormachea, L.; Pagan-Munoz, R.; Palma, L.; Parra, R.; Penã-Rodríguez, J.; Pereira, M.; Pérez, H.; Pisco-Guabave, J.; Ponce, E.; Quispe, R.; Raljevic, M.; Ramelli, M.; Rubinstein, L.T.; Rubio-Montero, A.J.; Sacahui, J.R.; Salazar, H.; Cardenas, J.; Santos, N.A.; Sarmiento-Cano, C.; Sidelnik, I.; Sierra-Porta, D.; Soto, O.; Stuani, L.; Suárez-Durán, M.; Subieta, M.; Taboada-Núñez, A.; Terrazas, J.; Menacho, R.; Torres Peralta, T.; Ulloa, P.; Urrutia, Z.R.; Vásquez, N.; Vázquez-Ramírez, A.; Vega, J.; Vega-Jorquera, P.; Vega, A.; Vesga-Ramírez, A.; Villaseñor-Cendejas, L.; Ribeiro, V.R.; Wiklich-Sobrinho, R.","Dominguez, Y. (58900732700); Miranda, L. (59475833900); Nuñez-Chongo, O. De La C. (56307955900); Pardo-Díaz, Alfonso (57454609300); Taboada, Alvaro (57191876716); Agosín, V. (57454614600); Alberto, A. (57454615800); Alvarez-Ochoa, César (57204361875); Araya, J. (57454609400); Arceo, Roberto (56000791900); Areso, Omar (55823390700); Arnaldi, L. H. (57207859685); Asorey, Hernan G. (35276880300); Audelo, M. (57163821900); Ballina-Escobar, M. G. (57454586300); Blanco, D. (59475802800); Bonilla, Mauro J. (59476336000); Caballero-Mora, K. S. (35277083500); Caiza, R. (57501009800); Calderón-Ardila, R. (57217101274); Fauth, A. C. (6603574466); Carramiñana Alonso, A. (59476336100); Carrera Jarrin, E. (57207894092); Castromonte, C. M. (35227093400); Cazar-Ramírez, D. F. (55782977800); Gutierrez, C. (59475934300); Clarizio, V. (59475834000); Cogollo, Diego (25521229300); Coloma-Borja, D. A. (57454610200); Conde, Rubén (57198243209); Cotzomi, Jorge (56013624800); Dasso, Sergio (8412000000); Albuquerque, A. (57454594100); Reis, J. H.A.P. (57454603700); De-León, H. (57454594200); Domínguez, D. (57454603800); Durán, J. A. (59476029100); Echiburu, Mauricio (58062722000); Gonzalez, M. (57202605031); Gómez Berisso, Mariano (6603556969); Grisales-Casadiegos, J. (57219741482); Gulisano, Adriana María (12244137500); Carlos Helo, Juan Carlos (16244695400); Huanca, C. (59476029200); Ise, J. E. (57454604400); Leiguide-Oliveira, M. A. (56811445800); Luzio, Vitor Prestes (56125520600); Machado, F. (57454603900); Manriquez, D. (57454592800); Martinez-Mendez, A. (57194187605); Mayo-García, Rafael (36179949900); Mijangos, L. G. (57454610300); Miranda, Pedro P. (45361339100); Mischieri, M. G. (59476131800); Molina, María G. (37009345200); Morales-Olivares, O. G. (35105493400); Moreno-Barbosa, Eduardo (57221812613); Muñoz, P. (57542541400); Nina, C. (57194194846); Núñez, L. A. (7102162793); Otiniano Ormachea, L. (55323044700); Pagan-Munoz, Raul (57221514175); Palma, L. (59476336200); Parra, R. (57454614400); Penã-Rodríguez, Jésus (57110339100); Pereira, Matías (57454577300); Pérez, Hector (57194200310); Pisco-Guabave, J. (57219416102); Ponce, Lancho E. (16029702500); Quispe, R. (59476336300); Raljevic, M. (57201615002); Ramelli, M. (57194188328); Rubinstein, Lucas T. (57454605300); Rubio-Montero, A. J. (21743594400); Sacahui, José Rodrigo (26429938000); Salazar, Humberto (55106650100); Cardenas, Jorge Samanes (36662892500); Santos, Noelia Ayelén (57543275300); Sarmiento-Cano, C. Camilo (57110452900); Sidelnik, Iván P. (35277487100); Sierra-Porta, D. (57191333650); Soto, O. (55787422600); Stuani, L. Augusto (58676820000); Suárez-Durán, Mauricio (53863979400); Subieta, M. A. (35769798800); Taboada-Núñez, A. (59476235100); Terrazas, Juan Carlos (57194393792); Menacho, Willy (6603471818); Torres Peralta, T. (57454598600); Ulloa, Pablo A. (56221605700); Urrutia, Z. R. (8376255600); Vásquez, Nicolás A. (22981971900); Vázquez-Ramírez, A. (57454610400); Vega, J. (57217101592); Vega-Jorquera, Pedro (55928827000); Vega, A. (57219687413); Vesga-Ramírez, Alejandra (57219527685); Villaseñor-Cendejas, Luis Manuel (56013747600); Ribeiro, V. R. (59476336400); Wiklich-Sobrinho, Rafaela (57201620434)","58900732700; 59475833900; 56307955900; 57454609300; 57191876716; 57454614600; 57454615800; 57204361875; 57454609400; 56000791900; 55823390700; 57207859685; 35276880300; 57163821900; 57454586300; 59475802800; 59476336000; 35277083500; 57501009800; 57217101274; 6603574466; 59476336100; 57207894092; 35227093400; 55782977800; 59475934300; 59475834000; 25521229300; 57454610200; 57198243209; 56013624800; 8412000000; 57454594100; 57454603700; 57454594200; 57454603800; 59476029100; 58062722000; 57202605031; 6603556969; 57219741482; 12244137500; 16244695400; 59476029200; 57454604400; 56811445800; 56125520600; 57454603900; 57454592800; 57194187605; 36179949900; 57454610300; 45361339100; 59476131800; 37009345200; 35105493400; 57221812613; 57542541400; 57194194846; 7102162793; 55323044700; 57221514175; 59476336200; 57454614400; 57110339100; 57454577300; 57194200310; 57219416102; 16029702500; 59476336300; 57201615002; 57194188328; 57454605300; 21743594400; 26429938000; 55106650100; 36662892500; 57543275300; 57110452900; 35277487100; 57191333650; 55787422600; 58676820000; 53863979400; 35769798800; 59476235100; 57194393792; 6603471818; 57454598600; 56221605700; 8376255600; 22981971900; 57454610400; 57217101592; 55928827000; 57219687413; 57219527685; 56013747600; 59476336400; 57201620434","Applications of Low Energy Astroparticle Simulations on HPC and Cloud Infrastructures","2024","Proceedings of Science","444","","242","","","0","0","","https://www.scopus.com/inward/record.uri?eid=2-s2.0-85212266600&partnerID=40&md5=9ef00174fe71a26a634d286663807e64","Conference paper","Final","","Scopus","2-s2.0-85212266600"
"Aguado, L.F.; Heredia-Carroza, J.; Espinosa-Espinosa, A.; Garizado-Román, P.A.; Duque-Sandoval, H.","Aguado, Luis F. (57203302360); Heredia-Carroza, Jesus (57207991049); Espinosa-Espinosa, Aarón (57211108028); Garizado-Román, Paola Andrea (57194624649); Duque-Sandoval, Henry (57194617359)","57203302360; 57207991049; 57211108028; 57194624649; 57194617359","ANATOMY OF THE ECONOMIC VALUE GENERATED BY A CULTURAL EVENT","2024","Journal of Business Economics and Management","25","4","","828","848","0","0","10.3846/jbem.2024.22066","https://www.scopus.com/inward/record.uri?eid=2-s2.0-85205989532&doi=10.3846%2Fjbem.2024.22066&partnerID=40&md5=7c241a5199a601eb37c0424d514bea3b","Article","Final","All Open Access; Gold Open Access; Green Accepted Open Access; Green Open Access","Scopus","2-s2.0-85205989532"
"de la Ossa, E.D.; Vázquez-Miraz, P.; Fortich-Pérez, D.; Campo-Landines, K.","de la Ossa, Elsy Domínguez (57223851529); Vázquez-Miraz, Pedro (57196040759); Fortich-Pérez, David J. (57201036449); Campo-Landines, Kiara Coralia (57205565967)","57223851529; 57196040759; 57201036449; 57205565967","Citizenship Competencies to Counter Bullying in Cartagena, Colombia; Competências de cidadania contra o assédio moral em Cartagena, Colômbia; Competencias ciudadanas contra el acoso escolar en Cartagena, Colombia","2024","Revista Electronica Educare","28","3","","","","0","0","10.15359/ree.28-3.18479","https://www.scopus.com/inward/record.uri?eid=2-s2.0-85213411781&doi=10.15359%2Free.28-3.18479&partnerID=40&md5=37e7bd0c3f8f923fd9e78d1bab087731","Article","Final","All Open Access; Gold Open Access; Green Accepted Open Access; Green Open Access","Scopus","2-s2.0-85213411781"
"Vázquez-Miraz, P.; Medina-Reyes, M.F.","Vázquez-Miraz, Pedro (57196040759); Medina-Reyes, María Fernanda (57221229836)","57196040759; 57221229836","MÉTODOS MIXTOS DE INVESTIGACIÓN: INTEGRANDO MÉTODOS CUANTITATIVOS Y CUALITATIVOS José Francisco Molina Azorín, Sergi Fàbregues Feijóo y Elsa Lucía Escalante Barrios. Madrid, 2024","2024","Empiria","","62","","219","222","0","0","10.5944/empiria.62.2024.42124","https://www.scopus.com/inward/record.uri?eid=2-s2.0-85211699174&doi=10.5944%2Fempiria.62.2024.42124&partnerID=40&md5=1c6893e83d7f70e84d454f901afa9897","Article","Final","All Open Access; Gold Open Access","Scopus","2-s2.0-85211699174"
"Perilla Granados, J.S.A.","Perilla Granados, Juan Sebastian Alejandro (57023375100)","57023375100","Diverse Families Made Up of Subjects Expelled from their Biological Families: A Hermeneutical Proposal for Constitutional Protection; Familias diversas conformadas por sujetos expulsados de sus familias biológicas: una propuesta hermenéutica de protección constitucional","2024","Revista Derecho del Estado","","60","","83","105","0","0","10.18601/01229893.n60.05","https://www.scopus.com/inward/record.uri?eid=2-s2.0-85203236837&doi=10.18601%2F01229893.n60.05&partnerID=40&md5=1fc022ec36fb4693021dc24430350ac5","Article","Final","All Open Access; Gold Open Access","Scopus","2-s2.0-85203236837"
"Fábregas Villegas, J.F.; Ospino, I.T.; Palencia Díaz, A.P.","Fábregas Villegas, Jonathan (57353034200); Ospino, I. Tovar (59252527800); Palencia Díaz, Argemiro (56801043600)","57353034200; 59252527800; 56801043600","Electrification as a development and sustainability approach in rural areas using renewable energy sources","2024","Global Journal of Environmental Science and Management","10","4","","2115","2126","0","2","10.22034/gjesm.2024.04.37","https://www.scopus.com/inward/record.uri?eid=2-s2.0-85200730130&doi=10.22034%2Fgjesm.2024.04.37&partnerID=40&md5=eaafa6344cb9d07e59a91e7ecb089665","Article","Final","","Scopus","2-s2.0-85200730130"
"Tello, A.; Ribero, J.D.; Galvis-Ramírez, V.; Berrospi, R.D.; Marrugo, A.G.; Quintero, F.; Prada, A.M.; Romero, L.A.; Villamizar, S.J.","Tello, Alejandro (6603664598); Ribero, Juan Daniel (59250020400); Galvis-Ramírez, Virgilio (55963715000); Berrospi, Rubén D. (56771520000); Marrugo, Andrés G. (24329839300); Quintero, Fernando J. (57221475394); Prada, Angélica María (55767855400); Romero, Lenny A. (36142156300); Villamizar, Sylvia J. (57751582600)","6603664598; 59250020400; 55963715000; 56771520000; 24329839300; 57221475394; 55767855400; 36142156300; 57751582600","Letter Regarding: Influence of Subclinical Corneal Edema on Contrast Sensitivity in Fuchs Endothelial Corneal Dystrophy","2024","Cornea","43","9","","e19","e20","0","2","10.1097/ICO.0000000000003568","https://www.scopus.com/inward/record.uri?eid=2-s2.0-85200620293&doi=10.1097%2FICO.0000000000003568&partnerID=40&md5=b58db65b27a232a28f7b8495dea8f426","Letter","Final","","Scopus","2-s2.0-85200620293"
"Martinez Villadiego, K.; Arias Tapia, M.J.; Jaramillo, A.F.","Martinez Villadiego, Keydis (57219398941); Arias Tapia, Mary Judith (57219403758); Jaramillo, Andrés Felipe (56927920300)","57219398941; 57219403758; 56927920300","Improving thermal stability of starches native cross-linked with citric acid as a compatibilizer for thermoplastic starch/polylactic acid blends","2024","Polymer Bulletin","81","14","","13253","13274","0","5","10.1007/s00289-024-05315-9","https://www.scopus.com/inward/record.uri?eid=2-s2.0-85195317959&doi=10.1007%2Fs00289-024-05315-9&partnerID=40&md5=45e85d997c17ca0fcf6013a88c6af0ed","Article","Final","All Open Access; Hybrid Gold Open Access","Scopus","2-s2.0-85195317959"
"Prada, A.M.; Quintero, F.; Mendoza, K.; Galvis-Ramírez, V.; Tello, A.; Romero, L.A.; Marrugo, A.G.","Prada, Angélica María (55767855400); Quintero, Fernando J. (57221475394); Mendoza, Kevin D. (57221460700); Galvis-Ramírez, Virgilio (55963715000); Tello, Alejandro (6603664598); Romero, Lenny A. (36142156300); Marrugo, Andrés G. (24329839300)","55767855400; 57221475394; 57221460700; 55963715000; 6603664598; 36142156300; 24329839300","Assessing Fuchs Corneal Endothelial Dystrophy Using Artificial Intelligence-Derived Morphometric Parameters From Specular Microscopy Images","2024","Cornea","43","9","","1080","1087","0","9","10.1097/ICO.0000000000003460","https://www.scopus.com/inward/record.uri?eid=2-s2.0-85193015919&doi=10.1097%2FICO.0000000000003460&partnerID=40&md5=fea6f60b5ddea55461892838bdab41b7","Article","Final","All Open Access; Green Accepted Open Access; Green Open Access; Hybrid Gold Open Access","Scopus","2-s2.0-85193015919"
"Duque, A.; Henao, N.; Agbossou, K.; Kelouwani, S.; Oviedo, J.C.; Dominguez-Jimenez, J.A.","Duque, Alejandro (57211325566); Henao, Nilson (55366621800); Agbossou, Kodjo A. (56238417000); Kelouwani, Sousso (6506420706); Oviedo, Juan C. (56396406900); Dominguez-Jimenez, J. A. (56682770100)","57211325566; 55366621800; 56238417000; 6506420706; 56396406900; 56682770100","Is it worthwhile to participate in transactive energy? A decision-making model for empowering residential customers","2024","Electricity Journal","37","7-10","107447","","","0","1","10.1016/j.tej.2024.107447","https://www.scopus.com/inward/record.uri?eid=2-s2.0-85209573960&doi=10.1016%2Fj.tej.2024.107447&partnerID=40&md5=5638081650321ffbd854b9d342e40ee4","Article","Final","All Open Access; Hybrid Gold Open Access","Scopus","2-s2.0-85209573960"
"Barrios, E.M.; Pineda, J.; Romero, L.A.; Millán, M.S.; Marrugo, A.G.","Barrios, Erik M. (57209542195); Pineda, Jesus (57192270016); Romero, Lenny A. (36142156300); Millán, María S. (7201466399); Marrugo, Andrés G. (24329839300)","57209542195; 57192270016; 36142156300; 7201466399; 24329839300","Hybrid lighting enhances color accuracy in DLP-based 3D imaging","2024","Optical Engineering","63","8","","","","0","0","10.1117/1.OE.63.8.083105","https://www.scopus.com/inward/record.uri?eid=2-s2.0-85203251671&doi=10.1117%2F1.OE.63.8.083105&partnerID=40&md5=3c01f95285f57c787f588ca48982c5ef","Article","Final","","Scopus","2-s2.0-85203251671"
"Martínez-Trespalacios, J.A.; Polo-Herrera, D.E.; Félix-Massa, T.Y.; Hernández-Rivera, S.P.; Hernández-Fernández, J.A.; Colpas-Castillo, F.; Castro-Suarez, J.R.","Martínez-Trespalacios, J. A. (57218161727); Polo-Herrera, Daniel E. (59254261300); Félix-Massa, Tamara Y. (26325336700); Hernández-Rivera, Samuel P. (57204205788); Hernández-Fernández, Joaquín Alejandro (57210432772); Colpas-Castillo, Fredy (55696750500); Castro-Suarez, John R. (39161075600)","57218161727; 59254261300; 26325336700; 57204205788; 57210432772; 55696750500; 39161075600","QCL Infrared Spectroscopy Combined with Machine Learning as a Useful Tool for Classifying Acetaminophen Tablets by Brand","2024","Molecules","29","15","3562","","","0","3","10.3390/molecules29153562","https://www.scopus.com/inward/record.uri?eid=2-s2.0-85200920384&doi=10.3390%2Fmolecules29153562&partnerID=40&md5=fc506cd198aff2f50e3e445edfcba80c","Article","Final","All Open Access; Gold Open Access; Green Accepted Open Access; Green Open Access","Scopus","2-s2.0-85200920384"
"Sierra-Porta, D.","Sierra-Porta, D. (57191333650)","57191333650","A multifractal approach to understanding Forbush Decrease events: Correlations with geomagnetic storms and space weather phenomena","2024","Chaos, Solitons and Fractals","185","","115089","","","0","4","10.1016/j.chaos.2024.115089","https://www.scopus.com/inward/record.uri?eid=2-s2.0-85195062478&doi=10.1016%2Fj.chaos.2024.115089&partnerID=40&md5=75fac1e92da72caa5bcb9cca40e4344c","Article","Final","All Open Access; Hybrid Gold Open Access","Scopus","2-s2.0-85195062478"
"Acevedo-Barrios, R.; Tirado-Ballestas, I.P.; Bertel-Sevilla, A.; Cervantes-Ceballos, L.; Gallego, J.L.; Leal, M.A.; Tovar Rodríguez, D.; Olivero-Verbel, J.","Acevedo-Barrios, R. L. (56674579200); Tirado-Ballestas, Irina P. (55929356800); Bertel-Sevilla, Angela (56411953400); Cervantes-Ceballos, Leonor (57056265700); Gallego, Jorge L. (57200334980); Leal, Maria Angélica (58310191500); Tovar Rodríguez, David F. (58310000000); Olivero-Verbel, Jesus T.V. (9736353600)","56674579200; 55929356800; 56411953400; 57056265700; 57200334980; 58310191500; 58310000000; 9736353600","Bioprospecting of extremophilic perchlorate-reducing bacteria: report of promising Bacillus spp. isolated from sediments of the bay of Cartagena, Colombia","2024","Biodegradation","35","5","","601","620","0","11","10.1007/s10532-024-10079-0","https://www.scopus.com/inward/record.uri?eid=2-s2.0-85190552002&doi=10.1007%2Fs10532-024-10079-0&partnerID=40&md5=2596dc5e847457c0da422b1a39bc90e7","Article","Final","All Open Access; Green Accepted Open Access; Green Open Access; Hybrid Gold Open Access","Scopus","2-s2.0-85190552002"
"Sanchez-Hernandez, S.; Casillo, D.; Merlano, A.; Barrera, J.; Morales, A.; Contreras, E.","Sanchez-Hernandez, Sergio A. (57220070743); Casillo, Daniel (58921446900); Merlano, Andres (58921590000); Barrera, Julian (58921495900); Morales, Alex D. (59454679600); Contreras, E. (57195682051)","57220070743; 58921446900; 58921590000; 58921495900; 59454679600; 57195682051","Technological prototype with artificial intelligence for military security in river environments","2024","Transactions on Energy Systems and Engineering Applications","5","2","607","","","0","0","10.32397/tesea.vol5.n2.607","https://www.scopus.com/inward/record.uri?eid=2-s2.0-85209921877&doi=10.32397%2Ftesea.vol5.n2.607&partnerID=40&md5=af369b5bc842f9ca9765bd76fb86ddb9","Article","Final","All Open Access; Gold Open Access","Scopus","2-s2.0-85209921877"
"Guerrero-Granados, B.; Quintero M., C.G.; Viloria-Nuñez, C.; Jimeno, M.","Guerrero-Granados, Bethsy (58305746000); Quintero M., Christian G. (59407946800); Viloria-Nuñez, Cesar (35788581800); Jimeno, Miguel A. (23008832200)","58305746000; 59407946800; 35788581800; 23008832200","Enhancing disaster management through multi-objective water wave optimization for medical supplies storage and distribution","2024","Transactions on Energy Systems and Engineering Applications","5","2","620","","","0","0","10.32397/tesea.vol5.n2.620","https://www.scopus.com/inward/record.uri?eid=2-s2.0-85208467379&doi=10.32397%2Ftesea.vol5.n2.620&partnerID=40&md5=dad2811c48f24ea524ff0e6c9be34f59","Article","Final","All Open Access; Gold Open Access","Scopus","2-s2.0-85208467379"
"Perilla Granados, J.S.A.","Perilla Granados, Juan Sebastian Alejandro (57023375100)","57023375100","Fundamental right to love in Colombia: a rhetorical constitutional commitment with limited practical materialization; DERECHO FUNDAMENTAL AL AMOR EN COLOMBIA: UN COMPROMISO CONSTITUCIONAL RETÓRICO CON LIMITADA MATERIALIZACIÓN PRÁCTICA","2024","Estudios de Deusto","72","2","","195","217","0","0","10.18543/ed.3211","https://www.scopus.com/inward/record.uri?eid=2-s2.0-85213266990&doi=10.18543%2Fed.3211&partnerID=40&md5=0d347fb3c650e7cf14fdbb516849a811","Article","Final","All Open Access; Gold Open Access","Scopus","2-s2.0-85213266990"
"Perilla Granados, J.S.A.","Perilla Granados, Juan Sebastian Alejandro (57023375100)","57023375100","The limits of transparency in merit contests to elect representatives in Colombia; Los límites de la transparencia en los concursos de mérito para elegir personeros en Colombia","2024","Revista Espanola de la Transparencia","","20","","251","266","0","0","10.51915/ret.353","https://www.scopus.com/inward/record.uri?eid=2-s2.0-85212862312&doi=10.51915%2Fret.353&partnerID=40&md5=9701004a1d5b35d867a5748695122226","Article","Final","All Open Access; Gold Open Access","Scopus","2-s2.0-85212862312"
"Fábregas Villegas, J.F.; Palencia Díaz, A.P.; Buitrago, C.","Fábregas Villegas, Jonathan (57353034200); Palencia Díaz, Argemiro (56801043600); Buitrago, Carlos (59273820800)","57353034200; 56801043600; 59273820800","Analyzing and Validating Energy Performance through Computational Simulation of a Helical Vertical Axis Wind Turbine","2024","Journal of Advanced Research in Fluid Mechanics and Thermal Sciences","119","2","","103","113","0","0","10.37934/arfmts.119.2.103113","https://www.scopus.com/inward/record.uri?eid=2-s2.0-85201561382&doi=10.37934%2Farfmts.119.2.103113&partnerID=40&md5=7f1aab17fd2b81938d642185e9a5423a","Article","Final","All Open Access; Hybrid Gold Open Access","Scopus","2-s2.0-85201561382"
"Sierra-Porta, D.; Tarazona-Alvarado, M.; Acevedo, D.D.H.","Sierra-Porta, D. (57191333650); Tarazona-Alvarado, Miguel (57549522400); Acevedo, D. D.Herrera (58544189400)","57191333650; 57549522400; 58544189400","Predicting sunspot number from topological features in spectral images I: Machine learning approach","2024","Astronomy and Computing","48","","100857","","","0","1","10.1016/j.ascom.2024.100857","https://www.scopus.com/inward/record.uri?eid=2-s2.0-85199282382&doi=10.1016%2Fj.ascom.2024.100857&partnerID=40&md5=09953f7a30ab8490881e5294490ee141","Article","Final","All Open Access; Hybrid Gold Open Access","Scopus","2-s2.0-85199282382"
"Salas-Navarro, K.; Castro-García, L.; Assan-Barrios, K.; Vergara-Bujato, K.; Zamora-Musa, R.","Salas-Navarro, Katherinne (57193504630); Castro-García, Lia (59216996300); Assan-Barrios, Karolay (59217146200); Vergara-Bujato, Karen (59217146300); Zamora-Musa, Ronald (57192389508)","57193504630; 59216996300; 59217146200; 59217146300; 57192389508","Reverse Logistics and Sustainability: A Bibliometric Analysis","2024","Sustainability (Switzerland)","16","13","5279","","","0","7","10.3390/su16135279","https://www.scopus.com/inward/record.uri?eid=2-s2.0-85198421581&doi=10.3390%2Fsu16135279&partnerID=40&md5=b4a690bde7a3056dac4ddb478a256b56","Review","Final","All Open Access; Gold Open Access","Scopus","2-s2.0-85198421581"
"Monroy-Licht, A.; Carranza-Lopez, L.; De la Parra-Guerra, A.C.; Acevedo-Barrios, R.","Monroy-Licht, Andrea (57456149600); Carranza-Lopez, Liliana (57190434346); De la Parra-Guerra, A. C. (57192208583); Acevedo-Barrios, R. L. (56674579200)","57456149600; 57190434346; 57192208583; 56674579200","Unlocking the potential of Eichhornia crassipes for wastewater treatment: phytoremediation of aquatic pollutants, a strategy for advancing Sustainable Development Goal-06 clean water","2024","Environmental Science and Pollution Research","31","31","","43561","43582","0","11","10.1007/s11356-024-33698-9","https://www.scopus.com/inward/record.uri?eid=2-s2.0-85196814427&doi=10.1007%2Fs11356-024-33698-9&partnerID=40&md5=cc45b88be2002dd14e133242ff849dfb","Review","Final","All Open Access; Green Accepted Open Access; Green Open Access; Hybrid Gold Open Access","Scopus","2-s2.0-85196814427"
"Fàbregues, S.; Younas, A.; Escalante-Barrios, E.; Molina-Azorín, J.F.; Vázquez-Miraz, P.","Fàbregues, Sergi (55216489400); Younas, Ahtisham (57195465605); Escalante-Barrios, Elsa Lucia (57216241745); Molina-Azorín, José F. (14048778500); Vázquez-Miraz, Pedro (57196040759)","55216489400; 57195465605; 57216241745; 14048778500; 57196040759","Toward a Framework for Appraising the Quality of Integration in Mixed Methods Research","2024","Journal of Mixed Methods Research","18","3","","270","280","0","12","10.1177/15586898241257555","https://www.scopus.com/inward/record.uri?eid=2-s2.0-85195195203&doi=10.1177%2F15586898241257555&partnerID=40&md5=846932e5d8c3261f7d4e69b4b66b4d61","Article","Final","All Open Access; Green Accepted Open Access; Green Open Access; Hybrid Gold Open Access","Scopus","2-s2.0-85195195203"
"Perilla Granados, J.S.A.","Perilla Granados, Juan Sebastian Alejandro (57023375100)","57023375100","Possibilities of conflict management using artificial intelligence in Latin American justice administration systems; Possibilidades de gerenciamento de conflitos por meio de inteligência artificial nos sistemas de administração de justiça da América Latina; Posibilidades de gestión de conflictos mediante la inteligencia artificial en los sistemas de administración de justicia latinoamericanos","2024","Revista Oficial del Poder Judicial","16","22","","449","473","0","1","10.35292/ropj.v16i22.1025","https://www.scopus.com/inward/record.uri?eid=2-s2.0-105000195955&doi=10.35292%2Fropj.v16i22.1025&partnerID=40&md5=b51bf0e0db1072d85437459659f3f3c9","Article","Final","All Open Access; Gold Open Access","Scopus","2-s2.0-105000195955"
"Pagnola, M.; Useche, J.; Faig, J.; Ferrari, S.; Martínez, G.R.","Pagnola, Marcelo R. (14012202200); Useche, J. F. (24537991200); Faig, J. (59252556300); Ferrari, Sergio (36004546800); Martínez, García R. (59251911900)","14012202200; 24537991200; 59252556300; 36004546800; 59251911900","Study of the properties of a composite material Fe78 Si9 B13 / GNP in an epoxy matrix","2024","Transactions on Energy Systems and Engineering Applications","5","1","593","","","0","0","10.32397/TESEA.VOL5.N1.593","https://www.scopus.com/inward/record.uri?eid=2-s2.0-85200794905&doi=10.32397%2FTESEA.VOL5.N1.593&partnerID=40&md5=00d715109fc54c0eead7284c42895cdf","Article","Final","All Open Access; Gold Open Access","Scopus","2-s2.0-85200794905"
"Acevedo-Patĩno, O.","Acevedo-Patĩno, Oscar (57197327858)","57197327858","Engineering the Future: TESEA’s Commitment to Quality and Innovation","2024","Transactions on Energy Systems and Engineering Applications","5","1","705","","","0","0","10.32397/TESEA.VOL5.N1.705","https://www.scopus.com/inward/record.uri?eid=2-s2.0-85200404329&doi=10.32397%2FTESEA.VOL5.N1.705&partnerID=40&md5=040e39c5f6f701b19e39840155c4b402","Editorial","Final","All Open Access; Gold Open Access","Scopus","2-s2.0-85200404329"
"Paipa-Sanabria, E.; Orozco-Lopez, M.B.; Escalante-Torres, F.; Camargo-Díaz, C.P.; Zapata-Cortés, J.A.","Paipa-Sanabria, Edwin Giovanny (57540005800); Orozco-Lopez, María Belén (59394820200); Escalante-Torres, Felipe S. (59230387200); Camargo-Díaz, Clara Paola (57963643200); Zapata-Cortés, Julián Andrés (55258445000)","57540005800; 59394820200; 59230387200; 57963643200; 55258445000","Exploring the Landscape of Eco-Innovation: A Bibliometric Analysis of Concepts and Trends in the Manufacturing and Shipbuilding Industries","2024","Sustainability (Switzerland)","16","12","5188","","","0","5","10.3390/su16125188","https://www.scopus.com/inward/record.uri?eid=2-s2.0-85203971122&doi=10.3390%2Fsu16125188&partnerID=40&md5=304bc60e24ca8c8005e6df204a244645","Review","Final","All Open Access; Gold Open Access; Green Final Open Access; Green Open Access","Scopus","2-s2.0-85203971122"
"Tello, A.; Galvis-Ramírez, V.; Berrospi, R.D.; Marrugo, A.G.; Quintero, F.; Prada, A.M.; Romero, L.A.","Tello, Alejandro (6603664598); Galvis-Ramírez, Virgilio (55963715000); Berrospi, Rubén D. (56771520000); Marrugo, Andrés G. (24329839300); Quintero, Fernando J. (57221475394); Prada, Angélica María (55767855400); Romero, Lenny A. (36142156300)","6603664598; 55963715000; 56771520000; 24329839300; 57221475394; 55767855400; 36142156300","Letter Regarding: Systematic Review of the Diagnostic Criteria and Severity Classification for Fuchs Endothelial Corneal Dystrophy","2024","Cornea","43","6","","E11","E12","0","0","10.1097/ICO.0000000000003539","https://www.scopus.com/inward/record.uri?eid=2-s2.0-85192403128&doi=10.1097%2FICO.0000000000003539&partnerID=40&md5=57cb41b5ae648b314e598ce372f9ff7b","Letter","Final","","Scopus","2-s2.0-85192403128"
"Narváez, A.; Useche, J.","Narváez, Alexander J. (57224404584); Useche, J. F. (24537991200)","57224404584; 24537991200","Addressing arbitrary body forces in 2D elasticity coupling the Radial Basis Integration Method with boundary elements","2024","Engineering Analysis with Boundary Elements","163","","","517","530","0","1","10.1016/j.enganabound.2024.04.003","https://www.scopus.com/inward/record.uri?eid=2-s2.0-85189643166&doi=10.1016%2Fj.enganabound.2024.04.003&partnerID=40&md5=1df34cfc0bc16503624a8707a8a23c5f","Article","Final","","Scopus","2-s2.0-85189643166"
"Dominguez-Jimenez, J.A.; Agbossou, K.; Henao, N.; Nagarsheth, S.H.; Campillo, J.; Rueda, L.","Dominguez-Jimenez, J. A. (56682770100); Agbossou, Kodjo A. (56238417000); Henao, Nilson (55366621800); Nagarsheth, Shaival (57193685732); Campillo, Javier E. (55609096600); Rueda, Luis (57202046718)","56682770100; 56238417000; 55366621800; 57193685732; 55609096600; 57202046718","Distributed stochastic energy coordination for residential prosumers: Framework and implementation","2024","Sustainable Energy, Grids and Networks","38","","101324","","","0","6","10.1016/j.segan.2024.101324","https://www.scopus.com/inward/record.uri?eid=2-s2.0-85185703151&doi=10.1016%2Fj.segan.2024.101324&partnerID=40&md5=16575ef788bfdf9a317dfdd7ff7e19dd","Article","Final","","Scopus","2-s2.0-85185703151"
"Ramos-Vidal, I.; de la Ossa, E.D.","Ramos-Vidal, Ignacio (56703675400); de la Ossa, Elsy Domínguez (57223851529)","56703675400; 57223851529","A systematic review to determine the role of public space and urban design on sense of community","2024","International Social Science Journal","74","252","","633","655","0","7","10.1111/issj.12472","https://www.scopus.com/inward/record.uri?eid=2-s2.0-85175717248&doi=10.1111%2Fissj.12472&partnerID=40&md5=39f0c76d2a209ca1ff172a5549d1ae1f","Article","Final","All Open Access; Hybrid Gold Open Access","Scopus","2-s2.0-85175717248"
"Perilla Granados, J.S.A.","Perilla Granados, Juan Sebastian Alejandro (57023375100)","57023375100","The criminal process mediated by artificial intelligence; El proceso penal mediado por inteligencia artificial","2024","Revista Brasileira de Direito Processual Penal","10","2","e988","","","0","3","10.22197/rbdpp.v10i2.988","https://www.scopus.com/inward/record.uri?eid=2-s2.0-85200482239&doi=10.22197%2Frbdpp.v10i2.988&partnerID=40&md5=12dcdbb9863de10aee2f8932a66f3343","Article","Final","All Open Access; Gold Open Access","Scopus","2-s2.0-85200482239"
"Acevedo, J.M.","Acevedo, Jeovanny Muentes (57350116000)","57350116000","Genericity of Homeomorphisms with Full Mean Hausdorff Dimension","2024","Regular and Chaotic Dynamics","29","3","","474","490","0","1","10.1134/S1560354724510014","https://www.scopus.com/inward/record.uri?eid=2-s2.0-85190648574&doi=10.1134%2FS1560354724510014&partnerID=40&md5=73781d3374bae9c489ca0c0fb5bf5a77","Article","Final","","Scopus","2-s2.0-85190648574"
"Pérez-Trujillo, M.P.; Aleán–Romero, A.","Pérez-Trujillo, Manuel (57190176745); Aleán–Romero, Andrés (58954857900)","57190176745; 58954857900","The impact of ICT and e-commerce on employment in Colombia","2024","Electronic Commerce Research and Applications","65","","101378","","","0","6","10.1016/j.elerap.2024.101378","https://www.scopus.com/inward/record.uri?eid=2-s2.0-85188587154&doi=10.1016%2Fj.elerap.2024.101378&partnerID=40&md5=ee2384663d950943c2986935b0070a57","Article","Final","","Scopus","2-s2.0-85188587154"
"Fraguas, J.B.; Lerena, E.G.","Fraguas, Javier Bernabé (57949227200); Lerena, Elisa García (59121460200)","57949227200; 59121460200","The 2030 Agenda at the World Tourism Organization: communicating sustainability; La Agenda 2030 en la Organización Mundial del Turismo: comunicando sostenibilidad","2024","PASOS Revista de Turismo y Patrimonio Cultural","22","2","","265","274","0","1","10.25145/j.pasos.2024.22.018","https://www.scopus.com/inward/record.uri?eid=2-s2.0-85192851327&doi=10.25145%2Fj.pasos.2024.22.018&partnerID=40&md5=b79f1b2a281c6972864d1194aee6ba99","Article","Final","All Open Access; Gold Open Access","Scopus","2-s2.0-85192851327"
"Villar-Salinas, S.; Pacheco, S.; Carrillo, J.; López-Almansa, F.","Villar-Salinas, Sergio (57218294431); Pacheco, Sebastián (59005315200); Carrillo, Julian (28367475000); López-Almansa, Francisco (6603363834)","57218294431; 59005315200; 28367475000; 6603363834","Influence of high axial compression ratios in RC columns on the seismic response of MRF buildings","2024","Structural Engineering and Mechanics","90","1","","51","70","0","1","10.12989/sem.2024.90.1.051","https://www.scopus.com/inward/record.uri?eid=2-s2.0-85191608224&doi=10.12989%2Fsem.2024.90.1.051&partnerID=40&md5=a6c4c26c1acd4b4d66b0d0d10fcff870","Article","Final","","Scopus","2-s2.0-85191608224"
"Hernández-Fernández, J.A.; Martínez-Trespalacios, J.A.; Marquez-Brazon, E.","Hernández-Fernández, Joaquín Alejandro (57210432772); Martínez-Trespalacios, J. A. (57218161727); Marquez-Brazon, Edgar A. (36800050600)","57210432772; 57218161727; 36800050600","Development of a Measurement System Using Infrared Spectroscopy-Attenuated Total Reflectance, Principal Component Analysis and Artificial Intelligence for the Safe Quantification of the Nucleating Agent Sorbitol in Food Packaging","2024","Foods","13","8","1200","","","0","1","10.3390/foods13081200","https://www.scopus.com/inward/record.uri?eid=2-s2.0-85191350273&doi=10.3390%2Ffoods13081200&partnerID=40&md5=18307893396a3150658ba96ba3c11e7e","Article","Final","All Open Access; Gold Open Access; Green Final Open Access; Green Open Access","Scopus","2-s2.0-85191350273"
"Villalba-Barrios, A.F.; Coronado-Hernández, O.E.; Fuertes-Miquel, V.S.; Arrieta-Pastrana, A.; M Ramos, H.M.","Villalba-Barrios, Andrés F. (58517051000); Coronado-Hernández, Oscar E. (57193337460); Fuertes-Miquel, Vicente S. (6507312882); Arrieta-Pastrana, Alfonso (57674313200); M Ramos, Helena Margarida (35568240000)","58517051000; 57193337460; 6507312882; 57674313200; 35568240000","Assessing Extreme Drought Events and Their Temporal Impact: Before and after the Operation of a Hydropower Plant","2024","Applied Sciences (Switzerland)","14","5","1692","","","0","1","10.3390/app14051692","https://www.scopus.com/inward/record.uri?eid=2-s2.0-85192482175&doi=10.3390%2Fapp14051692&partnerID=40&md5=d1e9405c044104d606d7928e6b4877bc","Article","Final","All Open Access; Gold Open Access; Green Accepted Open Access; Green Final Open Access; Green Open Access","Scopus","2-s2.0-85192482175"
"Guerrero-Granados, B.; Quintero M., C.G.; Viloria-Nuñez, C.","Guerrero-Granados, Bethsy (58305746000); Quintero M., Christian G. (59407946800); Viloria-Nuñez, Cesar (35788581800)","58305746000; 59407946800; 35788581800","Improved genetic algorithm approach for coordinating decision-making in technological disaster management","2024","Neural Computing and Applications","36","9","","4503","4521","0","7","10.1007/s00521-023-09218-0","https://www.scopus.com/inward/record.uri?eid=2-s2.0-85180872120&doi=10.1007%2Fs00521-023-09218-0&partnerID=40&md5=f5c4a0ab84bdb0e8d29f3d88133eb267","Review","Final","All Open Access; Hybrid Gold Open Access","Scopus","2-s2.0-85180872120"
"Mardini G, I.D.; Quintero M., C.G.; Viloria-Nuñez, C.; Percybrooks B, W.S.; Robles, H.S.; Villalba, K.","Mardini G, Ivan D. (58482251900); Quintero M., Christian G. (59407946800); Viloria-Nuñez, Cesar (35788581800); Percybrooks B, Winston S. (58482431100); Robles, Heydy (57203551702); Villalba, Karen (57222469740)","58482251900; 59407946800; 35788581800; 58482431100; 57203551702; 57222469740","A deep-learning-based grading system (ASAG) for reading comprehension assessment by using aphorisms as open-answer-questions","2024","Education and Information Technologies","29","4","","4565","4590","0","10","10.1007/s10639-023-11890-7","https://www.scopus.com/inward/record.uri?eid=2-s2.0-85164482814&doi=10.1007%2Fs10639-023-11890-7&partnerID=40&md5=ad7e74003f2e927216349fed4613fd0c","Article","Final","All Open Access; Hybrid Gold Open Access","Scopus","2-s2.0-85164482814"
"Mellado, C.; Márquez-Ramírez, M.; van Leuven, S.; Jackson, D.; Mothes, C.; Arcila Calderón, C.; Berthaut, J.; Blanchett, N.; Boudana, S.; Chen, K.Y.N.; Davydov, S.; de Maio, M.; Fahmy, N.; Ferrero, M.; Garcés-Prettel, M.G.; Hagen, L.M.; Hallin, D.C.; Humanes, M.L.; Himma-Kadakas, M.; Keel, G.; Kozman, C.; Krstić, A.; Lecheler, S.; Lee, M.; Lin, C.I.-H.; Mazzoni, M.; McGuinness, K.; McIntyre, K.; Mick, J.; Navarro, C.; Olivera, D.; Pizarro, M.; Silke, H.; Skjerdal, T.; Stepińska, A.; Szabó, G.; Viveros Aguilar, D.","Mellado, Claudia (24504020400); Márquez-Ramírez, Mireya (57193011223); van Leuven, Sarah (41662325600); Jackson, Daniel (36739397800); Mothes, Cornelia (56600541200); Arcila Calderón, Carlos (36969119400); Berthaut, Jérôme (35387375600); Blanchett, Nicole (57218135615); Boudana, Sandrine (36095923800); Chen, Katherine Yi Ning (57212019402); Davydov, Sergey G. (40461202600); de Maio, Mariana (57156173100); Fahmy, Nagwa Abdel Salam (57214314987); Ferrero, Martina (58476224000); Garcés-Prettel, Miguel Efrén (57193012270); Hagen, Lutz M. (7005131996); Hallin, Daniel C. (7801380370); Humanes, María Luisa (55505896600); Himma-Kadakas, Marju (57189261905); Keel, Guido (54402974900); Kozman, Claudia (57193141636); Krstić, Aleksandra (57191884471); Lecheler, Sophie K. (26036187400); Lee, Misook (57200427121); Lin, Christi I.Hsuan (58243959600); Mazzoni, Marco (55763033200); McGuinness, Kieran (57223925797); McIntyre, Karen Elizabeth (57189991616); Mick, Jacques (57195683569); Navarro, Cristina (56372571900); Olivera, Dasniel (58243468800); Pizarro, Marcela F. (57223089108); Silke, Henry (56560058100); Skjerdal, Terje Steinulfsson (35249359100); Stepińska, Agnieszka (55445081400); Szabó, Gabriella (43461961100); Viveros Aguilar, Diana (58476452300)","24504020400; 57193011223; 41662325600; 36739397800; 56600541200; 36969119400; 35387375600; 57218135615; 36095923800; 57212019402; 40461202600; 57156173100; 57214314987; 58476224000; 57193012270; 7005131996; 7801380370; 55505896600; 57189261905; 54402974900; 57193141636; 57191884471; 26036187400; 57200427121; 58243959600; 55763033200; 57223925797; 57189991616; 57195683569; 56372571900; 58243468800; 57223089108; 56560058100; 35249359100; 55445081400; 43461961100; 58476452300","Comparing Journalistic Role Performance Across Thematic Beats: A 37-Country Study","2024","Journalism and Mass Communication Quarterly","101","1","","97","126","0","11","10.1177/10776990231173890","https://www.scopus.com/inward/record.uri?eid=2-s2.0-85164132947&doi=10.1177%2F10776990231173890&partnerID=40&md5=8b00dfc49d97947576257d2ff11f6a61","Article","Final","All Open Access; Green Accepted Open Access; Green Final Open Access; Green Open Access","Scopus","2-s2.0-85164132947"
"Velilla-Díaz, W.; Pinzón, R.; Guillén-Rujano, R.; Pérez-Ruiz, J.D.; López-De-Lacalle-Marcaide, L.N.L.; Palencia Díaz, A.P.; Maury-Ramirez, H.; Zambrano, H.R.","Velilla-Díaz, Wilmer (57208803496); Pinzón, Roger Jesús (25651764000); Guillén-Rujano, Renny Jesús (57200856614); Pérez-Ruiz, José David (57218202910); López-De-Lacalle-Marcaide, Luis Norberto (6602745725); Palencia Díaz, Argemiro (56801043600); Maury-Ramirez, Heriberto Enrique (55281389200); Zambrano, Habib R. (6506826934)","57208803496; 25651764000; 57200856614; 57218202910; 6602745725; 56801043600; 55281389200; 6506826934","Fatigue Life Estimation Model of Repaired Components with the Expanded Stop-Hole Technique","2024","Metals","14","2","182","","","0","5","10.3390/met14020182","https://www.scopus.com/inward/record.uri?eid=2-s2.0-85185696007&doi=10.3390%2Fmet14020182&partnerID=40&md5=be2bd4f73f1def89356c32e4cd71e976","Article","Final","All Open Access; Gold Open Access; Green Final Open Access; Green Open Access","Scopus","2-s2.0-85185696007"
"Sierra-Porta, D.","Sierra-Porta, D. (57191333650)","57191333650","Relationship between magnetic rigidity cutoff and chaotic behavior in cosmic ray time series using visibility graph and network analysis techniques","2024","Chaos","34","2","023114","","","0","4","10.1063/5.0167156","https://www.scopus.com/inward/record.uri?eid=2-s2.0-85185352910&doi=10.1063%2F5.0167156&partnerID=40&md5=914e20863a9531a59c9895c66e53e02b","Article","Final","All Open Access; Bronze Open Access","Scopus","2-s2.0-85185352910"
"Perilla Granados, J.S.A.","Perilla Granados, Juan Sebastian Alejandro (57023375100)","57023375100","Dynamic relationships between Human Intelligence and Artificial Intelligence in academic research; Relações dinâmicas entre a Inteligência Humana e a Inteligência Artificial na pesquisa acadêmica; Relaciones dinámicas entre la Inteligencia Humana y la Inteligencia Artificial en la investigación académica","2024","Biblios","87","","e014","","","0","0","10.5195/biblios.2024.1227","https://www.scopus.com/inward/record.uri?eid=2-s2.0-85219006186&doi=10.5195%2Fbiblios.2024.1227&partnerID=40&md5=a6c5eb51ba4d0835e8c7cdd15226867a","Article","Final","All Open Access; Gold Open Access; Green Accepted Open Access; Green Open Access","Scopus","2-s2.0-85219006186"
"Ojeda-Caicedo, V.-V.; Cardozo-Arrieta, C.A.B.; Yadira, L.O.N.; Carrillo Lanzabal, C.L.M.","Ojeda-Caicedo, Vilma Viviana (57220077867); Cardozo-Arrieta, Beatriz María (57218716238); Yadira, Lizcano Ortiz Nancy (59547083100); Carrillo Lanzabal, Carrillo Landazabal Martha (59547468800)","57220077867; 57218716238; 59547083100; 59547468800","Gender differential approach to equitable education in engineering programs; Enfoque diferencial de género para una educación equitativa en programas de ingeniería","2024","Proceedings of the LACCEI international Multi-conference for Engineering, Education and Technology","","","726","","","0","0","10.18687/LEIRD2024.1.1.726","https://www.scopus.com/inward/record.uri?eid=2-s2.0-85217269465&doi=10.18687%2FLEIRD2024.1.1.726&partnerID=40&md5=3cb98104b20ec433cc6eb85929000bce","Conference paper","Final","","Scopus","2-s2.0-85217269465"
"Verdugo-Castro, S.; García-Holgado, A.; Ojeda-Caicedo, V.-V.; Contreras-Ortiz, S.H.; Martinez-Santos, J.C.","Verdugo-Castro, Sonia (57205098387); García-Holgado, Alicia (55754418500); Ojeda-Caicedo, Vilma Viviana (57220077867); Contreras-Ortiz, Sonia H. (57210822856); Martinez-Santos, Juan Carlos (26325154200)","57205098387; 55754418500; 57220077867; 57210822856; 26325154200","Strengthening Skills in Engineering Students through International Mobility: A Case Study between Colombia and Spain; Fortalecimiento de habilidades en estudiantes de ingeniería a través de la movilidad internacional: estudio de caso entre Colombia y España","2024","Proceedings of the LACCEI international Multi-conference for Engineering, Education and Technology","","","623","","","0","0","10.18687/LEIRD2024.1.1.623","https://www.scopus.com/inward/record.uri?eid=2-s2.0-85217262656&doi=10.18687%2FLEIRD2024.1.1.623&partnerID=40&md5=8090f2611236779088b7a047f8c1cc96","Conference paper","Final","","Scopus","2-s2.0-85217262656"
"Castro-Porto, M.P.; Martínez-Palomino, O.S.M.; De La Hoz Del Villar, R.C.; Del Rio Cortina, J.L.; Rodríguez-Padilla, A.","Castro-Porto, Martha Patricia (58928816700); Martínez-Palomino, Oriana Susana (58620428800); De La Hoz Del Villar, Rita Cecilia (59326410200); Del Rio Cortina, Jorge Luis (57197807415); Rodríguez-Padilla, Angélica (59547624900)","58928816700; 58620428800; 59326410200; 57197807415; 59547624900","The Impact of Technological Innovation on the Automotive Industry: Trends, Challenges, and Future Perspectives; El Impacto de la Innovación Tecnológica en la Industria Automotriz: Tendencias, Desafíos y Perspectivas Futuras","2024","Proceedings of the LACCEI international Multi-conference for Engineering, Education and Technology","","","461","","","0","0","10.18687/LEIRD2024.1.1.461","https://www.scopus.com/inward/record.uri?eid=2-s2.0-85217261814&doi=10.18687%2FLEIRD2024.1.1.461&partnerID=40&md5=e65151cef1d8ae006a9d1d25d8b8435e","Conference paper","Final","","Scopus","2-s2.0-85217261814"
"Montoya-Noguera, S.; de Cajén, S.G.; Beatriz Villalba, K.B.; García Medina, M.A.G.; Castillo, S.P.; Contreras-Ortiz, S.H.","Montoya-Noguera, Silvana (56122466000); de Cajén, Silvia García (58929513300); Beatriz Villalba, Karen (58172453200); García Medina, María Angélica (57361355100); Castillo, Sandra Patricia (59548425100); Contreras-Ortiz, Sonia H. (57210822856)","56122466000; 58929513300; 58172453200; 57361355100; 59548425100; 57210822856","Trends and challenges in gender research in engineering: Meta-analysis of CAL-Matilda contributions; Tendencias y desafíos en la investigación de género en ingeniería: Metaanálisis de las contribuciones de CAL-Matilda","2024","Proceedings of the LACCEI international Multi-conference for Engineering, Education and Technology","","","814","","","0","0","10.18687/LEIRD2024.1.1.814","https://www.scopus.com/inward/record.uri?eid=2-s2.0-85217256222&doi=10.18687%2FLEIRD2024.1.1.814&partnerID=40&md5=73fe3aa6316b378a75e8e4a0a47d0d9c","Conference paper","Final","","Scopus","2-s2.0-85217256222"
"Ruiz-Cantisani, M.I.; García de Cajén, S.B.; Contreras-Ortiz, S.H.; Montoya-Noguera, S.; Pacheco-Pacheco, M.; Lara-Prieto, V.","Ruiz-Cantisani, Maria Ileana (57218402113); García de Cajén, Silvia Beatríz (58619848800); Contreras-Ortiz, Sonia H. (57210822856); Montoya-Noguera, Silvana (56122466000); Pacheco-Pacheco, Marquidia J. (55608094600); Lara-Prieto, Vianney (35488233200)","57218402113; 58619848800; 57210822856; 56122466000; 55608094600; 35488233200","Participatory design of STEM initiatives with gender equity for public policies","2024","Proceedings of the LACCEI international Multi-conference for Engineering, Education and Technology","","","855","","","0","0","10.18687/LEIRD2024.1.1.855","https://www.scopus.com/inward/record.uri?eid=2-s2.0-85217247503&doi=10.18687%2FLEIRD2024.1.1.855&partnerID=40&md5=380386b539be1bf605d4309dd17887c2","Conference paper","Final","","Scopus","2-s2.0-85217247503"
"de Cajén, S.G.; Contreras-Ortiz, S.H.; Montoya-Noguera, S.; Merchán-Rubiano, S.M.; Pascal, G.","de Cajén, Silvia García (58929513300); Contreras-Ortiz, Sonia H. (57210822856); Montoya-Noguera, Silvana (56122466000); Merchán-Rubiano, Sandra Milena (59536556700); Pascal, Guadalupe (57209105856)","58929513300; 57210822856; 56122466000; 59536556700; 57209105856","Policy, Initiative, and Research Recommendations on Diversity, Equity, and Inclusion in Engineering. CAL-Matilda Research Committee’s Contribution; Recomendaciones de Políticas, Iniciativas e Investigación en Diversidad, Equidad e Inclusión en Ingeniería. Aporte del Comité de Investigación de CAL-Matilda","2024","Proceedings of the LACCEI international Multi-conference for Engineering, Education and Technology","","","675","","","0","0","10.18687/LEIRD2024.1.1.675","https://www.scopus.com/inward/record.uri?eid=2-s2.0-85217233144&doi=10.18687%2FLEIRD2024.1.1.675&partnerID=40&md5=0fbc1efae4c6aa201f47a904e6f77ade","Conference paper","Final","","Scopus","2-s2.0-85217233144"
"Mendoza Díaz, A.; Cardenas-Escobar, A.Z.C.; Gazabón Arrieta, F.; Ospina-Mateus, H.","Mendoza Díaz, Armando (57931099400); Cardenas-Escobar, Alba Zulay (57930948900); Gazabón Arrieta, Fabian (57202852177); Ospina-Mateus, Holman (57194034904)","57931099400; 57930948900; 57202852177; 57194034904","Entrepreneurship with a gender focus in Engineering: The case of the Technological University of Bolívar; El emprendimiento con enfoque de género en Ingeniería: El caso de la Universidad Tecnológica de Bolívar","2024","Proceedings of the LACCEI international Multi-conference for Engineering, Education and Technology","","","887","","","0","0","10.18687/LEIRD2024.1.1.887","https://www.scopus.com/inward/record.uri?eid=2-s2.0-85217204217&doi=10.18687%2FLEIRD2024.1.1.887&partnerID=40&md5=030441c5b4598b283e484a3818d3d109","Conference paper","Final","","Scopus","2-s2.0-85217204217"
"Contreras-Ortiz, S.H.; Osorio-Del-Valle, C.; Marrugo-Salas, L.; Martinez-Santos, J.C.","Contreras-Ortiz, Sonia H. (57210822856); Osorio-Del-Valle, Cristina (57220068897); Marrugo-Salas, Lina Margarita (57392556500); Martinez-Santos, Juan Carlos (26325154200)","57210822856; 57220068897; 57392556500; 26325154200","Expectancy-value, Stereotypes and Gender Role Beliefs in Engineering Students","2024","Proceedings of the LACCEI international Multi-conference for Engineering, Education and Technology","","","872","","","0","0","10.18687/LEIRD2024.1.1.872","https://www.scopus.com/inward/record.uri?eid=2-s2.0-85217203344&doi=10.18687%2FLEIRD2024.1.1.872&partnerID=40&md5=2da862aaea0fc00df5385427ea9b3bb4","Conference paper","Final","","Scopus","2-s2.0-85217203344"
"Villate, D.; Tinjaca, L.; Estrada, L.; Puertas, E.; Pajaro, J.","Villate, David (59539258000); Tinjaca, Laura (57226290048); Estrada, Laura (59540091800); Puertas, Edwin (57202285682); Pajaro, Juan (59539761600)","59539258000; 57226290048; 59540091800; 57202285682; 59539761600","VerbaNexAI at MEDIQA-CORR 2024: Efficacy of GRU with BioWordVec and ClinicalBERT in Error Correction in Clinical Notes","2024","","","","","461","469","0","0","","https://www.scopus.com/inward/record.uri?eid=2-s2.0-85216800745&partnerID=40&md5=e4cfbb8747f61b5ccbbefb7568eb764b","Conference paper","Final","","Scopus","2-s2.0-85216800745"
"Fajardo Cuadro, J.G.; Barreto, D.; Guette, D.; Yabrudy, D.; Urruchurtu, M.","Fajardo Cuadro, Juan Gabriel (56581610900); Barreto, Deibys (57190756815); Guette, Dawing (57449012400); Yabrudy, Daniel (57222075738); Urruchurtu, Michelle (59538327800)","56581610900; 57190756815; 57449012400; 57222075738; 59538327800","DESIGN A MAINTENANCE PLAN CENTERED ON EXERGOECONOMIC VARIABLES OF A REFINERY'S COMBINED CYCLE COGENERATION SYSTEM","2024","","6","","V006T08A010","","","0","0","10.1115/IMECE2024-141824","https://www.scopus.com/inward/record.uri?eid=2-s2.0-85216679771&doi=10.1115%2FIMECE2024-141824&partnerID=40&md5=4dbf92daec2a0d3cb12b94618ee7035b","Conference paper","Final","","Scopus","2-s2.0-85216679771"
"Fajardo Cuadro, J.G.; Barreto, D.; Yabrudy, D.; Rangel, R.; García, S.; Sanjuan, M.","Fajardo Cuadro, Juan Gabriel (56581610900); Barreto, Deibys (57190756815); Yabrudy, Daniel (57222075738); Rangel, Richard (57723491700); García, Samira (55485870000); Sanjuan, Marco E. (7005152872)","56581610900; 57190756815; 57222075738; 57723491700; 55485870000; 7005152872","STUDY OF THE PERFORMANCE OF COMPRESSOR STATIONS WITH GAS TURBINES WHEN OPERATING WITH MIXTURES OF HYDROGEN AND NATURAL GAS","2024","","6","","V006T08A011","","","0","0","10.1115/IMECE2024-144905","https://www.scopus.com/inward/record.uri?eid=2-s2.0-85216654081&doi=10.1115%2FIMECE2024-144905&partnerID=40&md5=87d37044f3db18356d1b6c925138d7fe","Conference paper","Final","","Scopus","2-s2.0-85216654081"
"Gutiérrez-Ruiz, K.; Jeison David, J.D.; Pérez, I.N.; Quintana, C.P.","Gutiérrez-Ruiz, Karol Patricia (57192930752); Jeison David, Neira Salas (59497527300); Pérez, Isabel Negrín (57944478300); Quintana, Camilo Andrés Pastrana (59496591200)","57192930752; 59497527300; 57944478300; 59496591200","Relationship between Positive Self-esteem, Gender and Social Anxiety among College Students during the Pandemic; Relación entre autoestima positiva, género y ansiedad social en estudiantes universitarios en tiempos de pandemia","2024","Salud Uninorte","40","3","","872","887","0","0","10.14482/sun.40.03.618.922","https://www.scopus.com/inward/record.uri?eid=2-s2.0-85216495515&doi=10.14482%2Fsun.40.03.618.922&partnerID=40&md5=b262cc56fe2a7e9414304b821b76b9f4","Article","Final","All Open Access; Gold Open Access","Scopus","2-s2.0-85216495515"
"Perilla Granados, J.S.A.","Perilla Granados, Juan Sebastian Alejandro (57023375100)","57023375100","Possibilities to link artificial intelligence in the previous stage of state contracts in Colombia; Posibilidades para vincular la inteligencia artificial en la etapa previa de los contratos estatales en Colombia","2024","Revista Eurolatinoamericana de Derecho Administrativo","11","2","e271","","","0","1","10.14409/redoeda.v11i2.13879","https://www.scopus.com/inward/record.uri?eid=2-s2.0-85216305684&doi=10.14409%2Fredoeda.v11i2.13879&partnerID=40&md5=c368e48752a314df905e519391670c2d","Article","Final","All Open Access; Gold Open Access","Scopus","2-s2.0-85216305684"
"Garcia, S.; Martinez, E.; Cuadrado, J.; Martinez-Santos, J.C.; Puertas, E.","Garcia, Santiago (59521150100); Martinez, Elizabeth (58459662800); Cuadrado, Juan (57422728000); Martinez-Santos, Juan Carlos (26325154200); Puertas, Edwin (57202285682)","59521150100; 58459662800; 57422728000; 26325154200; 57202285682","VerbaNexAI Lab at SemEval-2024 Task 10: Emotion recognition and reasoning in mixed-coded conversations based on an NRC VAD approach","2024","","","","","1332","1338","0","1","10.18653/v1/2024.semeval-1.192","https://www.scopus.com/inward/record.uri?eid=2-s2.0-85215532456&doi=10.18653%2Fv1%2F2024.semeval-1.192&partnerID=40&md5=cb36c140177675cd3d4c75fc4912f693","Conference paper","Final","","Scopus","2-s2.0-85215532456"
"Perilla Granados, J.S.A.","Perilla Granados, Juan Sebastian Alejandro (57023375100)","57023375100","Artificial intelligence in Law schools through automatic response generators; La inteligencia artificial en las facultades de Derecho a través de generadores de respuestas automáticas","2024","Revista Pedagogia Universitaria y Didactica del Derecho","11","2","","55","70","0","1","10.5354/0719-5885.2024.72696","https://www.scopus.com/inward/record.uri?eid=2-s2.0-85215388274&doi=10.5354%2F0719-5885.2024.72696&partnerID=40&md5=de14100fef4f210a25acae72c91ac2cf","Article","Final","All Open Access; Gold Open Access","Scopus","2-s2.0-85215388274"
"Mercado Vega, A.J.; Higuera Torres, O.J.","Mercado Vega, Armando José (57824284000); Higuera Torres, Orlando Javier (59518115100)","57824284000; 59518115100","Armed Strikes and Internal Warfare in Colombia, 2000-2022; Greves armadas e guerra interna na Colômbia, 2000-2022; Paros armados y guerra interna en Colombia, 2000-2022","2024","Territorios","51","","","","","0","0","10.12804/revistas.urosario.edu.co/territorios/a.13628","https://www.scopus.com/inward/record.uri?eid=2-s2.0-85215276353&doi=10.12804%2Frevistas.urosario.edu.co%2Fterritorios%2Fa.13628&partnerID=40&md5=f5c34683df0b8641800024ceec3edb1e","Article","Final","All Open Access; Gold Open Access","Scopus","2-s2.0-85215276353"
"Vergara, A.; Peñaloza, Y.; Vélez, J.C.; Charris, D.; Viloria-Nuñez, C.; Huerta, M.-K.","Vergara, Alejandra (59516036500); Peñaloza, Yesid (59515663800); Vélez, Juan Carlos (39362643600); Charris, Daniela (57208836382); Viloria-Nuñez, Cesar (35788581800); Huerta, Mónica Karel (8845369100)","59516036500; 59515663800; 39362643600; 57208836382; 35788581800; 8845369100","Real-time Geolocation System for the Public Transport System: Metropolitan Area of Barranquilla as Case Study","2024","","","","","","","0","0","10.1109/LATINCOM62985.2024.10770689","https://www.scopus.com/inward/record.uri?eid=2-s2.0-85215086907&doi=10.1109%2FLATINCOM62985.2024.10770689&partnerID=40&md5=1845cbb6db3f6d4851d44f549baf5e6e","Conference paper","Final","","Scopus","2-s2.0-85215086907"
"Perilla Granados, J.S.A.","Perilla Granados, Juan Sebastian Alejandro (57023375100)","57023375100","THE COMMERCIAL TRUST AS AN ALTERNATIVE FOR INHERITANCE LAW IN COLOMBIA; LA FIDUCIA MERCANTIL COMO ALTERNATIVA PARA LOS PROCESOS DE SUCESIÓN POR CAUSA DE MUERTE EN COLOMBIA","2024","Revista de Direito","16","2","","1","21","0","0","10.32361/2024160219445","https://www.scopus.com/inward/record.uri?eid=2-s2.0-85214220023&doi=10.32361%2F2024160219445&partnerID=40&md5=ee88eb34d96205d0255c913d79a2f6db","Article","Final","All Open Access; Gold Open Access","Scopus","2-s2.0-85214220023"
"Tovar, A.M.; Puertas, E.; Martinez-Santos, J.C.","Tovar, Andrea Menco (59500271400); Puertas, Edwin (57202285682); Martinez-Santos, Juan Carlos (26325154200)","59500271400; 57202285682; 26325154200","Implementation of Convolutional Neural Networks for Automated Disease Detection in Cucumber Crops","2024","Communications in Computer and Information Science","2208 CCIS","","","156","167","0","0","10.1007/978-3-031-75233-9_12","https://www.scopus.com/inward/record.uri?eid=2-s2.0-85214141203&doi=10.1007%2F978-3-031-75233-9_12&partnerID=40&md5=3774d005cf7e20c325a580d5369283ad","Conference paper","Final","","Scopus","2-s2.0-85214141203"
"Serrano, J.E.; González, E.","Serrano, Jairo E. (57220927199); González, Enrique Guerrero (7402466812)","57220927199; 7402466812","Emotional BDI Model (eBDI) of the Peasants Families WellProdSim Social Simulator","2024","Communications in Computer and Information Science","2208 CCIS","","","99","114","0","0","10.1007/978-3-031-75233-9_8","https://www.scopus.com/inward/record.uri?eid=2-s2.0-85214116673&doi=10.1007%2F978-3-031-75233-9_8&partnerID=40&md5=39e8631ccec2ba600a0679662c4988fb","Conference paper","Final","","Scopus","2-s2.0-85214116673"
"Almanza-Gonzalez, D.; Puertas, E.; Martinez-Santos, J.C.","Almanza-Gonzalez, Danileth (59500390600); Puertas, Edwin (57202285682); Martinez-Santos, Juan Carlos (26325154200)","59500390600; 57202285682; 26325154200","Unveiling Tourist Profiles in the Department of Sucre: A Text Analysis Approach","2024","Communications in Computer and Information Science","2208 CCIS","","","27","40","0","0","10.1007/978-3-031-75233-9_3","https://www.scopus.com/inward/record.uri?eid=2-s2.0-85214093276&doi=10.1007%2F978-3-031-75233-9_3&partnerID=40&md5=0adc53a057a32e8801a97aed1cfcdb2f","Conference paper","Final","","Scopus","2-s2.0-85214093276"
"Moreno-Novoa, M.; Puertas, E.; Martinez-Santos, J.C.","Moreno-Novoa, Melissa (59498409900); Puertas, Edwin (57202285682); Martinez-Santos, Juan Carlos (26325154200)","59498409900; 57202285682; 26325154200","Enhancing Vocational Guidance with Machine Learning: Predicting STEM Career Viability for High School Students","2024","Communications in Computer and Information Science","2209 CCIS","","","150","162","0","0","10.1007/978-3-031-75236-0_12","https://www.scopus.com/inward/record.uri?eid=2-s2.0-85213967486&doi=10.1007%2F978-3-031-75236-0_12&partnerID=40&md5=968442d5e8bd5814331985d8d2bb79fd","Conference paper","Final","","Scopus","2-s2.0-85213967486"
"Quintana, C.P.; Fortich-Pérez, D.; Jeison David, J.D.; Eliana Carolina, Y.O.M.","Quintana, Camilo Andrés Pastrana (59496591200); Fortich-Pérez, David J. (57201036449); Jeison David, Neira Salas (59497527300); Eliana Carolina, Y. Ortega Mastrodomenico (59497527400)","59496591200; 57201036449; 59497527300; 59497527400","Adaptation of the sexual machismo / sexism scale (EMS-Sexismo-12) in a Colombian Caribbean city.; Adaptación de la escala de Machismo Sexual/Sexismo (EMS-Sexismo-12) en una ciudad del Caribe colombiano","2024","Revista Argentina de Ciencias del Comportamiento","16","4","","107","120","0","0","10.32348/1852.4206.v16.n4.40140","https://www.scopus.com/inward/record.uri?eid=2-s2.0-85213873765&doi=10.32348%2F1852.4206.v16.n4.40140&partnerID=40&md5=27920206d53bef7ca5979e65db812b6e","Article","Final","All Open Access; Gold Open Access","Scopus","2-s2.0-85213873765"
"Ojeda-Caicedo, V.-V.; Solano-Correa, Y.T.","Ojeda-Caicedo, Vilma Viviana (57220077867); Solano-Correa, Yady Tatiana (57156565000)","57220077867; 57156565000","Unraveling Ocean Dynamics: Exploring Temporal Variability and Climate Correlations Along the Northern Coast of Colombia","2024","","","","","","","0","0","10.1109/ENO-CANCOA61307.2024.10751054","https://www.scopus.com/inward/record.uri?eid=2-s2.0-85212876387&doi=10.1109%2FENO-CANCOA61307.2024.10751054&partnerID=40&md5=4670f1a6504b043e278b54c26dd29fd1","Conference paper","Final","","Scopus","2-s2.0-85212876387"
"Vargas, R.; Romero, L.A.; Marrugo, A.G.","Vargas, Raúl (57117284600); Romero, Lenny A. (36142156300); Marrugo, Andrés G. (24329839300)","57117284600; 36142156300; 24329839300","Pixel-Wise Calibration Methodologies to Enhance the Accuracy of Structured Light Systems","2024","","","","","","","0","0","10.1109/ENO-CANCOA61307.2024.10751635","https://www.scopus.com/inward/record.uri?eid=2-s2.0-85212871468&doi=10.1109%2FENO-CANCOA61307.2024.10751635&partnerID=40&md5=f9a5870ba7c2de2e881a1a53c1a5777e","Conference paper","Final","","Scopus","2-s2.0-85212871468"
"Valderrama Serrano, E.; Solano-Correa, Y.T.","Valderrama Serrano, Elizabeth (59484191400); Solano-Correa, Yady Tatiana (57156565000)","59484191400; 57156565000","Spatiotemporal Analysis of Variables Affecting Air Quality in Urban Areas of the City of Cartagena, Colombia","2024","","","","","","","0","0","10.1109/ENO-CANCOA61307.2024.10751043","https://www.scopus.com/inward/record.uri?eid=2-s2.0-85212869519&doi=10.1109%2FENO-CANCOA61307.2024.10751043&partnerID=40&md5=345c2b992ddd95f7e2d5d7e56ca3c7e3","Conference paper","Final","","Scopus","2-s2.0-85212869519"
"Romero-Mercado, C.D.; Contreras-Ortiz, S.H.; Marrugo, A.G.","Romero-Mercado, Caleb D. (57221460194); Contreras-Ortiz, Sonia H. (57210822856); Marrugo, Andrés G. (24329839300)","57221460194; 57210822856; 24329839300","Tracking Tumors in Ultrasound Images via Convolutional Neural Networks","2024","","","","","","","0","0","10.1109/ENO-CANCOA61307.2024.10751199","https://www.scopus.com/inward/record.uri?eid=2-s2.0-85212865364&doi=10.1109%2FENO-CANCOA61307.2024.10751199&partnerID=40&md5=6bf862121a917dc09027cf4c6fbe560c","Conference paper","Final","","Scopus","2-s2.0-85212865364"
"Acevedo, D.D.H.; Teheran Garcia, A.F.; del Rio, A.V.; Canedo, M.D.; Tarazona-Alvarado, M.; Sierra-Porta, D.","Acevedo, D. D.Herrera (58544189400); Teheran Garcia, Andres Felipe (59484338600); del Rio, Adrian Vizcaino (59483391400); Canedo, Mauricio Donado (59484062100); Tarazona-Alvarado, Miguel (57549522400); Sierra-Porta, D. (57191333650)","58544189400; 59484338600; 59483391400; 59484062100; 57549522400; 57191333650","LUMA: Empowering Solar Research Through Open-Source Web Observatories and Image Analysis Tools","2024","","","","","","","0","0","10.1109/ENO-CANCOA61307.2024.10751134","https://www.scopus.com/inward/record.uri?eid=2-s2.0-85212856112&doi=10.1109%2FENO-CANCOA61307.2024.10751134&partnerID=40&md5=ff39b000bfd4656b05770ca78ccf8001","Conference paper","Final","","Scopus","2-s2.0-85212856112"
"Gonzalez, C.L.; Paredes, L.V.; Naufal, C.; Ojeda-Caicedo, V.-V.; Marrugo, A.G.; Solano-Correa, Y.T.","Gonzalez, Cesar L. (59483798000); Paredes, Laura V. (59483798100); Naufal, Camilo (57217629626); Ojeda-Caicedo, Vilma Viviana (57220077867); Marrugo, Andrés G. (24329839300); Solano-Correa, Yady Tatiana (57156565000)","59483798000; 59483798100; 57217629626; 57220077867; 24329839300; 57156565000","Flight Mission Planning Methodology in UAV Surveying","2024","","","","","","","0","1","10.1109/ENO-CANCOA61307.2024.10751301","https://www.scopus.com/inward/record.uri?eid=2-s2.0-85212850212&doi=10.1109%2FENO-CANCOA61307.2024.10751301&partnerID=40&md5=5c2ac610f82445bd7d0345846b5ca430","Conference paper","Final","","Scopus","2-s2.0-85212850212"
"Tarazona-Alvarado, M.; Acevedo, D.D.H.; Sierra-Porta, D.","Tarazona-Alvarado, Miguel (57549522400); Acevedo, D. D.Herrera (58544189400); Sierra-Porta, D. (57191333650)","57549522400; 58544189400; 57191333650","Toward Solar Activity Understanding: Multifaceted Insights from SOHO Solar Images and Spectral Analysis for Machine Learning Applications","2024","","","","","","","0","0","10.1109/ENO-CANCOA61307.2024.10751088","https://www.scopus.com/inward/record.uri?eid=2-s2.0-85212844382&doi=10.1109%2FENO-CANCOA61307.2024.10751088&partnerID=40&md5=b40c000f128e51f2ada32433d4294ed6","Conference paper","Final","","Scopus","2-s2.0-85212844382"
"Jiménez-Uribe, D.A.; Rubiano-Labrador, C.; Altamar-Mercado, H.; Acevedo-Barrios, R.; Patiño, A.","Jiménez-Uribe, Dámaris A. (57211917175); Rubiano-Labrador, Carolina (55649334800); Altamar-Mercado, Hernando (57203321995); Acevedo-Barrios, R. L. (56674579200); Patiño, Alberto (57190688459)","57211917175; 55649334800; 57203321995; 56674579200; 57190688459","Deep Learning for Fungal Spore Recognition: Automatic Counting for Aerobiological Analysis","2024","","","","","","","0","0","10.1109/ENO-CANCOA61307.2024.10751084","https://www.scopus.com/inward/record.uri?eid=2-s2.0-85212843834&doi=10.1109%2FENO-CANCOA61307.2024.10751084&partnerID=40&md5=df6e08a813341fa36850fa1fc2acdb74","Conference paper","Final","","Scopus","2-s2.0-85212843834"
"Patiño, A.; Dominguez-Monterrosa, A.; Caraballo-Ledezma, D.; Altamar-Mercado, H.","Patiño, Alberto (57190688459); Dominguez-Monterrosa, Andy (59351890400); Caraballo-Ledezma, Dorian (55957415300); Altamar-Mercado, Hernando (57203321995)","57190688459; 59351890400; 55957415300; 57203321995","Soft-Coding in Computer Generate Fractional Fourier Holography","2024","","","","","","","0","0","10.1109/ENO-CANCOA61307.2024.10751166","https://www.scopus.com/inward/record.uri?eid=2-s2.0-85212832206&doi=10.1109%2FENO-CANCOA61307.2024.10751166&partnerID=40&md5=65448f3a9c3687a561422691b26cc85b","Conference paper","Final","","Scopus","2-s2.0-85212832206"
"Pena, J.C.; Vargas, R.; Benjumea, E.; Romero, L.A.; Patiño, A.; Marrugo, A.G.","Pena, Juan C. (57422329900); Vargas, Raúl (57117284600); Benjumea, Eberto (57195681584); Romero, Lenny A. (36142156300); Patiño, Alberto (57190688459); Marrugo, Andrés G. (24329839300)","57422329900; 57117284600; 57195681584; 36142156300; 57190688459; 24329839300","Automatic Object Detection-and-Counting Method Using Single-Shot Self-Supervised Learning and 3D Sensing in Resource-Limited Environments","2024","","","","","","","0","0","10.1109/ENO-CANCOA61307.2024.10751502","https://www.scopus.com/inward/record.uri?eid=2-s2.0-85212828165&doi=10.1109%2FENO-CANCOA61307.2024.10751502&partnerID=40&md5=4966caecf9dca99287490294f6fdc71b","Conference paper","Final","","Scopus","2-s2.0-85212828165"
"Quintero, F.; Benjumea, E.; Romero, L.A.; Marrugo, A.G.","Quintero, Fernando J. (57221475394); Benjumea, Eberto (57195681584); Romero, Lenny A. (36142156300); Marrugo, Andrés G. (24329839300)","57221475394; 57195681584; 36142156300; 24329839300","A Calibration Comparison of a Structured Light System and its Digital Twin","2024","","","","","","","0","1","10.1109/ENO-CANCOA61307.2024.10751039","https://www.scopus.com/inward/record.uri?eid=2-s2.0-85212823986&doi=10.1109%2FENO-CANCOA61307.2024.10751039&partnerID=40&md5=9d500189218c4fc9177894193eac1fb5","Conference paper","Final","","Scopus","2-s2.0-85212823986"
"Perez-Navarro, J.; Dominguez-Monterrosa, A.; Patiño, A.","Perez-Navarro, Juan (59484331300); Dominguez-Monterrosa, Andy Rafael (57200983451); Patiño, Alberto (57190688459)","59484331300; 57200983451; 57190688459","Exploring Brain Network Changes During Mental Arithmetic Task With Minimum Spanning Tree","2024","","","","","","","0","0","10.1109/ENO-CANCOA61307.2024.10750962","https://www.scopus.com/inward/record.uri?eid=2-s2.0-85212818692&doi=10.1109%2FENO-CANCOA61307.2024.10750962&partnerID=40&md5=694f46f640c3d769ecf1ff30cff527df","Conference paper","Final","","Scopus","2-s2.0-85212818692"
"Benjumea, E.; Juarez-Salazar, R.; Diaz-Ramirez, V.H.; Marrugo, A.G.","Benjumea, Eberto (57195681584); Juarez-Salazar, Rigoberto (35784596800); Diaz-Ramirez, Victor H. (8855846100); Marrugo, Andrés G. (24329839300)","57195681584; 35784596800; 8855846100; 24329839300","Calibration of a Multimodal Thermographic Fringe Projection Profilometer Using Low-Cost Targets","2024","","","","","","","0","0","10.1109/ENO-CANCOA61307.2024.10751258","https://www.scopus.com/inward/record.uri?eid=2-s2.0-85212818290&doi=10.1109%2FENO-CANCOA61307.2024.10751258&partnerID=40&md5=938809cf9c5cff24cefe7da7cdc6acea","Conference paper","Final","","Scopus","2-s2.0-85212818290"
"Gonzalez-Sierra, M.A.; Arnedo, R.; Puertas, E.; Martinez-Santos, J.C.","Gonzalez-Sierra, Mauro A. (58803522300); Arnedo, Rafael (57221226110); Puertas, Edwin (57202285682); Martinez-Santos, Juan Carlos (26325154200)","58803522300; 57221226110; 57202285682; 26325154200","Feature Selection for Forecasting of Energy Spot Price in the Colombian Market","2024","","","","","","","0","0","10.1109/ANDESCON61840.2024.10755699","https://www.scopus.com/inward/record.uri?eid=2-s2.0-85211948944&doi=10.1109%2FANDESCON61840.2024.10755699&partnerID=40&md5=7c7b4e80f2779f0e0f3dbab51e2e2302","Conference paper","Final","","Scopus","2-s2.0-85211948944"
"Rivera-Julio, Y.R.; Viloria-Nuñez, C.; Galindo-Jaramillo, J.-F.; Pinto, A.; Correa, C.C.R.","Rivera-Julio, Yair E. (57148122200); Viloria-Nuñez, Cesar (35788581800); Galindo-Jaramillo, Juan Fernando (59469504500); Pinto, Angel (58628445400); Correa, Cristian Camilo Revueltas (59469504600)","57148122200; 35788581800; 59469504500; 58628445400; 59469504600","Innovation Strategies for Training Management with STEAM, IoT, and AI through Design Thinking","2024","","","","","","","0","0","10.1109/ETCM63562.2024.10746011","https://www.scopus.com/inward/record.uri?eid=2-s2.0-85211759608&doi=10.1109%2FETCM63562.2024.10746011&partnerID=40&md5=a7222fdf3290cd96e1d26c62f0eb88e9","Conference paper","Final","","Scopus","2-s2.0-85211759608"
"Vargas, A.C.; Paul, S.","Vargas, Adriana Castro (59454344600); Paul, Shiladitya (57206640428)","59454344600; 57206640428","Effect of flow velocity on the corrosion performance of thermally sprayed aluminium coating in synthetic seawater","2024","","","","","","","0","0","","https://www.scopus.com/inward/record.uri?eid=2-s2.0-85210873154&partnerID=40&md5=5d2cf88acc3b3460dcbee1d7832fd513","Conference paper","Final","","Scopus","2-s2.0-85210873154"
"Loukodimou, A.; Vargas, A.C.; Lovell, C.; Theodosopoulos, G.; Maniam, K.; Paul, S.","Loukodimou, Adamantini (59196106600); Vargas, Adriana Castro (59454344600); Lovell, Christopher (59195687100); Theodosopoulos, George V. (57189758345); Maniam, K. K. (36198450100); Paul, Shiladitya (57206640428)","59196106600; 59454344600; 59195687100; 57189758345; 36198450100; 57206640428","Sol-Rec2: Recycle of Multicomponent, Multilayer Systems Towards Sustainable Waste Management","2024","","","","","","","0","0","","https://www.scopus.com/inward/record.uri?eid=2-s2.0-85210851287&partnerID=40&md5=fcc756acadd010dcd2290f9b03b9bc4c","Conference paper","Final","","Scopus","2-s2.0-85210851287"
"Florian-Pacheco, W.; Viloria-Nuñez, C.; Ahumada-Tello, E.","Florian-Pacheco, Wendy (59425201700); Viloria-Nuñez, Cesar (35788581800); Ahumada-Tello, Eduardo (42960924400)","59425201700; 35788581800; 42960924400","Digital Pathways: Prospective Analysis of ICTs' Impact on Artisanal Cultural Practices' Dissemination","2024","International Symposium on Technology and Society, Proceedings","","","","","","0","0","10.1109/ISTAS61960.2024.10732744","https://www.scopus.com/inward/record.uri?eid=2-s2.0-85210262186&doi=10.1109%2FISTAS61960.2024.10732744&partnerID=40&md5=4252347148ed1448e139af6f3a81e355","Conference paper","Final","","Scopus","2-s2.0-85210262186"
"Lizarazo-Diaz, S.; Romero-Alvarez, A.; Machuca-Visbal, L.; Viloria-Nuñez, C.; Ahumada-Tello, E.","Lizarazo-Diaz, Sebastian (59408919300); Romero-Alvarez, Andrea (59425540800); Machuca-Visbal, Luisa (59425891500); Viloria-Nuñez, Cesar (35788581800); Ahumada-Tello, Eduardo (42960924400)","59408919300; 59425540800; 59425891500; 35788581800; 42960924400","Multi-platform Communication Application for Children with Nonverbal Autism","2024","International Symposium on Technology and Society, Proceedings","","","","","","0","0","10.1109/ISTAS61960.2024.10732665","https://www.scopus.com/inward/record.uri?eid=2-s2.0-85210226648&doi=10.1109%2FISTAS61960.2024.10732665&partnerID=40&md5=cd45af3cec7f08a2ebe85c4dd5bbff80","Conference paper","Final","","Scopus","2-s2.0-85210226648"
"Villa, J.L.; Osorio-Del-Valle, C.; Acevedo-Patĩno, O.","Villa, J. L. (7005142049); Osorio-Del-Valle, Cristina (57220068897); Acevedo-Patĩno, Oscar (57197327858)","7005142049; 57220068897; 57197327858","Analysis of Renewable Energy Implementation on Rural Women Inequalities Reduction in Colombia","2024","","","","","","","0","0","10.1109/TEMSCONLATAM61834.2024.10717727","https://www.scopus.com/inward/record.uri?eid=2-s2.0-85209408149&doi=10.1109%2FTEMSCONLATAM61834.2024.10717727&partnerID=40&md5=d11ba021c86eae4e44ca11c0d84c20ec","Conference paper","Final","","Scopus","2-s2.0-85209408149"
"Castillo-Velazquez, J.-I.; Viloria-Nuñez, C.; Huerta, M.-K.","Castillo-Velazquez, Jose Ignacio (57193604273); Viloria-Nuñez, Cesar (35788581800); Huerta, Mónica Karel (8845369100)","57193604273; 35788581800; 8845369100","Trends in IEEE Conferences Proceedings in Latin America: Number of Papers and its Citations","2024","","","","","","","0","0","10.1109/TEMSCONLATAM61834.2024.10717797","https://www.scopus.com/inward/record.uri?eid=2-s2.0-85209407072&doi=10.1109%2FTEMSCONLATAM61834.2024.10717797&partnerID=40&md5=f59768e07cff86fee9343fe0f4d61841","Conference paper","Final","","Scopus","2-s2.0-85209407072"
"Orozco, J.; Rodriguez, L.; Viloria-Nuñez, C.; Quintero M., C.G.","Orozco, Javier (59414094800); Rodriguez, Leonardo (59413949000); Viloria-Nuñez, Cesar (35788581800); Quintero M., Christian G. (59407946800)","59414094800; 59413949000; 35788581800; 59407946800","MediBot: Intelligent virtual assistant for personalized medical care and guidance","2024","","","","","","","0","0","10.1109/TEMSCONLATAM61834.2024.10717706","https://www.scopus.com/inward/record.uri?eid=2-s2.0-85209386111&doi=10.1109%2FTEMSCONLATAM61834.2024.10717706&partnerID=40&md5=1b03f9225da64acd1f26dc5d4c85177b","Conference paper","Final","","Scopus","2-s2.0-85209386111"
"Quiroga-Amaya, J.; Tafur-Landazabal, K.; Castellanos-Ramirez, A.; Viloria-Nuñez, C.; Estrada-Gallardo, J.","Quiroga-Amaya, Jonathan (58069017200); Tafur-Landazabal, Katiana (59414379400); Castellanos-Ramirez, Andrés (57212084829); Viloria-Nuñez, Cesar (35788581800); Estrada-Gallardo, Jesus (59414379500)","58069017200; 59414379400; 57212084829; 35788581800; 59414379500","Transport Management Systems Analysis: An Architecture Proposal for Managing Traceability, Visibility, and Risk Management","2024","","","","","","","0","1","10.1109/TEMSCONLATAM61834.2024.10717802","https://www.scopus.com/inward/record.uri?eid=2-s2.0-85209365579&doi=10.1109%2FTEMSCONLATAM61834.2024.10717802&partnerID=40&md5=48e7a5454c1f95032b972911ca8d0fc3","Conference paper","Final","","Scopus","2-s2.0-85209365579"
"Melendez-Villadiego, M.; Manzur-Urueta, J.D.; Oliveros-Corredor, V.; Viloria-Nuñez, C.; Sierra-Gonzalez, O.; Rueda-Delgado, D.","Melendez-Villadiego, Mateo (59414667500); Manzur-Urueta, Juan D. (59413807400); Oliveros-Corredor, Valeria (59414667600); Viloria-Nuñez, Cesar (35788581800); Sierra-Gonzalez, Orlando (59414523000); Rueda-Delgado, Diana (57196194273)","59414667500; 59413807400; 59414667600; 35788581800; 59414523000; 57196194273","Artificial Intelligence Models Based on Computer Vision for Solid Waste Classification: a Proposal","2024","","","","","","","0","1","10.1109/TEMSCONLATAM61834.2024.10717748","https://www.scopus.com/inward/record.uri?eid=2-s2.0-85209362982&doi=10.1109%2FTEMSCONLATAM61834.2024.10717748&partnerID=40&md5=5137adf12225805ec0aec5404d814182","Conference paper","Final","","Scopus","2-s2.0-85209362982"
"Arrieta, M.P.; Villa, J.L.","Arrieta, M. P. (57213687198); Villa, J. L. (7005142049)","57213687198; 7005142049","Challenges for the implementation of Hydrogen's storage and transportation in Colombia","2024","","","","","","","0","0","10.1109/TEMSCONLATAM61834.2024.10717740","https://www.scopus.com/inward/record.uri?eid=2-s2.0-85209361223&doi=10.1109%2FTEMSCONLATAM61834.2024.10717740&partnerID=40&md5=8d434a29e75325281f1f17429834f658","Conference paper","Final","","Scopus","2-s2.0-85209361223"
"Morante, G.; Viloria-Nuñez, C.; Florez-Hamburger, J.; Capdevilla-Molinares, H.","Morante, German (59414163500); Viloria-Nuñez, Cesar (35788581800); Florez-Hamburger, Jessir (59413877000); Capdevilla-Molinares, Henry (59414448800)","59414163500; 35788581800; 59413877000; 59414448800","Proposal of an Ethical and Social Responsibility Framework for Sustainable Value Generation in AI","2024","","","","","","","0","3","10.1109/TEMSCONLATAM61834.2024.10717855","https://www.scopus.com/inward/record.uri?eid=2-s2.0-85209354981&doi=10.1109%2FTEMSCONLATAM61834.2024.10717855&partnerID=40&md5=ed6c0869a25c3b622be5a6d48c6af03d","Conference paper","Final","","Scopus","2-s2.0-85209354981"
"Gualdrón, G.; Llorente, E.G.; Alfonso, A.","Gualdrón, Carlos G. (57215557867); Llorente, Edwin Gil (59413665800); Alfonso, Nunez (57930803200)","57215557867; 59413665800; 57930803200","Design of a Project Office Model, which contributes to an optimal budget execution of the Planning Secretariat of a Mayor's Office in the Colombian Caribbean","2024","","","","","","","0","0","10.1109/TEMSCONLATAM61834.2024.10717718","https://www.scopus.com/inward/record.uri?eid=2-s2.0-85209347992&doi=10.1109%2FTEMSCONLATAM61834.2024.10717718&partnerID=40&md5=c94c0a19a4bd4357e3cbcd26a7701ba4","Conference paper","Final","","Scopus","2-s2.0-85209347992"
"Morales, A.; Benitez, D.; Salgado, D.; Sanchez-Hernandez, S.; Urzola, H.; Gonzalez, M.","Morales, Alex D. (59454679600); Benitez, Daniel (59408751500); Salgado, Duvan (59408751600); Sanchez-Hernandez, Sergio A. (57220070743); Urzola, Hector (59407883400); Gonzalez, Martha (59408256100)","59454679600; 59408751500; 59408751600; 57220070743; 59407883400; 59408256100","Augmented reality and geolocation to disseminate the cultural heritage of Sucre, Colombia; Realidad Aumentada y Geolocalización para Difundir el Patrimonio Cultural de Sucre, Colombia","2024","","","","","","","0","0","10.1109/COLCOM62950.2024.10720316","https://www.scopus.com/inward/record.uri?eid=2-s2.0-85209156348&doi=10.1109%2FCOLCOM62950.2024.10720316&partnerID=40&md5=3dfb2348f9ff9ca2866f54622ec89668","Conference paper","Final","","Scopus","2-s2.0-85209156348"
"Batista-García, F.D.J.B.; Medina-Hernández, E.J.M.; Muñiz-Olite, J.L.M.","Batista-García, Freddy De Jesús (58038452300); Medina-Hernández, Edith Johana (57354189300); Muñiz-Olite, Jorge Luis (57758796500)","58038452300; 57354189300; 57758796500","Multidimensional association between the social progress of young people and inclusive economic institutions. Cuadernos de Economía,; AsOCiACión mULTidimensiOnAL enTRe eL pROgResO sOCiAL de LAs jUvenTUdes y LAs insTiTUCiOnes eCOnómiCAs inCLUsivAs","2024","Cuadernos de Economia (Colombia)","43","92","","705","734","0","0","10.15446/cuad.econ.v43n92.105135","https://www.scopus.com/inward/record.uri?eid=2-s2.0-85209108186&doi=10.15446%2Fcuad.econ.v43n92.105135&partnerID=40&md5=e9a9a4a1d749bc5c71a0e54c4b1135f7","Article","Final","All Open Access; Gold Open Access","Scopus","2-s2.0-85209108186"
"Valdez-Cervantes, L.; Viloria-Nuñez, C.; Ripoll, L.; Guerrero-Granados, B.","Valdez-Cervantes, Libis C. (59098183700); Viloria-Nuñez, Cesar (35788581800); Ripoll, Lacides Antonio (57188629396); Guerrero-Granados, Bethsy (58305746000)","59098183700; 35788581800; 57188629396; 58305746000","Optimizing Linear Antenna Arrays with Genetic Algorithms","2024","","","","","","","0","1","10.1109/COLCOM62950.2024.10720325","https://www.scopus.com/inward/record.uri?eid=2-s2.0-85208826054&doi=10.1109%2FCOLCOM62950.2024.10720325&partnerID=40&md5=2b782ca10835cab4114b390493601c0f","Conference paper","Final","","Scopus","2-s2.0-85208826054"
"Morales, A.; Domínguez, C.; Olivera, H.; Sanchez-Hernandez, S.; Urzola, H.","Morales, Alex D. (59454679600); Domínguez, Camilo (59407927000); Olivera, Héctor (59407841400); Sanchez-Hernandez, Sergio A. (57220070743); Urzola, Hector (59407883400)","59454679600; 59407927000; 59407841400; 57220070743; 59407883400","Software prototype for a virtual tour at the Corporación Universitaria Antonio José de Sucre using 360° view technology","2024","","","","","","","0","0","10.1109/COLCOM62950.2024.10720241","https://www.scopus.com/inward/record.uri?eid=2-s2.0-85208824241&doi=10.1109%2FCOLCOM62950.2024.10720241&partnerID=40&md5=de31859aadbfb54a219531064c92691c","Conference paper","Final","","Scopus","2-s2.0-85208824241"
"Viloria-Nuñez, C.; Tapias-Meza, A.; Gomez, D.","Viloria-Nuñez, Cesar (35788581800); Tapias-Meza, Alexandra (59407860000); Gomez, Diego (57213640584)","35788581800; 59407860000; 57213640584","Reflection on the ICT Adoption Pillar in the Departmental Competitiveness Index in Colombia: The Case of Atlántico","2024","","","","","","","0","2","10.1109/COLCOM62950.2024.10720244","https://www.scopus.com/inward/record.uri?eid=2-s2.0-85208823935&doi=10.1109%2FCOLCOM62950.2024.10720244&partnerID=40&md5=f9078b30c0b6278fb4f94673549242ca","Conference paper","Final","","Scopus","2-s2.0-85208823935"
"Camacho-de Angulo, Y.V.; Alexis Arrechea-Castillo, D.; Cantero-Mosquera, Y.C.; Solano-Correa, Y.T.; Roisenberg, M.","Camacho-de Angulo, Yineth Viviana (58101860100); Alexis Arrechea-Castillo, Darwin (59400640000); Cantero-Mosquera, Yessica Carolina (59401114800); Solano-Correa, Yady Tatiana (57156565000); Roisenberg, Mauro (6506279924)","58101860100; 59400640000; 59401114800; 57156565000; 6506279924","Detection of Different Crop Growth Stages by Applying Deep Learning Over Sentinel-2 Images of Bahía, Brazil","2024","International Geoscience and Remote Sensing Symposium (IGARSS)","","","","3617","3620","0","2","10.1109/IGARSS53475.2024.10642298","https://www.scopus.com/inward/record.uri?eid=2-s2.0-85208493053&doi=10.1109%2FIGARSS53475.2024.10642298&partnerID=40&md5=d6e5778bbf7469cff8040bffb767f40b","Conference paper","Final","","Scopus","2-s2.0-85208493053"
"Camacho-de Angulo, Y.V.; Cechinel Rosa, N.; Solano-Correa, Y.T.; Roisenberg, M.","Camacho-de Angulo, Yineth Viviana (58101860100); Cechinel Rosa, Nicolas (59401229900); Solano-Correa, Yady Tatiana (57156565000); Roisenberg, Mauro (6506279924)","58101860100; 59401229900; 57156565000; 6506279924","Fire Scars Mapping Over Brazilian Amazon Forest by Exploiting Sentinel-2 Data and Deep Learning","2024","International Geoscience and Remote Sensing Symposium (IGARSS)","","","","2773","2776","0","0","10.1109/IGARSS53475.2024.10642369","https://www.scopus.com/inward/record.uri?eid=2-s2.0-85208459935&doi=10.1109%2FIGARSS53475.2024.10642369&partnerID=40&md5=c2ecbc4479ad41b2895da0c3d389c5c4","Conference paper","Final","","Scopus","2-s2.0-85208459935"
"Romero, M.A.A.; de la Ossa, E.D.; Díaz-Mendoza, C.; Mendoza-Díaz, M.","Romero, María Angélica Aleán (59399357500); de la Ossa, Elsy Domínguez (57223851529); Díaz-Mendoza, Claudia (55258973100); Mendoza-Díaz, María (59399504200)","59399357500; 57223851529; 55258973100; 59399504200","The recycler’s trade and environmental education: Experiences of recyclers in Cartagena, Colombia; Catadores de materiais recicláveis e educação ambiental: experiências dos catadores em Cartagena, Colômbia; El oficio del reciclador y la educación ambiental: experiencias de recicladores en Cartagena, Colombia","2024","Produccion y Limpia","19","1","","53","71","0","0","10.22507/pml.v19n1a5","https://www.scopus.com/inward/record.uri?eid=2-s2.0-85208389708&doi=10.22507%2Fpml.v19n1a5&partnerID=40&md5=a4ff54e5fbd98ebcc33ebbc2c34048d0","Article","Final","All Open Access; Gold Open Access","Scopus","2-s2.0-85208389708"
"Juarez-Salazar, R.; Benjumea, E.; Marrugo, A.G.; Diaz-Ramirez, V.H.","Juarez-Salazar, Rigoberto (35784596800); Benjumea, Eberto (57195681584); Marrugo, Andrés G. (24329839300); Diaz-Ramirez, Victor H. (8855846100)","35784596800; 57195681584; 24329839300; 8855846100","Three-dimensional object texturing for visible-thermal fringe projection profilometers","2024","Proceedings of SPIE - The International Society for Optical Engineering","13136","","131360E","","","0","1","10.1117/12.3028321","https://www.scopus.com/inward/record.uri?eid=2-s2.0-85207635625&doi=10.1117%2F12.3028321&partnerID=40&md5=caa1aad18a642262c7396a16bf1fbaa2","Conference paper","Final","","Scopus","2-s2.0-85207635625"
"Puerta-Guardo, F.A.; Susana Cantillo Orozco, A.; Sanabria-Ospino, A.; Fajardo-Moreno, W.S.; Ricardo López, K.E.; Devoz Yance, Z.; Garcia, J.","Puerta-Guardo, Fabio Andrés (58619059200); Susana Cantillo Orozco, Ana (59325309400); Sanabria-Ospino, Alfredo Enrique (57212004785); Fajardo-Moreno, William Stive (57666745300); Ricardo López, Kevin E. (59325669100); Devoz Yance, Zoila (59325491800); Garcia, Juan Camilo Ramirez (57216332462)","58619059200; 59325309400; 57212004785; 57666745300; 59325669100; 59325491800; 57216332462","Digital entrepreneurship and technological transformation within the reach of risk management in tourism","2024","Proceedings of the LACCEI international Multi-conference for Engineering, Education and Technology","","","","","","0","0","10.18687/LACCEI2024.1.1.1431","https://www.scopus.com/inward/record.uri?eid=2-s2.0-85206507380&doi=10.18687%2FLACCEI2024.1.1.1431&partnerID=40&md5=269d91c0d9f6a50bec7df37812a9c122","Conference paper","Final","","Scopus","2-s2.0-85206507380"
"Salas-Navarro, K.; Bustamante-Salazar, A.; Romero-Lambrano, T.; Ospina-Mateus, H.; Acevedo-Chedid, J.; Sankar Sana, S.","Salas-Navarro, Katherinne (57193504630); Bustamante-Salazar, Angélica (59337097700); Romero-Lambrano, Teresa (59337245600); Ospina-Mateus, Holman (57194034904); Acevedo-Chedid, Jaime (57193533853); Sankar Sana, Shib (57209048881)","57193504630; 59337097700; 59337245600; 57194034904; 57193533853; 57209048881","A discrete-event simulation model with a collaborative and lean logistic approach application to a dairy industry","2024","OPSEARCH","","","","","","0","2","10.1007/s12597-024-00863-0","https://www.scopus.com/inward/record.uri?eid=2-s2.0-85204569492&doi=10.1007%2Fs12597-024-00863-0&partnerID=40&md5=4a73e27693c54454960675751c061258","Article","aip","","Scopus","2-s2.0-85204569492"
"Cuadrado, J.; Martinez, E.; Cuadrado, J.; Martinez-Santos, J.C.; Puertas, E.","Cuadrado, Jose (59334164900); Martinez, Elizabeth (58459662800); Cuadrado, Juan (57422728000); Martinez-Santos, Juan Carlos (26325154200); Puertas, Edwin (57202285682)","59334164900; 58459662800; 57422728000; 26325154200; 57202285682","VerbaNex AI at DIPROMATS 2024: Enhancing Propaganda Detection in Diplomatic Tweets with Fine-Tuned BERT and Integrated NLP Techniques","2024","CEUR Workshop Proceedings","3756","","","","","0","0","","https://www.scopus.com/inward/record.uri?eid=2-s2.0-85204400912&partnerID=40&md5=1326c20be05d84a07bf5faf5437802ca","Conference paper","Final","","Scopus","2-s2.0-85204400912"
"Martinez, E.; Cuadrado, J.; Martinez-Santos, J.C.; Puertas, E.","Martinez, Elizabeth (58459662800); Cuadrado, Juan (57422728000); Martinez-Santos, Juan Carlos (26325154200); Puertas, Edwin (57202285682)","58459662800; 57422728000; 26325154200; 57202285682","Automated Detection of Depression and Anxiety Using Lexical and Phonestheme Features in Spanish Texts","2024","CEUR Workshop Proceedings","3756","","","","","0","1","","https://www.scopus.com/inward/record.uri?eid=2-s2.0-85204387145&partnerID=40&md5=bf0a1e492b7cc2d1f7b17b7a12b21d16","Conference paper","Final","","Scopus","2-s2.0-85204387145"
"Gonzalez-Henao, R.D.; Marrugo-Tobón, D.A.; Martinez-Santos, J.C.; Puertas, E.","Gonzalez-Henao, Roger David (59334029100); Marrugo-Tobón, Duvan Andres (57221469260); Martinez-Santos, Juan Carlos (26325154200); Puertas, Edwin (57202285682)","59334029100; 57221469260; 26325154200; 57202285682","VerbaNexAI Lab at HOMO-MEX 2024: Multiclass and Multilabel Detection of LGBTQ+ Phobic Content Using Transformers","2024","CEUR Workshop Proceedings","3756","","","","","0","0","","https://www.scopus.com/inward/record.uri?eid=2-s2.0-85204355242&partnerID=40&md5=1b3dc79007f74caac24c52c961428078","Conference paper","Final","","Scopus","2-s2.0-85204355242"
"Cuadrado-Jiménez, Z.L.; Restrepo-Martínez, E.C.; Berrio-Bracamonte, K.A.; Acevedo-Barrios, R.; Chavarro-Mesa, E.; Rubiano-Labrador, C.; Ariza-Rúa, D.L.; Patiño, A.","Cuadrado-Jiménez, Zary Luz (59326405300); Restrepo-Martínez, Eyleen Carolina (59325693600); Berrio-Bracamonte, Kevin Antonio (59326042200); Acevedo-Barrios, R. L. (56674579200); Chavarro-Mesa, Edisson (57188841051); Rubiano-Labrador, Carolina (55649334800); Ariza-Rúa, Danilo Lusbin (58618811100); Patiño, Alberto (57190688459)","59326405300; 59325693600; 59326042200; 56674579200; 57188841051; 55649334800; 58618811100; 57190688459","Color segmentation to measure the percentage of the affected area in leaves with signs of chlorosis","2024","Proceedings of the LACCEI international Multi-conference for Engineering, Education and Technology","","","","","","0","0","10.18687/LACCEI2024.1.1.1113","https://www.scopus.com/inward/record.uri?eid=2-s2.0-85203847920&doi=10.18687%2FLACCEI2024.1.1.1113&partnerID=40&md5=5f7fc6ac55c573ea69d66055fd42b399","Conference paper","Final","","Scopus","2-s2.0-85203847920"
"Barcenas-Ascanio, E.; Cardenas-Rodriguez, E.; Cardenas-Escobar, A.Z.C.; Marrugo-Salas, L.","Barcenas-Ascanio, E. (59325335600); Cardenas-Rodriguez, E. (59325691700); Cardenas-Escobar, Alba Zulay (57930948900); Marrugo-Salas, Lina Margarita (57392556500)","59325335600; 59325691700; 57930948900; 57392556500","Ethical banking and SDGs: A mixed review of the literature; Banca ética y ODS: Una revisión mixta de la literatura","2024","Proceedings of the LACCEI international Multi-conference for Engineering, Education and Technology","","","","","","0","0","10.18687/LACCEI2024.1.1.1325","https://www.scopus.com/inward/record.uri?eid=2-s2.0-85203845484&doi=10.18687%2FLACCEI2024.1.1.1325&partnerID=40&md5=5a66a3b5edfdd4590b03367bc7021346","Conference paper","Final","","Scopus","2-s2.0-85203845484"
"Manuel Luna, F.; Raúl, P.; Gualdrón, G.; Villa, J.L.","Manuel Luna, Francisco (59326215800); Raúl, Padrón C. (57211351906); Gualdrón, Carlos G. (57215557867); Villa, J. L. (7005142049)","59326215800; 57211351906; 57215557867; 7005142049","Key factors that influence the integrated management of portfolios, programs, and projects in organizations","2024","Proceedings of the LACCEI international Multi-conference for Engineering, Education and Technology","","","","","","0","0","10.18687/LACCEI2024.1.1.1497","https://www.scopus.com/inward/record.uri?eid=2-s2.0-85203844155&doi=10.18687%2FLACCEI2024.1.1.1497&partnerID=40&md5=149b55ffc761af4322166c3ed4d94e18","Conference paper","Final","","Scopus","2-s2.0-85203844155"
"Martínez-Palomino, O.S.M.; Del Rio Cortina, J.L.; Caballero Lamadrid, J.; Angélica Pérez Beltrán, M.","Martínez-Palomino, Oriana Susana (58620428800); Del Rio Cortina, Jorge Luis (57197807415); Caballero Lamadrid, Joseph (59326057300); Angélica Pérez Beltrán, María (59325175800)","58620428800; 57197807415; 59326057300; 59325175800","Knowledge management and its importance in strengthening organizational results and business competitiveness: literary review; La gestión del conocimiento y su importancia en el fortalecimiento de los resultados organizacionales y la competitividad empresarial: revisión literaria","2024","Proceedings of the LACCEI international Multi-conference for Engineering, Education and Technology","","","","","","0","0","10.18687/LACCEI2024.1.1.1433","https://www.scopus.com/inward/record.uri?eid=2-s2.0-85203837017&doi=10.18687%2FLACCEI2024.1.1.1433&partnerID=40&md5=f0479aec0f01c0700d9b204f2c755d0b","Conference paper","Final","","Scopus","2-s2.0-85203837017"
"Cardenas-Escobar, A.Z.C.; Gazabón Arrieta, F.; Mendoza Díaz, A.; Ospina-Mateus, H.","Cardenas-Escobar, Alba Zulay (57930948900); Gazabón Arrieta, Fabian (57202852177); Mendoza Díaz, Armando (57931099400); Ospina-Mateus, Holman (57194034904)","57930948900; 57202852177; 57931099400; 57194034904","Impact of Knowledge in Linear Algebra on Academic Performance in Quantitative Optimization Methods: A Data Analytical Approach; Impacto del Conocimiento en Álgebra Lineal en el Desempeño Académico en Métodos Cuantitativos de Optimización: Un Enfoque Analítico de Datos","2024","Proceedings of the LACCEI international Multi-conference for Engineering, Education and Technology","","","","","","0","0","10.18687/LACCEI2024.1.1.1831","https://www.scopus.com/inward/record.uri?eid=2-s2.0-85203836796&doi=10.18687%2FLACCEI2024.1.1.1831&partnerID=40&md5=befb0ef894fa3f3db3b7922dd06af4c9","Conference paper","Final","","Scopus","2-s2.0-85203836796"
"Marrugo-Salas, L.; Martínez-Palomino, O.S.M.","Marrugo-Salas, Lina Margarita (57392556500); Martínez-Palomino, Oriana Susana (58620428800)","57392556500; 58620428800","Forging My Own Pages: A Strategy to Awaken Self-awareness and Creativity; Forjando mis propias páginas: una estrategia para despertar el autoconocimiento y la creatividad","2024","Proceedings of the LACCEI international Multi-conference for Engineering, Education and Technology","","","","","","0","0","10.18687/LACCEI2024.1.1.1381","https://www.scopus.com/inward/record.uri?eid=2-s2.0-85203836402&doi=10.18687%2FLACCEI2024.1.1.1381&partnerID=40&md5=df417cb1f171c40f82a2a3f7b4f15d84","Conference paper","Final","","Scopus","2-s2.0-85203836402"
"Vásquez, J.; Castillo, D.; Rodriguez-Jaraba, C.; Soto-DelaVega, M.; Puertas, E.","Vásquez, Jenifer (57205400052); Castillo, Daniela (59325842400); Rodriguez-Jaraba, Carlos (59325494500); Soto-DelaVega, Manuel (57291105700); Puertas, Edwin (57202285682)","57205400052; 59325842400; 59325494500; 57291105700; 57202285682","Assessment of the Level of Digital Maturity Through a Process Analysis","2024","Proceedings of the LACCEI international Multi-conference for Engineering, Education and Technology","","","","","","0","0","10.18687/LACCEI2024.1.1.1807","https://www.scopus.com/inward/record.uri?eid=2-s2.0-85203833232&doi=10.18687%2FLACCEI2024.1.1.1807&partnerID=40&md5=ab6523ff4224d785db016249c3722882","Conference paper","Final","","Scopus","2-s2.0-85203833232"
"Díaz-Mendoza, C.; Acevedo-Barrios, R.; Rubiano-Labrador, C.; Mouthón-Bello, J.; Botero, C.M.; Caranza-López, L.; Quiñonez-Flórez, A.; Chavarro-Mesa, E.","Díaz-Mendoza, Claudia (55258973100); Acevedo-Barrios, R. L. (56674579200); Rubiano-Labrador, Carolina (55649334800); Mouthón-Bello, Javier A. (8693393400); Botero, Camilo M. (55851674100); Caranza-López, Liliana (59325507700); Quiñonez-Flórez, Andrea (59325857800); Chavarro-Mesa, Edisson (57188841051)","55258973100; 56674579200; 55649334800; 8693393400; 55851674100; 59325507700; 59325857800; 57188841051","Cigarette butts, emerging residue on beaches and potential niche of microbiological resources","2024","Proceedings of the LACCEI international Multi-conference for Engineering, Education and Technology","","","","","","0","0","10.18687/LACCEI2024.1.1.830","https://www.scopus.com/inward/record.uri?eid=2-s2.0-85203832068&doi=10.18687%2FLACCEI2024.1.1.830&partnerID=40&md5=a6428c33e4d925ff119a0f35b39b6d4d","Conference paper","Final","","Scopus","2-s2.0-85203832068"
"Gazabón Arrieta, F.; Cardenas-Escobar, A.Z.C.; Mendoza Díaz, A.; Ospina-Mateus, H.","Gazabón Arrieta, Fabian (57202852177); Cardenas-Escobar, Alba Zulay (57930948900); Mendoza Díaz, Armando (57931099400); Ospina-Mateus, Holman (57194034904)","57202852177; 57930948900; 57931099400; 57194034904","Exploring Variations in Post-Pandemic Academic Performance, Case: Faculty of Engineering and Business School of the Universidad Tecnológica de Bolívar; Explorando Variaciones en el Desempeño Académico Post-Pandemia, Caso: Facultad de Ingeniería y Escuela de Negocios de la Universidad Tecnológica de Bolívar","2024","Proceedings of the LACCEI international Multi-conference for Engineering, Education and Technology","","","","","","0","0","10.18687/LACCEI2024.1.1.1250","https://www.scopus.com/inward/record.uri?eid=2-s2.0-85203831265&doi=10.18687%2FLACCEI2024.1.1.1250&partnerID=40&md5=556e587dec3f9befeaedf7259237f052","Conference paper","Final","","Scopus","2-s2.0-85203831265"
"Tordecilla-Acevedo, V.; Serna Parra, S.; Jackson Wood, A.; Susana Cantillos, A.","Tordecilla-Acevedo, Verónica (59326202000); Serna Parra, Selena (59325315700); Jackson Wood, Adrian (59325847100); Susana Cantillos, Ana (59325847200)","59326202000; 59325315700; 59325847100; 59325847200","Exploring the path to Sustainable Tourism: Colombia and Honduras, Potentials Destinations","2024","Proceedings of the LACCEI international Multi-conference for Engineering, Education and Technology","","","","","","0","0","10.18687/LACCEI2024.1.1.1401","https://www.scopus.com/inward/record.uri?eid=2-s2.0-85203830792&doi=10.18687%2FLACCEI2024.1.1.1401&partnerID=40&md5=1899ff8f7ac4109076a378df9e38e607","Conference paper","Final","","Scopus","2-s2.0-85203830792"
"Soto-DelaVega, M.; Vásquez, J.; Fúquene-Retamoso, C.","Soto-DelaVega, Manuel (57291105700); Vásquez, Jenifer (57205400052); Fúquene-Retamoso, Carlos Eduardo (36805485900)","57291105700; 57205400052; 36805485900","Inventory Management System for the case study of a Cement Distributor","2024","Proceedings of the LACCEI international Multi-conference for Engineering, Education and Technology","","","","","","0","0","10.18687/LACCEI2024.1.1.1817","https://www.scopus.com/inward/record.uri?eid=2-s2.0-85203827081&doi=10.18687%2FLACCEI2024.1.1.1817&partnerID=40&md5=f714c0577dbdde996abf7e95a697aa90","Conference paper","Final","","Scopus","2-s2.0-85203827081"
"Ariza-Rúa, D.L.; Rubiano-Labrador, C.; Marbello-Peña, H.; González-Campo, M.J.; Hurtado-Márquez, J.S.","Ariza-Rúa, Danilo Lusbin (58618811100); Rubiano-Labrador, Carolina (55649334800); Marbello-Peña, Humberto (59325343900); González-Campo, María José (57220072394); Hurtado-Márquez, Julio Seferino (58772330300)","58618811100; 55649334800; 59325343900; 57220072394; 58772330300","Macrostructural Processing of Text to Enhance Reading Comprehension of Chemistry-Related Texts","2024","Proceedings of the LACCEI international Multi-conference for Engineering, Education and Technology","","","","","","0","0","10.18687/LACCEI2024.1.1.674","https://www.scopus.com/inward/record.uri?eid=2-s2.0-85203825841&doi=10.18687%2FLACCEI2024.1.1.674&partnerID=40&md5=0c8384d53eb802df6304fa966adacd64","Conference paper","Final","","Scopus","2-s2.0-85203825841"
"Del Rio Cortina, J.L.; Amparo Burgos Negrete, M.; Machado-Licona, J.","Del Rio Cortina, Jorge Luis (57197807415); Amparo Burgos Negrete, Magaly (59326385700); Machado-Licona, Jhorquis (59325851500)","57197807415; 59326385700; 59325851500","The Importance of -TRF- terms of reference in the Procurement of Goods and Merchandise in organizations; La Importancia de -TRF- términos de referencia en la Adquisición de Bienes y Mercancías en las organizaciones","2024","Proceedings of the LACCEI international Multi-conference for Engineering, Education and Technology","","","","","","0","0","10.18687/LACCEI2024.1.1.1047","https://www.scopus.com/inward/record.uri?eid=2-s2.0-85203816960&doi=10.18687%2FLACCEI2024.1.1.1047&partnerID=40&md5=41dc1d133422deced18ffa4bb4c06c41","Conference paper","Final","","Scopus","2-s2.0-85203816960"
"Tordecilla-Acevedo, V.; Andres Alvarez Monterrosa, S.; Susana Cantillo, A.","Tordecilla-Acevedo, Verónica (59326202000); Andres Alvarez Monterrosa, Sergio (59326399000); Susana Cantillo, Ana (59325688500)","59326202000; 59326399000; 59325688500","Sustainability in the Chemical Recycling of Polyolefins: A Comprehensive Approach to the Plastic Industry","2024","Proceedings of the LACCEI international Multi-conference for Engineering, Education and Technology","","","","","","0","1","10.18687/LACCEI2024.1.1.968","https://www.scopus.com/inward/record.uri?eid=2-s2.0-85203816673&doi=10.18687%2FLACCEI2024.1.1.968&partnerID=40&md5=bcb9ce23ffb884eabc6da8a89a231804","Conference paper","Final","","Scopus","2-s2.0-85203816673"
"Acevedo-Barrios, R.; Chavarro-Mesa, E.; Porto-Tatis, M.; Barrios-Flores, L.; Villalba-Acevedo, J.-L.; Pasqualino, J.; Monroy-Licht, A.; Angélica Leal, M.","Acevedo-Barrios, R. L. (56674579200); Chavarro-Mesa, Edisson (57188841051); Porto-Tatis, Manuel (59326018600); Barrios-Flores, Lina (59326198800); Villalba-Acevedo, Jorge Luis (57918628600); Pasqualino, Jorgelina C. (14622047600); Monroy-Licht, Andrea (57456149600); Angélica Leal, María (59325495300)","56674579200; 57188841051; 59326018600; 59326198800; 57918628600; 14622047600; 57456149600; 59325495300","Effects of perchlorate on the growth and development of corn (Zea mays) and bean (Phaseolus vulgaris) plants","2024","Proceedings of the LACCEI international Multi-conference for Engineering, Education and Technology","","","","","","0","1","10.18687/LACCEI2024.1.1.506","https://www.scopus.com/inward/record.uri?eid=2-s2.0-85203815476&doi=10.18687%2FLACCEI2024.1.1.506&partnerID=40&md5=1b377b6766e71464509723901aa1b6d6","Conference paper","Final","","Scopus","2-s2.0-85203815476"
"Acevedo-Barrios, R.; Rubiano-Labrador, C.; Altamar-Mercado, H.; Villalba-Acevedo, J.-L.; Monroy-Licht, A.; Carranza-Lopez, L.; Angélica Leal, M.; Tovar Rodríguez, D.","Acevedo-Barrios, R. L. (56674579200); Rubiano-Labrador, Carolina (55649334800); Altamar-Mercado, Hernando (57203321995); Villalba-Acevedo, Jorge Luis (57918628600); Monroy-Licht, Andrea (57456149600); Carranza-Lopez, Liliana (57190434346); Angélica Leal, María (59325495300); Tovar Rodríguez, David F. (58310000000)","56674579200; 55649334800; 57203321995; 57918628600; 57456149600; 57190434346; 59325495300; 58310000000","Identification of tardigrades from the Half Moon Island, Antarctic","2024","Proceedings of the LACCEI international Multi-conference for Engineering, Education and Technology","","","","","","0","0","10.18687/LACCEI2024.1.1.445","https://www.scopus.com/inward/record.uri?eid=2-s2.0-85203815094&doi=10.18687%2FLACCEI2024.1.1.445&partnerID=40&md5=b7a5ded606eae3eed5946479992f3581","Conference paper","Final","","Scopus","2-s2.0-85203815094"
"Tordecilla-Acevedo, V.; Hernandez, A.S.G.; Puerta, C.A.B.","Tordecilla-Acevedo, Verónica (59326202000); Hernandez, Angie Sophia Guardo (59325321500); Puerta, Camila Andrea Barrios (58154720200)","59326202000; 59325321500; 58154720200","Fashion Industry, a review of its literature","2024","Proceedings of the LACCEI international Multi-conference for Engineering, Education and Technology","","","","","","0","0","10.18687/LACCEI2024.1.1.1420","https://www.scopus.com/inward/record.uri?eid=2-s2.0-85203814040&doi=10.18687%2FLACCEI2024.1.1.1420&partnerID=40&md5=002a19bddcc0dbb58e8a728bc9a1a6ff","Conference paper","Final","","Scopus","2-s2.0-85203814040"
"De La Hoz Del Villar, R.C.; Vega-Jurado, J.M.V.; Del Rio Cortina, J.L.; Machado-Licona, J.","De La Hoz Del Villar, Rita Cecilia (59326410200); Vega-Jurado, Jaider (57198495807); Del Rio Cortina, Jorge Luis (57197807415); Machado-Licona, Jhorquis (59325851500)","59326410200; 57198495807; 57197807415; 59325851500","Creating Experiences in Creative and Cultural Industries: The Impact of Museums as Epicenters of Innovation; Creación de Experiencias en Industrias Creativas y Culturales: El Impacto de los Museos como Epicentros de Innovación","2024","Proceedings of the LACCEI international Multi-conference for Engineering, Education and Technology","","","","","","0","0","10.18687/LACCEI2024.1.1.941","https://www.scopus.com/inward/record.uri?eid=2-s2.0-85203812857&doi=10.18687%2FLACCEI2024.1.1.941&partnerID=40&md5=5a45c8c8206bdaeb8cfd5579c0d107b7","Conference paper","Final","","Scopus","2-s2.0-85203812857"
"Angulo, D.; Raúl, P.; Gualdrón, G.; Villa, J.L.","Angulo, Daider (59325514900); Raúl, Padrón C. (57211351906); Gualdrón, Carlos G. (57215557867); Villa, J. L. (7005142049)","59325514900; 57211351906; 57215557867; 7005142049","Importance of good project management practices at NGOs, according to PMI (Project Management Institute)","2024","Proceedings of the LACCEI international Multi-conference for Engineering, Education and Technology","","","","","","0","0","10.18687/LACCEI2024.1.1.1492","https://www.scopus.com/inward/record.uri?eid=2-s2.0-85203806325&doi=10.18687%2FLACCEI2024.1.1.1492&partnerID=40&md5=2d29a8747c185719fc626ca97dad487e","Conference paper","Final","","Scopus","2-s2.0-85203806325"
"Ariza-Rúa, D.L.; Hurtado-Márquez, J.S.; Marbello-Peña, H.; Chavarro-Mesa, E.; Carranza-Lopez, L.","Ariza-Rúa, Danilo Lusbin (58618811100); Hurtado-Márquez, Julio Seferino (58772330300); Marbello-Peña, Humberto (59325343900); Chavarro-Mesa, Edisson (57188841051); Carranza-Lopez, Liliana (57190434346)","58618811100; 58772330300; 59325343900; 57188841051; 57190434346","2D-QSAR Study of Thiazole derivatives as 5-Lipoxygenase inhibitors","2024","Proceedings of the LACCEI international Multi-conference for Engineering, Education and Technology","","","","","","0","0","10.18687/LACCEI2024.1.1.1785","https://www.scopus.com/inward/record.uri?eid=2-s2.0-85203802756&doi=10.18687%2FLACCEI2024.1.1.1785&partnerID=40&md5=69265becc6d30dd99159e30585755034","Conference paper","Final","","Scopus","2-s2.0-85203802756"
"Martínez-Palomino, O.S.M.; Susana Cantillo Orozco, A.; Marrugo-Salas, L.; Luis Florez Yépes, J.","Martínez-Palomino, Oriana Susana (58620428800); Susana Cantillo Orozco, Ana (59325309400); Marrugo-Salas, Lina Margarita (57392556500); Luis Florez Yépes, Jhon (59326017600)","58620428800; 59325309400; 57392556500; 59326017600","Sustainable innovation and management skills: pillars of effective business management; Innovación sostenible y habilidades gerenciales: pilares de una gestión empresarial efectiva","2024","Proceedings of the LACCEI international Multi-conference for Engineering, Education and Technology","","","","","","0","0","10.18687/LACCEI2024.1.1.1427","https://www.scopus.com/inward/record.uri?eid=2-s2.0-85203786912&doi=10.18687%2FLACCEI2024.1.1.1427&partnerID=40&md5=8999d936894a3a8a57848e2b454bbf94","Conference paper","Final","","Scopus","2-s2.0-85203786912"
"Ciccarelli, S.; Peña, D.P.; Ferraro, F.V.; Martinez-Santos, J.C.; Puertas, E.","Ciccarelli, Santolo (59325495200); Peña, Daniel (57203171916); Ferraro, Francesco Vincenzo (57208779214); Martinez-Santos, Juan Carlos (26325154200); Puertas, Edwin (57202285682)","59325495200; 57203171916; 57208779214; 26325154200; 57202285682","TRIP a-Bike: An Interactive Educational System for Learning English as a Second Language","2024","Proceedings of the LACCEI international Multi-conference for Engineering, Education and Technology","","","","","","0","0","10.18687/LACCEI2024.1.1.1873","https://www.scopus.com/inward/record.uri?eid=2-s2.0-85203786650&doi=10.18687%2FLACCEI2024.1.1.1873&partnerID=40&md5=5f27896b79fedbec50fbc8aca0217663","Conference paper","Final","","Scopus","2-s2.0-85203786650"
"Cohen-Manrique, C.S.; Solano-Correa, Y.T.; Villa, J.L.; Alvarez-Month, A.A.","Cohen-Manrique, Carlos (57203340249); Solano-Correa, Yady Tatiana (57156565000); Villa, J. L. (7005142049); Alvarez-Month, Alex A. (59300326000)","57203340249; 57156565000; 7005142049; 59300326000","Impact of land cover variations on the Morroa aquifer (Colombia) static and dynamic levels through remote sensing analysis","2024","Proceedings of SPIE - The International Society for Optical Engineering","13037","","1303704","","","0","0","10.1117/12.3014190","https://www.scopus.com/inward/record.uri?eid=2-s2.0-85202202105&doi=10.1117%2F12.3014190&partnerID=40&md5=27550fb390ac187e9197b9a92be286a5","Conference paper","Final","","Scopus","2-s2.0-85202202105"
"Naufal, C.; Quintero, F.; Solano-Correa, Y.T.; Marrugo, A.G.","Naufal, Camilo (57217629626); Quintero, Fernando J. (57221475394); Solano-Correa, Yady Tatiana (57156565000); Marrugo, Andrés G. (24329839300)","57217629626; 57221475394; 57156565000; 24329839300","Exploring out-of-focus camera calibration for improved UAV survey accuracy","2024","Proceedings of SPIE - The International Society for Optical Engineering","13038","","130380C","","","0","1","10.1117/12.3014192","https://www.scopus.com/inward/record.uri?eid=2-s2.0-85202193390&doi=10.1117%2F12.3014192&partnerID=40&md5=cdc507aeb22a16e6fb59f403950c4c0e","Conference paper","Final","","Scopus","2-s2.0-85202193390"
"Barrios, E.M.; Pineda, J.; Romero, L.A.; Millán, M.S.; Marrugo, A.G.","Barrios, Erik M. (57209542195); Pineda, Jesus (57192270016); Romero, Lenny A. (36142156300); Millán, María S. (7201466399); Marrugo, Andrés G. (24329839300)","57209542195; 57192270016; 36142156300; 7201466399; 24329839300","Improving skin color accuracy in DLP-based 3D reconstruction","2024","Proceedings of SPIE - The International Society for Optical Engineering","13038","","130380E","","","0","0","10.1117/12.3013523","https://www.scopus.com/inward/record.uri?eid=2-s2.0-85202191612&doi=10.1117%2F12.3013523&partnerID=40&md5=370cceed48aab75ba81e2fe65bf279b5","Conference paper","Final","","Scopus","2-s2.0-85202191612"
"Naufal, C.; Solano-Correa, Y.T.; Marrugo, A.G.","Naufal, Camilo (57217629626); Solano-Correa, Yady Tatiana (57156565000); Marrugo, Andrés G. (24329839300)","57217629626; 57156565000; 24329839300","Time Series Water Body Analysis Through Planet Satellite Imagery: A Coastal Urban Case Study","2024","Proceedings of SPIE - The International Society for Optical Engineering","13037","","1303705","","","0","0","10.1117/12.3014198","https://www.scopus.com/inward/record.uri?eid=2-s2.0-85202167733&doi=10.1117%2F12.3014198&partnerID=40&md5=adbcbec86ecaf04b311e423c5f298866","Conference paper","Final","","Scopus","2-s2.0-85202167733"
"Benjumea, E.; Vargas, R.; Juarez-Salazar, R.; Marrugo, A.G.","Benjumea, Eberto (57195681584); Vargas, Raúl (57117284600); Juarez-Salazar, Rigoberto (35784596800); Marrugo, Andrés G. (24329839300)","57195681584; 57117284600; 35784596800; 24329839300","Toward a target-free calibration of a multimodal structured light and thermal imaging system","2024","Proceedings of SPIE - The International Society for Optical Engineering","13038","","1303808","","","0","3","10.1117/12.3013448","https://www.scopus.com/inward/record.uri?eid=2-s2.0-85202147559&doi=10.1117%2F12.3013448&partnerID=40&md5=29b2bd1efba2037a1fb1af4ce7e0fb1c","Conference paper","Final","","Scopus","2-s2.0-85202147559"
"Pacheco, V.; Cuadrado, J.; Martinez, E.; Martinez-Santos, J.C.; Puertas, E.","Pacheco, Victor (59520375800); Cuadrado, Juan (57422728000); Martinez, Elizabeth (58459662800); Martinez-Santos, Juan Carlos (26325154200); Puertas, Edwin (57202285682)","59520375800; 57422728000; 58459662800; 26325154200; 57202285682","VerbaNexAI Lab at SemEval-2024 Task 3: Deciphering emotional causality in conversations using multimodal analysis approach","2024","","","","","1339","1343","0","0","10.18653/v1/2024.semeval-1.193","https://www.scopus.com/inward/record.uri?eid=2-s2.0-85201978428&doi=10.18653%2Fv1%2F2024.semeval-1.193&partnerID=40&md5=25760a793af3e6b7d1f99a4028c704e0","Conference paper","Final","","Scopus","2-s2.0-85201978428"
"Ojeda-Caicedo, V.-V.; Castillo-Landinez, S.P.; Arrieta-Villegas, N.; Rey-Prada, R.; Mejia-Blanco, M.C.; Pineda-Vergara, L.D.; Contreras-Ortiz, S.H.","Ojeda-Caicedo, Vilma Viviana (57220077867); Castillo-Landinez, Sandra Patricia (57304665100); Arrieta-Villegas, Nayerlis (59296681300); Rey-Prada, Raquel (59297050000); Mejia-Blanco, Maria C. (59297296900); Pineda-Vergara, Luz D. (59296435600); Contreras-Ortiz, Sonia H. (57210822856)","57220077867; 57304665100; 59296681300; 59297050000; 59297296900; 59296435600; 57210822856","Development of a Mentoring Program for Women in Engineering Undergraduate Programs","2024","Lecture Notes in Educational Technology","Part F3283","","","653","662","0","4","10.1007/978-981-97-1814-6_64","https://www.scopus.com/inward/record.uri?eid=2-s2.0-85201954646&doi=10.1007%2F978-981-97-1814-6_64&partnerID=40&md5=dffcbbfe0904825c513dc11c08590253","Book chapter","Final","","Scopus","2-s2.0-85201954646"
"Osorio-Del-Valle, C.; Vázquez-Miraz, P.; Contreras-Ortiz, S.H.","Osorio-Del-Valle, Cristina (57220068897); Vázquez-Miraz, Pedro (57196040759); Contreras-Ortiz, Sonia H. (57210822856)","57220068897; 57196040759; 57210822856","Impacts of a Supplementary STEM Education Program on School Children from Vulnerable Communities","2024","Lecture Notes in Educational Technology","Part F3283","","","692","701","0","1","10.1007/978-981-97-1814-6_68","https://www.scopus.com/inward/record.uri?eid=2-s2.0-85201939335&doi=10.1007%2F978-981-97-1814-6_68&partnerID=40&md5=6c8071c6a0aee058ed4fd2d432567081","Book chapter","Final","","Scopus","2-s2.0-85201939335"
"Payares, E.; Puertas, E.; Martinez-Santos, J.C.","Payares, Esteban (57221228272); Puertas, Edwin (57202285682); Martinez-Santos, Juan Carlos (26325154200)","57221228272; 57202285682; 26325154200","Team QTB on Feature Selection Via Quantum Annealing and Hybrid Models","2024","CEUR Workshop Proceedings","3740","","","3105","3114","0","1","","https://www.scopus.com/inward/record.uri?eid=2-s2.0-85201599504&partnerID=40&md5=109963e14922c9fd161e11ef19c34e03","Conference paper","Final","","Scopus","2-s2.0-85201599504"
"Perilla Granados, J.S.A.","Perilla Granados, Juan Sebastian Alejandro (57023375100)","57023375100","Misreading as a jus theory-creating possibility in a globalized context from a transnational perspective; O misreading como possibilidade criadora de justeorias em um contexto globalizado de transnacionalidade; El misreading como posibilidad creadora de iusteorías en un contexto globalizado desde la trasnacionalidad","2024","Estudios de Derecho","81","177","","58","71","0","2","10.17533/udea.esde.v81n177a3","https://www.scopus.com/inward/record.uri?eid=2-s2.0-85201593001&doi=10.17533%2Fudea.esde.v81n177a3&partnerID=40&md5=332181a132f8b600ed86d6e9d6a43dba","Article","Final","All Open Access; Gold Open Access","Scopus","2-s2.0-85201593001"
"Martinez, E.; Cuadrado, J.; Martinez-Santos, J.C.; Puertas, E.","Martinez, Elizabeth (58459662800); Cuadrado, Juan (57422728000); Martinez-Santos, Juan Carlos (26325154200); Puertas, Edwin (57202285682)","58459662800; 57422728000; 26325154200; 57202285682","VerbaNex AI at CLEF EXIST 2024: Detection of Online Sexism using Transformer Models and Profiling Techniques","2024","CEUR Workshop Proceedings","3740","","","1107","1113","0","0","","https://www.scopus.com/inward/record.uri?eid=2-s2.0-85201582387&partnerID=40&md5=b6aeb760232cdef5da0fc15db137404b","Conference paper","Final","","Scopus","2-s2.0-85201582387"
"Erazo-Coronado, A.M.; Arroyave, J.A.A.; Garcés-Prettel, M.G.","Erazo-Coronado, Ana María María (56716236500); Arroyave, Jesús Antonio (57218461329); Garcés-Prettel, Miguel Efrén (57193012270)","56716236500; 57218461329; 57193012270","Warmth in the Doctor-Patient Relationship: Analysis of the Effect of Empathy as a Mediating Variable in the Patient's Intention to Adhere to Treatment; Acolhimento na relação médico-paciente: análise do efeito da empatia como variável mediadora na intenção do paciente de aderir ao tratamento; Calidez en la relación médico-paciente: análisis del efecto de la empatía como variable mediadora en la intención de adherencia al tratamiento del paciente","2024","Palabra Clave","27","3","e2724","","","0","0","10.5294/pacla.2024.27.3.6","https://www.scopus.com/inward/record.uri?eid=2-s2.0-85200157741&doi=10.5294%2Fpacla.2024.27.3.6&partnerID=40&md5=0d24c2d22d58d03ccfaca730c2452a19","Article","Final","All Open Access; Gold Open Access","Scopus","2-s2.0-85200157741"
"Perilla Granados, J.S.A.","Perilla Granados, Juan Sebastian Alejandro (57023375100)","57023375100","Guidelines for implementing artificial intelligence in private law; Lineamientos para implementar la inteligencia artificial en el derecho privado","2024","European Journal of Privacy Law and Technologies","2024","1","","","","0","4","","https://www.scopus.com/inward/record.uri?eid=2-s2.0-85200111664&partnerID=40&md5=27528fc23bd718501618df0461293ddd","Article","Final","","Scopus","2-s2.0-85200111664"
"Tarazona-Alvarado, M.; Salamanca-Coy, J.L.; Forero-Gutièrrez, K.; Núñez, L.A.; Pisco-Guabave, J.; Escobar-Diaz, F.; Sierra-Porta, D.","Tarazona-Alvarado, Miguel (57549522400); Salamanca-Coy, J. L. (59241193600); Forero-Gutièrrez, K. (59241193700); Núñez, L. A. (7102162793); Pisco-Guabave, J. (57219416102); Escobar-Diaz, Fr (59241193100); Sierra-Porta, D. (57191333650)","57549522400; 59241193600; 59241193700; 7102162793; 57219416102; 59241193100; 57191333650","Assessing and monitoring air quality in cities and urban areas with a portable, modular and low-cost sensor station: calibration challenges","2024","International Journal of Remote Sensing","45","17","","5713","5736","0","1","10.1080/01431161.2024.2373338","https://www.scopus.com/inward/record.uri?eid=2-s2.0-85200098620&doi=10.1080%2F01431161.2024.2373338&partnerID=40&md5=3530a4e8b726df8cd6c03c4399e94290","Article","Final","","Scopus","2-s2.0-85200098620"
"Villasmil Espinoza, J.J.; Berrocal-Duran, J.C.; Rodelo García, M.R.","Villasmil Espinoza, Jorge Jesús (56004663400); Berrocal-Duran, Juan Carlos (57219442907); Rodelo García, Margarita Rosa (57205662246)","56004663400; 57219442907; 57205662246","Artificial intelligence and new forms of law in the 21st century; Inteligencia artificial y nuevas formas de derecho en el siglo XXI","2024","Revista de Ciencias Sociales","30","ESPECIAL 9","","447","458","0","2","10.31876/rcs.v30i.42324","https://www.scopus.com/inward/record.uri?eid=2-s2.0-85200035985&doi=10.31876%2Frcs.v30i.42324&partnerID=40&md5=3450618cc7f58ddc638a18f3669b0315","Article","Final","All Open Access; Green Accepted Open Access; Green Open Access","Scopus","2-s2.0-85200035985"
"Chavarro-Mesa, E.; Almeida, J.V.A.; da Silva, S.R.; Lopes, S.S.; Barbosa, J.B.F.; Oliveira, D.; Corrêa, M.A.; Moraes, A.P.; Miranda, V.F.O.; Prosdocimi, F.; Varani, A.M.","Chavarro-Mesa, Edisson (57188841051); Almeida, João Victor Dos Anjos (59218043800); da Silva, Saura Rodrigues (57191609928); Lopes, Simone Santos (57942580300); Barbosa, José Beethoven Figueiredo (56053867600); Oliveira, Danilo Ribeiro (14065044800); Corrêa, Maria Alice (57941280000); Moraes, Ana Paula (23492755400); Miranda, Vitor F.O. (16303704800); Prosdocimi, Francisco (6507245525); Varani, Alessandro M. (8518669900)","57188841051; 59218043800; 57191609928; 57942580300; 56053867600; 14065044800; 57941280000; 23492755400; 16303704800; 6507245525; 8518669900","The mitogenomic landscape of Banisteriopsis caapi (Malpighiaceae), the sacred liana used for ayahuasca preparation","2024","Genetics and Molecular Biology","47","2","e20230301","","","0","1","10.1590/1678-4685-GMB-2023-0301","https://www.scopus.com/inward/record.uri?eid=2-s2.0-85198501404&doi=10.1590%2F1678-4685-GMB-2023-0301&partnerID=40&md5=5feb163c7b6e14c340bb005abee61c72","Article","Final","All Open Access; Gold Open Access; Green Accepted Open Access; Green Open Access","Scopus","2-s2.0-85198501404"
"Cobos, T.L.","Cobos, Tania Lucía (57206773929)","57206773929","Analysis of Colombian media coverage on COVID-19: an audience perspective; Análise da cobertura mediática colombiana sobre a covid-19: uma perspectiva das audiências","2024","Comunicacao Midia e Consumo","21","60","","115","133","0","0","10.18568/cmc.v21i60.2908","https://www.scopus.com/inward/record.uri?eid=2-s2.0-85195140957&doi=10.18568%2Fcmc.v21i60.2908&partnerID=40&md5=ca6c0d1550b9e4489ade33e021831e73","Article","Final","All Open Access; Gold Open Access","Scopus","2-s2.0-85195140957"
"Díaz-Pérez, A.D.; Pérez, A.R.; Sanjuan, J.Z.; Rodelo García, M.R.; Almanza, O.H.; Lozano, B.D.","Díaz-Pérez, Anderson (57202080159); Pérez, Angélica Roca (57189023828); Sanjuan, Jesús Zarate (59012739200); Rodelo García, Margarita Rosa (57205662246); Almanza, Olga Hernández (59012408400); Lozano, Brayan Domínguez (57209367952)","57202080159; 57189023828; 59012739200; 57205662246; 59012408400; 57209367952","Factors associated to the hypertensive disorders of pregnancy: a case-control study in women in the Colombian Caribbean; Factores asociados a los trastornos hipertensivos del embarazo: un estudio de casos y controles en mujeres del Caribe Colombiano","2024","Gaceta Medica de Caracas","132","1","","30","46","0","1","10.47307/GMC.2024.132.1.4","https://www.scopus.com/inward/record.uri?eid=2-s2.0-85191997896&doi=10.47307%2FGMC.2024.132.1.4&partnerID=40&md5=048c868c02eea29cf5570109c2199c4b","Article","Final","All Open Access; Gold Open Access","Scopus","2-s2.0-85191997896"
"Garcés-Prettel, M.G.; de la Ossa Robinson, S.; Arellano-Cartagena, W.; Alvis-Arrieta, J.; Figueroa-Castillo, L.C.","Garcés-Prettel, Miguel Efrén (57193012270); de la Ossa Robinson, Susana (57697755300); Arellano-Cartagena, William (58068069000); Alvis-Arrieta, Jorge (58068307100); Figueroa-Castillo, Luis Carlos (58995828900)","57193012270; 57697755300; 58068069000; 58068307100; 58995828900","Return or Not to Return to In-Person Classes? Motivations and Fears that Influence University Dropout in Colombia in the Post-Pandemic Era; ¿Volver o no volver a las clases presenciales? Motivaciones y temores que influyen en la deserción universitaria en Colombia en tiempos de postpandemia","2024","Salud Uninorte","40","1","","52","68","0","2","10.14482/sun.40.01.159.456","https://www.scopus.com/inward/record.uri?eid=2-s2.0-85190994250&doi=10.14482%2Fsun.40.01.159.456&partnerID=40&md5=a6399f5e353154276fac7bd351bb7ac2","Article","Final","All Open Access; Gold Open Access","Scopus","2-s2.0-85190994250"
"Morillo, A.; Peña, D.P.; Martinez-Santos, J.C.; Puertas, E.","Morillo, Anderson (58674420800); Peña, Daniel (57203171916); Martinez-Santos, Juan Carlos (26325154200); Puertas, Edwin (57202285682)","58674420800; 57203171916; 26325154200; 57202285682","VerbaNexAI Lab at SemEval-2024 Task 1: A Multilayer Artificial Intelligence Model for Semantic Relationship Detection","2024","","","","","1344","1350","0","1","10.18653/v1/2024.semeval-1.194","https://www.scopus.com/inward/record.uri?eid=2-s2.0-85190825310&doi=10.18653%2Fv1%2F2024.semeval-1.194&partnerID=40&md5=ecd935ae70e55bc98e83da5ed357a5fe","Conference paper","Final","","Scopus","2-s2.0-85190825310"
"de la Ossa, E.D.; Vázquez-Miraz, P.","de la Ossa, Elsy Domínguez (57223851529); Vázquez-Miraz, Pedro (57196040759)","57223851529; 57196040759","Demonstrations and scenarios of perceived school violence in educational Communities in Cartagena, Colombia; Manifestações e situações de violência escolar percebida nas comunidades educativas de Cartagena, Colômbia; Manifestaciones y escenarios de la violencia escolar percibida en comunidades educativas de Cartagena, Colombia","2024","Revista Portuguesa de Educacao","37","1","e24004","","","0","1","10.21814/rpe.26531","https://www.scopus.com/inward/record.uri?eid=2-s2.0-85189686044&doi=10.21814%2Frpe.26531&partnerID=40&md5=d52ce2c642bbdbbee329e30fbfa50fcc","Article","Final","All Open Access; Gold Open Access; Green Accepted Open Access; Green Open Access","Scopus","2-s2.0-85189686044"
"Perilla Granados, J.S.A.","Perilla Granados, Juan Sebastian Alejandro (57023375100)","57023375100","The teaching of criminal procedural law from anti-formalist constructivism; La enseñanza del Derecho Procesal Penal desde el constructivismo antiformalista","2024","Revista Brasileira de Direito Processual Penal","10","1","","","","0","4","10.22197/rbdpp.v10i1.899","https://www.scopus.com/inward/record.uri?eid=2-s2.0-85189143797&doi=10.22197%2Frbdpp.v10i1.899&partnerID=40&md5=beb570722b549f40c8bee1c41a5439d4","Article","Final","All Open Access; Gold Open Access","Scopus","2-s2.0-85189143797"
"Perilla Granados, J.S.A.","Perilla Granados, Juan Sebastian Alejandro (57023375100)","57023375100","THE AFFECTIVE FAMILY FROM THE COLOMBIAN CONSTITUTIONAL JURISPRUDENCE; LA FAMILIA DE CRIANZA DESDE LA JURISPRUDENCIA CONSTITUCIONAL COLOMBIANA","2024","Revista de Direito","16","1","","1","22","0","5","10.32361/2024160116288","https://www.scopus.com/inward/record.uri?eid=2-s2.0-85187530848&doi=10.32361%2F2024160116288&partnerID=40&md5=1234bad743196aeb418dcf968fa959dd","Article","Final","All Open Access; Gold Open Access","Scopus","2-s2.0-85187530848"
"Delahoz-Domínguez, E.; Herrera, T.; Zuluaga-Ortiz, R.","Delahoz-Domínguez, E. (57730105400); Herrera, Tomás José Fontalvo (54993936500); Zuluaga-Ortiz, Rohemi Alfredo (57216439951)","57730105400; 54993936500; 57216439951","A Six Sigma approach for package management process in a courier company","2024","International Journal of Services and Operations Management","47","2","","198","210","0","0","10.1504/IJSOM.2024.136794","https://www.scopus.com/inward/record.uri?eid=2-s2.0-85186241505&doi=10.1504%2FIJSOM.2024.136794&partnerID=40&md5=707a0df92aa15411e2a8dc5b47c5117c","Article","Final","","Scopus","2-s2.0-85186241505"
"Gonzalez-Sierra, M.A.; Wogrin, S.","Gonzalez-Sierra, Mauro A. (58803522300); Wogrin, Sonja (37119657300)","58803522300; 37119657300","Self-Unit Commitment of Combined-Cycle Units with Real Operational Constraints","2024","Energies","17","1","51","","","0","2","10.3390/en17010051","https://www.scopus.com/inward/record.uri?eid=2-s2.0-85181850185&doi=10.3390%2Fen17010051&partnerID=40&md5=7cc91c3870b5ceefe07bf3023fbf3813","Article","Final","All Open Access; Gold Open Access","Scopus","2-s2.0-85181850185"
"Vasquez, J.; Acevedo-Barrios, R.; Miranda-Castro, W.; Guerrero, M.; Meneses-Ospina, L.","Vasquez, Juan (58774824500); Acevedo-Barrios, R. L. (56674579200); Miranda-Castro, Wendy (57193857478); Guerrero, Milton (57200615582); Meneses-Ospina, Luisa (58775024100)","58774824500; 56674579200; 57193857478; 57200615582; 58775024100","Determining Changes in Mangrove Cover Using Remote Sensing with Landsat Images: a Review","2024","Water, Air, and Soil Pollution","235","1","18","","","0","14","10.1007/s11270-023-06788-6","https://www.scopus.com/inward/record.uri?eid=2-s2.0-85180367211&doi=10.1007%2Fs11270-023-06788-6&partnerID=40&md5=dfd53c92151064037b1494e030d7d63b","Review","Final","All Open Access; Hybrid Gold Open Access","Scopus","2-s2.0-85180367211"
"Arrieta-Flórez, R.; Alvis-Arrieta, J.; Espinosa-Espinosa, A.","Arrieta-Flórez, Rosaura (57257353100); Alvis-Arrieta, Jorge (58068307100); Espinosa-Espinosa, Aarón (57211108028)","57257353100; 58068307100; 57211108028","Transformations of the Urban-Rural Space in Colombia and Their Impact on Water Supply; Transformação produtiva e insegurança alimentar em zonas de conflito armado. O caso de María la Baja, Colômbia; Transformación productiva e inseguridad alimentaria en zonas de conflicto armado. El caso de María la Baja, Colombia","2024","Territorios","","50","","","","0","2","10.12804/revistas.urosario.edu.co/territorios/a.11778","https://www.scopus.com/inward/record.uri?eid=2-s2.0-85180303944&doi=10.12804%2Frevistas.urosario.edu.co%2Fterritorios%2Fa.11778&partnerID=40&md5=6ee7dbebe80d03de62a64fc8f0dbd10e","Article","Final","All Open Access; Gold Open Access","Scopus","2-s2.0-85180303944"
"Sanchez-Hernandez, S.; Mendoza, K.; Quintero, F.; Prada, A.M.; Tello, A.; Galvis-Ramírez, V.; Romero, L.A.; Marrugo, A.G.","Sanchez-Hernandez, Sergio A. (57220070743); Mendoza, Kevin D. (57221460700); Quintero, Fernando J. (57221475394); Prada, Angélica María (55767855400); Tello, Alejandro (6603664598); Galvis-Ramírez, Virgilio (55963715000); Romero, Lenny A. (36142156300); Marrugo, Andrés G. (24329839300)","57220070743; 57221460700; 57221475394; 55767855400; 6603664598; 55963715000; 36142156300; 24329839300","Self-supervised Deep-Learning Segmentation of Corneal Endothelium Specular Microscopy Images","2024","Communications in Computer and Information Science","1865 CCIS","","","30","42","0","0","10.1007/978-3-031-48415-5_3","https://www.scopus.com/inward/record.uri?eid=2-s2.0-85177844218&doi=10.1007%2F978-3-031-48415-5_3&partnerID=40&md5=8878e43e085c6c16f3dd115a7085fa04","Conference paper","Final","","Scopus","2-s2.0-85177844218"
"Jiménez Tovar, M.; Acevedo-Chedid, J.; Ospina-Mateus, H.; Salas-Navarro, K.; Sana, S.S.","Jiménez Tovar, Mary (58298209300); Acevedo-Chedid, Jaime (57193533853); Ospina-Mateus, Holman (57194034904); Salas-Navarro, Katherinne (57193504630); Sana, Shib Sankar (15078194000)","58298209300; 57193533853; 57194034904; 57193504630; 15078194000","An optimization algorithm for the multi-objective flexible fuzzy job shop environment with partial flexibility based on adaptive teaching–learning considering fuzzy processing times","2024","Soft Computing","28","2","","1459","1489","0","8","10.1007/s00500-023-08342-2","https://www.scopus.com/inward/record.uri?eid=2-s2.0-85160847164&doi=10.1007%2Fs00500-023-08342-2&partnerID=40&md5=2a2dc3782ae5e133b4c4913167821952","Article","Final","All Open Access; Green Accepted Open Access; Green Open Access","Scopus","2-s2.0-85160847164"
"Mellado, C.; Blanchett, N.; Stepińska, A.; Mothes, C.; Lecheler, S.; Blanco-Herrero, D.; Chen, Y.-N.K.; Cohen, A.; Davydov, S.; de Maio, M.; Dingerkus, F.; Elhamy, H.; Garcés-Prettel, M.G.; Gousset, C.; C Hallin, D.; Humanes, M.L.; Himma-Kadakas, M.; Kozman, C.; Lee, M.; Lin, C.I.-H.; Márquez-Ramírez, M.; Maza-Cordova, J.; McGuinness, K.; McIntyre, K.; Mick, J.; Milojević, A.; Navarro, C.; Olivera, D.; Pizarro, M.; Sarasqueta, G.; Silke, H.; Skjerdal, T.; Stanziano, A.; Szabó, G.; VanLeuven, S.; Zhao, X.","Mellado, Claudia (24504020400); Blanchett, Nicole (57218135615); Stepińska, Agnieszka (55445081400); Mothes, Cornelia (56600541200); Lecheler, Sophie K. (26036187400); Blanco-Herrero, David (57211948447); Chen, Yi Ning Katherine (15847687100); Cohen, Akiba A. (57000746000); Davydov, Sergey G. (40461202600); de Maio, Mariana (57156173100); Dingerkus, Filip (57193154867); Elhamy, Hossam Mohamed (58213110300); Garcés-Prettel, Miguel Efrén (57193012270); Gousset, Cyriac (57924161300); C Hallin, Daniel (58244279000); Humanes, María Luisa (55505896600); Himma-Kadakas, Marju (57189261905); Kozman, Claudia (57193141636); Lee, Misook (57200427121); Lin, Christi I.Hsuan (58243959600); Márquez-Ramírez, Mireya (57193011223); Maza-Cordova, Jorge (57201524040); McGuinness, Kieran (57223925797); McIntyre, Karen Elizabeth (57189991616); Mick, Jacques (57195683569); Milojević, Ana M. (55857868600); Navarro, Cristina (56372571900); Olivera, Dasniel (58243468800); Pizarro, Marcela F. (57223089108); Sarasqueta, Gonzalo (57221460707); Silke, Henry (56560058100); Skjerdal, Terje Steinulfsson (35249359100); Stanziano, Anna (57194209049); Szabó, Gabriella (43461961100); VanLeuven, Sarah (58244441100); Zhao, Xin (57207855033)","24504020400; 57218135615; 55445081400; 56600541200; 26036187400; 57211948447; 15847687100; 57000746000; 40461202600; 57156173100; 57193154867; 58213110300; 57193012270; 57924161300; 58244279000; 55505896600; 57189261905; 57193141636; 57200427121; 58243959600; 57193011223; 57201524040; 57223925797; 57189991616; 57195683569; 55857868600; 56372571900; 58243468800; 57223089108; 57221460707; 56560058100; 35249359100; 57194209049; 43461961100; 58244441100; 57207855033","Does News Platform Matter? Comparing Online Journalistic Role Performance to Newspaper, Radio, and Television","2024","Digital Journalism","12","3","","376","399","0","19","10.1080/21670811.2023.2191332","https://www.scopus.com/inward/record.uri?eid=2-s2.0-85158984372&doi=10.1080%2F21670811.2023.2191332&partnerID=40&md5=314c3b22173ff9d21a1e9f749d6cb31b","Article","Final","All Open Access; Green Accepted Open Access; Green Open Access","Scopus","2-s2.0-85158984372"
"Perilla Granados, J.S.A.","Perilla Granados, Juan Sebastian Alejandro (57023375100)","57023375100","THE RIGHTS OF ANIMALS AS SENTIENT BEINGS IN COLOMBIA; LOS DERECHOS DE LOS ANIMALES COMO SERES SINTIENTES EN COLOMBIA","2024","Anuario de la Facultad de Derecho. Universidad de Extremadura","","40","","185","204","0","1","10.17398/2695-7728.40.185","https://www.scopus.com/inward/record.uri?eid=2-s2.0-105005183520&doi=10.17398%2F2695-7728.40.185&partnerID=40&md5=1c4ac60df7ee5cdc71fafb3b5371c585","Article","Final","All Open Access; Gold Open Access","Scopus","2-s2.0-105005183520"
"Dominguez-Jimenez, J.A.; Sabir, S.; Henao, N.; Agbossou, K.; Oviedo, J.C.; Campillo, J.","Dominguez-Jimenez, J. A. (56682770100); Sabir, Sameer (57202961427); Henao, Nilson (55366621800); Agbossou, Kodjo A. (56238417000); Oviedo, Juan C. (56396406900); Campillo, Javier E. (55609096600)","56682770100; 57202961427; 55366621800; 56238417000; 56396406900; 55609096600","ORFLEX: Open Platform for Rapid Testing and Deploying Local Flexibility Markets","2024","IECON Proceedings (Industrial Electronics Conference)","","","","","","0","1","10.1109/IECON55916.2024.10905357","https://www.scopus.com/inward/record.uri?eid=2-s2.0-105000988045&doi=10.1109%2FIECON55916.2024.10905357&partnerID=40&md5=c7d92736ffac5d61e11f202d744b0b7a","Conference paper","Final","","Scopus","2-s2.0-105000988045"
"Marrugo, A.G.","Marrugo, Andrés G. (24329839300)","24329839300","Navigating the waters of academic publishing: Insights from a graduate writing course","2023","Transactions on Energy Systems and Engineering Applications","4","2","603","","","0","0","10.32397/tesea.vol4.n2.603","https://www.scopus.com/inward/record.uri?eid=2-s2.0-85181484034&doi=10.32397%2Ftesea.vol4.n2.603&partnerID=40&md5=15943150286f064c05e0bfc4b1449f3e","Editorial","Final","All Open Access; Gold Open Access","Scopus","2-s2.0-85181484034"
"Sierra-Sánchez, A.; Coronado-Hernández, O.E.; Paternina-Verona, D.A.; Gatica, G.; M Ramos, H.M.","Sierra-Sánchez, Alexandra (58795356300); Coronado-Hernández, Oscar E. (57193337460); Paternina-Verona, Duban A. (57327599900); Gatica, Gustavo (55621116300); M Ramos, Helena Margarida (35568240000)","58795356300; 57193337460; 57327599900; 55621116300; 35568240000","Statistical Analysis to Quantify the Impact of Map Type on Estimating Peak Discharge in Non-Instrumented Basins","2023","Transactions on Energy Systems and Engineering Applications","4","2","522","","","0","4","10.32397/tesea.vol4.n2.522","https://www.scopus.com/inward/record.uri?eid=2-s2.0-85181481716&doi=10.32397%2Ftesea.vol4.n2.522&partnerID=40&md5=4c5079bd443af5d823a0734c3cfcad8a","Article","Final","All Open Access; Gold Open Access","Scopus","2-s2.0-85181481716"
"Lasanta, C.; Moreno, J.; Muñoz-Castells, R.; Arnedo, R.; Medina, P.; Villa, M.; Gómez Benítez, J.","Lasanta, Cristina (8577565500); Moreno, Juan José (34571681600); Muñoz-Castells, Raquel (57976788200); Arnedo, Rafael (57221226110); Medina, Paola (58875098500); Villa, Miguel (58874912400); Gómez Benítez, Juan (55759511781)","8577565500; 34571681600; 57976788200; 57221226110; 58875098500; 58874912400; 55759511781","Production of low alcohol wines with biological ageing in the south of Spain. Current results and future perspectives; Elaboración de vinos de crianza biológica de grado alcohólico reducido en el sur de España. Resultados actuales y perspectivas de futuro","2023","BIO Web of Conferences","68","","02007","","","0","0","10.1051/bioconf/20236802007","https://www.scopus.com/inward/record.uri?eid=2-s2.0-85184576020&doi=10.1051%2Fbioconf%2F20236802007&partnerID=40&md5=66d0838574f4aa1d518bb310041a3ea7","Conference paper","Final","All Open Access; Gold Open Access","Scopus","2-s2.0-85184576020"
"Viloria-Nuñez, C.; Tovar, M.; Millán-de Lange, A.C.","Viloria-Nuñez, Cesar (35788581800); Tovar, Marcela (58763412000); Millán-de Lange, Anthony Constant (59158215100)","35788581800; 58763412000; 59158215100","Digital archetypes: a tool for understanding personality characteristics in the digital culture","2023","Humanities and Social Sciences Communications","10","1","952","","","0","5","10.1057/s41599-023-02327-0","https://www.scopus.com/inward/record.uri?eid=2-s2.0-85179680072&doi=10.1057%2Fs41599-023-02327-0&partnerID=40&md5=30c21e8b04c755c8d63b501ab07f63d0","Article","Final","All Open Access; Gold Open Access","Scopus","2-s2.0-85179680072"
"Cuadrado, J.; Martinez, E.; Puertas, E.; Martinez-Santos, J.C.","Cuadrado, Juan (57422728000); Martinez, Elizabeth (58459662800); Puertas, Edwin (57202285682); Martinez-Santos, Juan Carlos (26325154200)","57422728000; 58459662800; 57202285682; 26325154200","Long-Term Effects of Degradation on Photovoltaic System Return on Investment","2023","IEEE Latin America Transactions","21","12","","1282","1290","0","2","10.1109/TLA.2023.10305232","https://www.scopus.com/inward/record.uri?eid=2-s2.0-85176440059&doi=10.1109%2FTLA.2023.10305232&partnerID=40&md5=c777bce5fa3c4b856febf83c4ea0f4de","Article","Final","","Scopus","2-s2.0-85176440059"
"Tarazona-Alvarado, M.; Sierra-Porta, D.","Tarazona-Alvarado, Miguel (57549522400); Sierra-Porta, D. (57191333650)","57549522400; 57191333650","Dataset for Sun dynamics from topological features","2023","Data in Brief","51","","109728","","","0","3","10.1016/j.dib.2023.109728","https://www.scopus.com/inward/record.uri?eid=2-s2.0-85175419072&doi=10.1016%2Fj.dib.2023.109728&partnerID=40&md5=a1762867f9f271ad9303ce2bc2843df0","Data paper","Final","All Open Access; Gold Open Access; Green Accepted Open Access; Green Open Access","Scopus","2-s2.0-85175419072"
"Fajardo Cuadro, J.G.; Negrette, C.; Yabrudy, D.; Barreto, D.; Cardona, C.","Fajardo Cuadro, Juan Gabriel (56581610900); Negrette, Camilo (57449143900); Yabrudy, Daniel (57222075738); Barreto, Deibys (57190756815); Cardona, Camilo (57214332256)","56581610900; 57449143900; 57222075738; 57190756815; 57214332256","Maintenance Strategy of a Preheat Train of a Crude Oil Distillation Unit Based on Exergy and Exergoeconomic Analysis","2023","Journal of Energy Resources Technology","145","12","121702","","","0","2","10.1115/1.4062713","https://www.scopus.com/inward/record.uri?eid=2-s2.0-85175086876&doi=10.1115%2F1.4062713&partnerID=40&md5=dee891836c679f395a072a98e57c3a5a","Article","Final","","Scopus","2-s2.0-85175086876"
"Acevedo-Chedid, J.; Soto, M.C.; Ospina-Mateus, H.; Salas-Navarro, K.; Sana, S.S.","Acevedo-Chedid, Jaime (57193533853); Soto, Melissa Caro (58307289200); Ospina-Mateus, Holman (57194034904); Salas-Navarro, Katherinne (57193504630); Sana, Shib Sankar (15078194000)","57193533853; 58307289200; 57194034904; 57193504630; 15078194000","An optimization model for routing—location of vehicles with time windows and cross-docking structures in a sustainable supply chain of perishable foods","2023","Operations Management Research","16","4","","1742","1765","0","14","10.1007/s12063-023-00379-8","https://www.scopus.com/inward/record.uri?eid=2-s2.0-85161304181&doi=10.1007%2Fs12063-023-00379-8&partnerID=40&md5=583e5848767a63b8815defbb518890d4","Article","Final","All Open Access; Green Accepted Open Access; Green Open Access","Scopus","2-s2.0-85161304181"
"Noreña, J.F.; de la Ossa Robinson, S.; Vázquez-Miraz, P.","Noreña, Jhon Fredy Orrego (57696201000); de la Ossa Robinson, Susana (57697755300); Vázquez-Miraz, Pedro (57196040759)","57696201000; 57697755300; 57196040759","Education: emerging relationships in the search for the formation of the other","2023","Journal of Applied Research in Higher Education","15","5","","1664","1674","0","0","10.1108/JARHE-09-2022-0306","https://www.scopus.com/inward/record.uri?eid=2-s2.0-85146354329&doi=10.1108%2FJARHE-09-2022-0306&partnerID=40&md5=de7ba629a8cfaced00221af2b0417daa","Article","Final","","Scopus","2-s2.0-85146354329"
"Martínez, M.J.; Peñata, A.","Martínez, María José (57219715744); Peñata, Alejandra (58677387700)","57219715744; 58677387700","Forgiveness and Resilience: Reflections from the Experiences of Victims of the Colombian Armed Conflict in San Juan Nepomuceno, Montes de María, Colombia; Perdão e resiliência: reflexões a partir das experiências das vítimas do conflito armado colombiano em San Juan Nepomuceno, Montes de María, Colômbia; Perdón y resiliencia: reflexiones desde las experiencias de víctimas del conflicto armado colombiano en San Juan Nepomuceno, Montes de María, Colombia","2023","Revista de Estudios Sociales","2023","86","","103","136","0","0","10.7440/res86.2023.07","https://www.scopus.com/inward/record.uri?eid=2-s2.0-85175581674&doi=10.7440%2Fres86.2023.07&partnerID=40&md5=952af48aa7f5253a191cd131cacc7dec","Article","Final","All Open Access; Gold Open Access; Green Accepted Open Access; Green Open Access","Scopus","2-s2.0-85175581674"
"Amaya, S.; Abitbol, P.; Allais, L.","Amaya, Santiago (54879957300); Abitbol, Pablo (58145499200); Allais, Lucy (26034480000)","54879957300; 58145499200; 26034480000","Forgiveness and Memory: Opportunities for Reconciliation. An Introduction; Perdão e memória: oportunidades de reconciliação. Uma introdução; Perdón y memoria: oportunidades para la reconciliación. Una introducción","2023","Revista de Estudios Sociales","2023","86","","3","12","0","1","10.7440/res86.2023.01","https://www.scopus.com/inward/record.uri?eid=2-s2.0-85175570475&doi=10.7440%2Fres86.2023.01&partnerID=40&md5=9b3be2e0b672bda8a14c33ea8e2e70b2","Article","Final","All Open Access; Gold Open Access","Scopus","2-s2.0-85175570475"
"Díaz, N.; Peñaloza, Y.C.; Rios, Y.Y.; Martinez-Santos, J.C.; Puertas, E.","Díaz, Nicolás Hernández (57220077564); Peñaloza, Yersica C. (57580976200); Rios, Y. Yuliana (57204642964); Martinez-Santos, Juan Carlos (26325154200); Puertas, Edwin (57202285682)","57220077564; 57580976200; 57204642964; 26325154200; 57202285682","Dataset for detecting motorcyclists in pedestrian areas","2023","Data in Brief","50","","109610","","","0","2","10.1016/j.dib.2023.109610","https://www.scopus.com/inward/record.uri?eid=2-s2.0-85173511803&doi=10.1016%2Fj.dib.2023.109610&partnerID=40&md5=35b2559db745c8bef1256aa265f86982","Data paper","Final","All Open Access; Gold Open Access; Green Accepted Open Access; Green Open Access","Scopus","2-s2.0-85173511803"
"Ospina-Mateus, H.; Quintana-Jiménez, L.; Lopez-Valdes, F.J.","Ospina-Mateus, Holman (57194034904); Quintana-Jiménez, Leonardo Augusto (57195939566); Lopez-Valdes, Francisco J. (23110963500)","57194034904; 57195939566; 23110963500","Analyzing traffic conflicts and the behavior of motorcyclists at unsignalized three-legged and four-legged intersections in Cartagena, Colombia","2023","Accident Analysis and Prevention","191","","107222","","","0","9","10.1016/j.aap.2023.107222","https://www.scopus.com/inward/record.uri?eid=2-s2.0-85165894079&doi=10.1016%2Fj.aap.2023.107222&partnerID=40&md5=6595f71d1dbc58e7c731d013a6d0ca62","Article","Final","","Scopus","2-s2.0-85165894079"
"Castro-Vargas, A.; Paul, S.","Castro-Vargas, Adriana (58499438500); Paul, Shiladitya (57206640428)","58499438500; 57206640428","In-situ imaging and electrochemical monitoring of damaged thermal spray aluminium coating in synthetic seawater","2023","Electrochimica Acta","464","","142847","","","0","4","10.1016/j.electacta.2023.142847","https://www.scopus.com/inward/record.uri?eid=2-s2.0-85165484971&doi=10.1016%2Fj.electacta.2023.142847&partnerID=40&md5=b7e33c05ed7672d49678af1ac4df58e3","Article","Final","All Open Access; Hybrid Gold Open Access","Scopus","2-s2.0-85165484971"
"Payares, E.; Martinez-Santos, J.C.","Payares, Esteban (57221228272); Martinez-Santos, Juan Carlos (26325154200)","57221228272; 26325154200","Advancements in quantum machine learning for intrusion detection: A comprehensive overview","2023","","","","","167","176","0","1","10.4018/978-1-6684-8422-7.ch009","https://www.scopus.com/inward/record.uri?eid=2-s2.0-85172819506&doi=10.4018%2F978-1-6684-8422-7.ch009&partnerID=40&md5=346fc910c0ca3e96838439c85daa08e1","Book chapter","Final","","Scopus","2-s2.0-85172819506"
"Medina-Hernández, E.J.M.; Hurtado-Márquez, J.S.; Hernández-Arenas, M.","Medina-Hernández, Edith Johana (57354189300); Hurtado-Márquez, Julio Seferino (58772330300); Hernández-Arenas, Marysol (58771948300)","57354189300; 58772330300; 58771948300","Multidimensional analysis of perceptions of security and citizen coexistence in Colombia; Análisis multidimensional de las percepciones de seguridad y convivencia ciudadana en Colombia","2023","Dilemas","16","3","52261","","","0","1","10.4322/dilemas.v16.n.3.52261","https://www.scopus.com/inward/record.uri?eid=2-s2.0-85180218259&doi=10.4322%2Fdilemas.v16.n.3.52261&partnerID=40&md5=fbb36c90d0185e6d6e6031830ad4a597","Article","Final","All Open Access; Gold Open Access","Scopus","2-s2.0-85180218259"
"Puerta-Guardo, F.A.; Cantillo-Orozco, A.S.; Sanabria-Ospino, A.; Fajardo-Moreno, W.S.","Puerta-Guardo, Fabio Andrés (58619059200); Cantillo-Orozco, Ana Susana (59454824700); Sanabria-Ospino, Alfredo Enrique (57212004785); Fajardo-Moreno, William Stive (57666745300)","58619059200; 59454824700; 57212004785; 57666745300","Effect of the financial structure on the liquidity risk of SMEs in Cartagena as a base of project formulation; Efecto de la estructura financiera en el riesgo de liquidez de las PYMES de Cartagena como base de formulación de proyectos","2023","DYNA (Colombia)","90","228","","28","38","0","2","10.15446/dyna.v90n228.108626","https://www.scopus.com/inward/record.uri?eid=2-s2.0-85171327674&doi=10.15446%2Fdyna.v90n228.108626&partnerID=40&md5=60e2d5e7e611d70c0950cbdd44f2d542","Article","Final","All Open Access; Gold Open Access","Scopus","2-s2.0-85171327674"
"Ospina-Mateus, H.; Marrugo-Salas, L.; Castilla Castilla, L.; Castellon, L.; Cantillo, A.S.; Bolívar, L.M.; Salas-Navarro, K.; Zamora-Musa, R.","Ospina-Mateus, Holman (57194034904); Marrugo-Salas, Lina Margarita (57392556500); Castilla Castilla, Luna (58572691100); Castellon, Liliana (57190757268); Cantillo, Ana S. (58572809300); Bolívar, Luis Miguel (57206774538); Salas-Navarro, Katherinne (57193504630); Zamora-Musa, Ronald (57192389508)","57194034904; 57392556500; 58572691100; 57190757268; 58572809300; 57206774538; 57193504630; 57192389508","Analysis in circular economy research in Latin America: A bibliometric review","2023","Heliyon","9","9","e19999","","","0","16","10.1016/j.heliyon.2023.e19999","https://www.scopus.com/inward/record.uri?eid=2-s2.0-85170700654&doi=10.1016%2Fj.heliyon.2023.e19999&partnerID=40&md5=c6d5c8cf6bcc2b9866b95a6a3259cf6e","Article","Final","All Open Access; Gold Open Access; Green Accepted Open Access; Green Final Open Access; Green Open Access","Scopus","2-s2.0-85170700654"
"Díaz-Mendoza, C.; Arias Ordiales, P.; Bustos, M.L.; Cervantes, O.; Palacios-Moreno, M.; Vera San Martín, T.; Kloc Lopes, G.; Vallejo, M.; Mouthón-Bello, J.; Gutierrez, L.","Díaz-Mendoza, Claudia (55258973100); Arias Ordiales, Paloma (58509819200); Bustos, M. L. (54969548500); Cervantes, Omar D. (23977737400); Palacios-Moreno, Mario (57221809837); Vera San Martín, Teresa (57086550800); Kloc Lopes, Gisela (58509330100); Vallejo, Martha (58510319900); Mouthón-Bello, Javier A. (8693393400); Gutierrez, Leonardo A. (35186188000)","55258973100; 58509819200; 54969548500; 23977737400; 57221809837; 57086550800; 58509330100; 58510319900; 8693393400; 35186188000","Abundance and distribution of cigarette butts on the sand of five touristic beaches in Latin America during the COVID-19 pandemic","2023","Marine Pollution Bulletin","194","","115306","","","0","22","10.1016/j.marpolbul.2023.115306","https://www.scopus.com/inward/record.uri?eid=2-s2.0-85166009499&doi=10.1016%2Fj.marpolbul.2023.115306&partnerID=40&md5=992443058c0f8acf1f3eb4417ee59af7","Article","Final","All Open Access; Green Final Open Access; Green Open Access; Hybrid Gold Open Access","Scopus","2-s2.0-85166009499"
"Del Rio Cortina, J.L.; Carta, E.P.R.; Herazo, I.I.M.; de Hoyos, M.A.","Del Rio Cortina, Jorge Luis (57197807415); Carta, Erika Patricia Ruiz (59942210400); Herazo, Isabel Inés Meza (59942210500); de Hoyos, Melissa Aguas (59941468400)","57197807415; 59942210400; 59942210500; 59941468400","The Role of Associativity and its Relationship with the Performance of Organizations; El papel de la asociatividad y su relación con el desempeño de las organizaciones","2023","Ciencia Tecnologia Agropecuaria","24","3","e3122","","","0","0","10.21930/rcta.vol24_num3_art:3122","https://www.scopus.com/inward/record.uri?eid=2-s2.0-105007933720&doi=10.21930%2Frcta.vol24_num3_art%3A3122&partnerID=40&md5=98798cf3c4a98553bf8f7cd61b310e8a","Article","Final","All Open Access; Gold Open Access","Scopus","2-s2.0-105007933720"
"Abuchar-Curi, A.M.; Coronado-Hernández, O.E.; Useche, J.; Abuchar-Soto, V.J.; Palencia Díaz, A.P.; Paternina-Verona, D.A.; M Ramos, H.M.","Abuchar-Curi, Alfredo Miguel (58523557700); Coronado-Hernández, Oscar E. (57193337460); Useche, J. F. (24537991200); Abuchar-Soto, Verónica J. (58553968400); Palencia Díaz, Argemiro (56801043600); Paternina-Verona, Duban A. (57327599900); M Ramos, Helena Margarida (35568240000)","58523557700; 57193337460; 24537991200; 58553968400; 56801043600; 57327599900; 35568240000","Improving Pump Characteristics through Double Curvature Impellers: Experimental Measurements and 3D CFD Analysis","2023","Fluids","8","8","217","","","0","1","10.3390/fluids8080217","https://www.scopus.com/inward/record.uri?eid=2-s2.0-85169018727&doi=10.3390%2Ffluids8080217&partnerID=40&md5=7fb08ef1ed3f3f36d9775c2a56903c64","Article","Final","All Open Access; Gold Open Access; Green Accepted Open Access; Green Open Access","Scopus","2-s2.0-85169018727"
"Soto-Acevedo, M.; Abuchar-Curi, A.M.; Zuluaga-Ortiz, R.; Delahoz-Domínguez, E.J.","Soto-Acevedo, Misorly (58523088300); Abuchar-Curi, Alfredo Miguel (58523557700); Zuluaga-Ortiz, Rohemi Alfredo (57216439951); Delahoz-Domínguez, Enrique J. (57220073247)","58523088300; 58523557700; 57216439951; 57220073247","A Machine Learning Model to Predict Standardized Tests in Engineering Programs in Colombia","2023","Revista Iberoamericana de Tecnologias del Aprendizaje","18","3","","211","218","0","2","10.1109/RITA.2023.3301396","https://www.scopus.com/inward/record.uri?eid=2-s2.0-85166775177&doi=10.1109%2FRITA.2023.3301396&partnerID=40&md5=ad1483da7887345006bd3fed8446cdbb","Article","Final","","Scopus","2-s2.0-85166775177"
"Porto-Hernández, L.A.; Vargas, J.V.C.; Muñoz, M.N.; Galeano-Cabral, J.; Ordonez, J.C.; Balmant, W.; Bellin Mariano, A.B.","Porto-Hernández, Luis Ángel (57804909800); Vargas, José Viriato Coelho (7202699409); Muñoz, Matias N. (57203326525); Galeano-Cabral, Jorge R. (57805169800); Ordonez, J. C. (57208458185); Balmant, Wellington (15135295300); Bellin Mariano, André Bellin (37009943800)","57804909800; 7202699409; 57203326525; 57805169800; 57208458185; 15135295300; 37009943800","Fundamental optimization of steam Rankine cycle power plants","2023","Energy Conversion and Management","289","","117148","","","0","16","10.1016/j.enconman.2023.117148","https://www.scopus.com/inward/record.uri?eid=2-s2.0-85160104121&doi=10.1016%2Fj.enconman.2023.117148&partnerID=40&md5=afc38c9a607764294c51919cdc4a1d16","Article","Final","","Scopus","2-s2.0-85160104121"
"Rubiano-Labrador, C.; Rebollo-Pérez, R.P.; Díaz-Mendoza, C.; Isabella, R.C.; de Jesus, V.H.; de Angeles, O.M.; De la Parra-Guerra, A.C.","Rubiano-Labrador, Carolina (55649334800); Rebollo-Pérez, Juan Alberto (58619330000); Díaz-Mendoza, Claudia (55258973100); Isabella, Revollo Cristina (58619622000); de Jesus, Vega Henry (58618844100); de Angeles, Ortega Maria (58618580700); De la Parra-Guerra, A. C. (57192208583)","55649334800; 58619330000; 55258973100; 58619622000; 58618844100; 58618580700; 57192208583","Evaluation of the production potential of quorum quenchig enzymes of extremophile bacteria from Antarctica","2023","Proceedings of the LACCEI international Multi-conference for Engineering, Education and Technology","2023-July","","","","","0","0","","https://www.scopus.com/inward/record.uri?eid=2-s2.0-85172386233&partnerID=40&md5=8744fd0423d692e6c20ead632d65fae4","Conference paper","Final","","Scopus","2-s2.0-85172386233"
"Rubiano-Labrador, C.; de Avila, L.B.; Acevedo-Barrios, R.; Posada, D.D.; Perez, J.R.; Jiménez-Uribe, D.A.; Villalba-Acevedo, J.-L.; Pasqualino, J.","Rubiano-Labrador, Carolina (55649334800); de Avila, Ludys Baena (57833117100); Acevedo-Barrios, R. L. (56674579200); Posada, Dayana Doria (58620465700); Perez, Juan Rebollo (58676501200); Jiménez-Uribe, Dámaris A. (57211917175); Villalba-Acevedo, Jorge Luis (57918628600); Pasqualino, Jorgelina C. (14622047600)","55649334800; 57833117100; 56674579200; 58620465700; 58676501200; 57211917175; 57918628600; 14622047600","Evaluation of the concentrations of cultivable airborne bacteria present in a Higher Education Institution in Cartagena de Indias (Colombia)","2023","Proceedings of the LACCEI international Multi-conference for Engineering, Education and Technology","2023-July","","","","","0","1","10.18687/LACCEI2023.1.1.756","https://www.scopus.com/inward/record.uri?eid=2-s2.0-85172355223&doi=10.18687%2FLACCEI2023.1.1.756&partnerID=40&md5=3da4f71ee89b511076eb2d9e40149eaf","Conference paper","Final","All Open Access; Gold Open Access","Scopus","2-s2.0-85172355223"
"Marún-Uparela, K.; Arrieta-Flórez, R.; Olarte, M.B.; Moreno, Y.L.","Marún-Uparela, Katleen (57222278899); Arrieta-Flórez, Rosaura (57257353100); Olarte, Mariam Berrío (58683174700); Moreno, Yuliet López (58682713200)","57222278899; 57257353100; 58683174700; 58682713200","Gendered Memories in Colombia: An Approach to Community Spaces for Memory Reconstruction by Women; Memorias generizadas en Colombia: una aproximación desde el análisis de espacios comunitarios de reconstrucción de memoria liderados por mujeres","2023","Revista de Estudios Colombianos","61","","","7","19","0","1","10.53556/rec.v61i.254","https://www.scopus.com/inward/record.uri?eid=2-s2.0-85175816329&doi=10.53556%2Frec.v61i.254&partnerID=40&md5=ae62d6fa1bf1d0de17aacd665c9b13d1","Article","Final","All Open Access; Gold Open Access","Scopus","2-s2.0-85175816329"
"Sierra-Porta, D.; Tarazona-Alvarado, M.; Villalba-Acevedo, J.-L.","Sierra-Porta, D. (57191333650); Tarazona-Alvarado, Miguel (57549522400); Villalba-Acevedo, Jorge Luis (57918628600)","57191333650; 57549522400; 57918628600","Quantitatively relating cosmic rays intensities from solar activity parameters based on structural equation modeling","2023","Advances in Space Research","72","2","","638","648","0","5","10.1016/j.asr.2023.02.044","https://www.scopus.com/inward/record.uri?eid=2-s2.0-85149870094&doi=10.1016%2Fj.asr.2023.02.044&partnerID=40&md5=ebdd1916e966435f78cddd81749f5cb6","Article","Final","","Scopus","2-s2.0-85149870094"
"Romero Rodríguez, G.; Sierra Torres, M.I.; Anaya Anaya, Á.; Rodelo García, M.R.","Romero Rodríguez, Geraldine (58996026000); Sierra Torres, María Isabel (59811635800); Anaya Anaya, Álvaro (58996951300); Rodelo García, Margarita Rosa (57205662246)","58996026000; 59811635800; 58996951300; 57205662246","The decolonial journey of Latin America. Three critical approaches by Aníbal Quijano; La solución de continuidad en contrato de prestación de servicios con entidades estatales respecto del contrato realidad","2023","Justicia (Barranquilla)","28","44","","207","224","0","0","10.17081/just.28.44.6938","https://www.scopus.com/inward/record.uri?eid=2-s2.0-85191017522&doi=10.17081%2Fjust.28.44.6938&partnerID=40&md5=1498310d67be5b26d1caecd8c086dcec","Article","Final","All Open Access; Gold Open Access","Scopus","2-s2.0-85191017522"
"Perilla Granados, J.S.A.","Perilla Granados, Juan Sebastian Alejandro (57023375100)","57023375100","Social Protest as a Fundamental Right from the Colombian Constitutional Court; LA PROTESTA SOCIAL COMO DERECHO FUNDAMENTAL DESDE LA CORTE CONSTITUCIONAL COLOMBIANA","2023","Estudios de Deusto","71","2","","147","165","0","3","10.18543/ed.2930","https://www.scopus.com/inward/record.uri?eid=2-s2.0-85180930364&doi=10.18543%2Fed.2930&partnerID=40&md5=badc634ea701fb60bc132fdcfc63e253","Article","Final","All Open Access; Gold Open Access","Scopus","2-s2.0-85180930364"
"Peralta-Fara, Y.; Espinosa-Espinos, A.","Peralta-Fara, Yeraldín (58660951700); Espinosa-Espinos, Aaron (58660078000)","58660951700; 58660078000","Human Development and Productive Inclusion in Popular Music: The Wind Bands Case in Sucre, Colombia; Desarrollo humano e inclusión productiva en la música popular: el caso de las bandas de viento en Sucre, Colombia","2023","Revista Finanzas y Politica Economica","15","2","","403","439","0","2","10.14718/revfinanzpolitecon.v15.n2.2023.5","https://www.scopus.com/inward/record.uri?eid=2-s2.0-85174693581&doi=10.14718%2Frevfinanzpolitecon.v15.n2.2023.5&partnerID=40&md5=5d23c3fddf02868195d9779c61bb921f","Article","Final","All Open Access; Gold Open Access","Scopus","2-s2.0-85174693581"
"Sierra-Porta, D.; Acevedo, D.D.H.; Tarazona-Alvarado, M.; Díaz, Y.P.H.","Sierra-Porta, D. (57191333650); Acevedo, D. D.Herrera (58544189400); Tarazona-Alvarado, Miguel (57549522400); Díaz, Y. P.Hernández (58544189500)","57191333650; 58544189400; 57549522400; 58544189500","SUNSPOTCALC: Una aplicación Web para calcular la rotación diferencial del Sol","2023","Revista Mexicana de Fisica E","20","2","020208","","","0","0","10.31349/RevMexFis.20.020208","https://www.scopus.com/inward/record.uri?eid=2-s2.0-85168504782&doi=10.31349%2FRevMexFis.20.020208&partnerID=40&md5=a0501cc1ad67c2b2fa172e055f107a7b","Article","Final","All Open Access; Gold Open Access","Scopus","2-s2.0-85168504782"
"Villalba-Barrios, A.F.; Coronado-Hernández, O.E.; Fuertes-Miquel, V.S.; Coronado-Hernandez, J.R.; M Ramos, H.M.","Villalba-Barrios, Andrés F. (58517051000); Coronado-Hernández, Oscar E. (57193337460); Fuertes-Miquel, Vicente S. (6507312882); Coronado-Hernandez, Jairo R. (54383095000); M Ramos, Helena Margarida (35568240000)","58517051000; 57193337460; 6507312882; 54383095000; 35568240000","Statistical Approach for Computing Base Flow Rates in Gaged Rivers and Hydropower Effect Analysis","2023","Hydrology","10","7","137","","","0","3","10.3390/hydrology10070137","https://www.scopus.com/inward/record.uri?eid=2-s2.0-85166434863&doi=10.3390%2Fhydrology10070137&partnerID=40&md5=9dfe62a78792270ec2a54e93a7422c50","Article","Final","All Open Access; Gold Open Access; Green Accepted Open Access; Green Open Access","Scopus","2-s2.0-85166434863"
"De la Parra-Guerra, A.C.; Acevedo-Barrios, R.","De la Parra-Guerra, A. C. (57192208583); Acevedo-Barrios, R. L. (56674579200)","57192208583; 56674579200","Studies of Endocrine Disruptors: Nonylphenol and Isomers in Biological Models","2023","Environmental Toxicology and Chemistry","42","7","","1439","1450","0","17","10.1002/etc.5633","https://www.scopus.com/inward/record.uri?eid=2-s2.0-85159808084&doi=10.1002%2Fetc.5633&partnerID=40&md5=a69f35e55581fd29f3768af5e2974432","Review","Final","All Open Access; Bronze Open Access; Green Accepted Open Access; Green Open Access","Scopus","2-s2.0-85159808084"
"Dominguez-Jimenez, J.A.; Campillo, J.; Campo-Landines, K.; Contreras-Ortiz, S.H.","Dominguez-Jimenez, J. A. (56682770100); Campillo, Javier E. (55609096600); Campo-Landines, Kiara Coralia (57205565967); Contreras-Ortiz, Sonia H. (57210822856)","56682770100; 55609096600; 57205565967; 57210822856","Impact of emotional states on the effective range of electric vehicles","2023","Journal of Ambient Intelligence and Humanized Computing","14","7","","9049","9058","0","6","10.1007/s12652-022-04410-x","https://www.scopus.com/inward/record.uri?eid=2-s2.0-85139154662&doi=10.1007%2Fs12652-022-04410-x&partnerID=40&md5=6dce9fcc4c7942cb742f087b6c682b5b","Article","Final","","Scopus","2-s2.0-85139154662"
"Marrugo, A.G.","Marrugo, Andrés G. (24329839300)","24329839300","A New Weave in the Pattern","2023","Transactions on Energy Systems and Engineering Applications","4","1","526","","","0","1","10.32397/tesea.vol4.n1.526","https://www.scopus.com/inward/record.uri?eid=2-s2.0-85164406578&doi=10.32397%2Ftesea.vol4.n1.526&partnerID=40&md5=c587918f3360c35c9fa1c24437ae0af9","Editorial","Final","All Open Access; Gold Open Access","Scopus","2-s2.0-85164406578"
"Perilla Granados, J.S.A.","Perilla Granados, Juan Sebastian Alejandro (57023375100)","57023375100","The levels of knowledge for the curricular design of Law Schools; Os níveis de conhecimento para o desenho curricular das Faculdades de Direito; Los niveles del conocimiento para el diseño curricular de las facultades de derecho","2023","Revista Pedagogia Universitaria y Didactica del Derecho","10","1","","71","90","0","7","10.5354/0719-5885.2023.69799","https://www.scopus.com/inward/record.uri?eid=2-s2.0-85166956437&doi=10.5354%2F0719-5885.2023.69799&partnerID=40&md5=76100f913fc83b3d80190e473508615e","Article","Final","All Open Access; Gold Open Access","Scopus","2-s2.0-85166956437"
"Castilla-Caballero, D.; Hernández-Ramírez, A.; Vazquez-Rodriguez, S.; Colina-Márquez, J.; Machuca-Martínez, F.; Barraza-Burgos, J.; Roa-Espinosa, A.; Medina-Guerrero, A.; Gunasekaran, S.","Castilla-Caballero, Deyler Rafael (57024211000); Hernández-Ramírez, A. (57199644727); Vazquez-Rodriguez, Sofia (56000886200); Colina-Márquez, José A. (23484999200); Machuca-Martínez, Fiderman (35488117500); Barraza-Burgos, Juan Manuel (57204866197); Roa-Espinosa, Aicardo (6506275757); Medina-Guerrero, Astrid (59351819200); Gunasekaran, Sundaram (7101998337)","57024211000; 57199644727; 56000886200; 23484999200; 35488117500; 57204866197; 6506275757; 59351819200; 7101998337","Effect of pyrolysis, impregnation, and calcination conditions on the physicochemical properties of TiO2/Biochar composites intended for photocatalytic applications","2023","Journal of Environmental Chemical Engineering","11","3","110274","","","0","27","10.1016/j.jece.2023.110274","https://www.scopus.com/inward/record.uri?eid=2-s2.0-85163527750&doi=10.1016%2Fj.jece.2023.110274&partnerID=40&md5=8203a8e5adea299fd7b20cca19bb6f4f","Article","Final","","Scopus","2-s2.0-85163527750"
"Hahn, C.; Wilson, M.J.; Ruiz-Macias, O.; Cole, S.; Weinberg, D.H.; Moustakas, J.; Kremin, A.; Tinker, J.L.; Smith, A.; Wechsler, R.H.; Ahlen, S.; Alam, S.; Bailey, S.; Brooks, D.; Cooper, A.P.; Davis, T.M.; Dawson, K.; Dey, A.; Dey, B.; Eftekharzadeh, S.; Eisenstein, D.J.; Fanning, K.; Forero-Romero, J.E.; Frenk, C.S.; Gaztañaga, E.; Gontcho A Gontcho, S.G.A.; Guy, J.; Honscheiď, K.; Ishak, M.; Juneau, S.; Kehoe, R.; Kisner, T.; Lan, T.-W.; Landriau, M.; Le Guillou, L.; Levi, M.E.; Magneville, C.; Martini, P.; Meisner, A.; Myers, A.D.; Nie, J.; Norberg, P.; Palanque-Delabrouille, N.; Percival, W.J.; Poppett, C.; Prada, F.; Raichoor, A.; Ross, A.J.; Safonova, S.; Saulder, C.; Schlafly, E.; Schlegel, D.; Sierra-Porta, D.; Tarlè, G.; Weaver, B.A.; Yéche, C.; Zarrouk, P.; Zhou, R.; Zhou, Z.; Zou, H.","Hahn, Changhoon (54385239000); Wilson, Michael J. (55574207658); Ruiz-Macias, Omar (57219790271); Cole, Shaun M. (7401503506); Weinberg, David H. (35254391900); Moustakas, John M. (35227806900); Kremin, Anthony (55794310600); Tinker, Jeremy L. (7005587012); Smith, Alex (57191339761); Wechsler, Risa H. (7007139687); Ahlen, S. P. (23099432500); Alam, Shadab (58132471500); Bailey, Stephen J. (55798374900); Brooks, David D. (7403482947); Cooper, Andrew P. (36348283600); Davis, Timothy Maree E. (57005974500); Dawson, Kyle S. (14824427000); Dey, Arjun T. (7101701707); Dey, Biprateep (57201668842); Eftekharzadeh, Sarah (36600178400); Eisenstein, Daniel J. (35354467100); Fanning, Kevin (57203897412); Forero-Romero, Jaime E. (18436401100); Frenk, Carlos S. (57203255083); Gaztañaga, E. (55944081300); Gontcho A Gontcho, Satya A. (56226292600); Guy, Julien (59622685100); Honscheiď, Klaus (34768542300); Ishak, Mustapha (7004929463); Juneau, Stéphanie (6507700088); Kehoe, Robert L. (56978792600); Kisner, Theodore S. (6506052811); Lan, Tingwen (57617079700); Landriau, Martin (6506365775); Le Guillou, Laurent (7801518927); Levi, Michael E. (8071936800); Magneville, Christophe (7003800535); Martini, Paul (57203083565); Meisner, Aaron M. (35737597900); Myers, Adam D. (35503787800); Nie, Jundan (56153186900); Norberg, Peder R. (57209788405); Palanque-Delabrouille, Nathalie (6701806568); Percival, Will J. (7003604949); Poppett, Claire L. (17346860800); Prada, Francisco (56259813600); Raichoor, Anand (37073369200); Ross, Ashley J. (15065832300); Safonova, Sasha (57205191823); Saulder, Christoph (55827605300); Schlafly, Edward F. (24167347400); Schlegel, David J. (35352423900); Sierra-Porta, D. (57191333650); Tarlè, Gregory G. (55977053700); Weaver, Benjamina Alan (57219533649); Yéche, Christophe (35228207600); Zarrouk, Pauline (57193869240); Zhou, Rongpu (57196087240); Zhou, Zhimin (55728181300); Zou, Hu (30567955700)","54385239000; 55574207658; 57219790271; 7401503506; 35254391900; 35227806900; 55794310600; 7005587012; 57191339761; 7007139687; 23099432500; 58132471500; 55798374900; 7403482947; 36348283600; 57005974500; 14824427000; 7101701707; 57201668842; 36600178400; 35354467100; 57203897412; 18436401100; 57203255083; 55944081300; 56226292600; 59622685100; 34768542300; 7004929463; 6507700088; 56978792600; 6506052811; 57617079700; 6506365775; 7801518927; 8071936800; 7003800535; 57203083565; 35737597900; 35503787800; 56153186900; 57209788405; 6701806568; 7003604949; 17346860800; 56259813600; 37073369200; 15065832300; 57205191823; 55827605300; 24167347400; 35352423900; 57191333650; 55977053700; 57219533649; 35228207600; 57193869240; 57196087240; 55728181300; 30567955700","The DESI Bright Galaxy Survey: Final Target Selection, Design, and Validation","2023","Astronomical Journal","165","6","253","","","0","164","10.3847/1538-3881/accff8","https://www.scopus.com/inward/record.uri?eid=2-s2.0-85160515390&doi=10.3847%2F1538-3881%2Faccff8&partnerID=40&md5=d1869de63a0116a5b89557466a34aa97","Article","Final","All Open Access; Gold Open Access; Green Accepted Open Access; Green Open Access","Scopus","2-s2.0-85160515390"
"Vargas, R.; Romero, L.A.; Zhang, S.; Marrugo, A.G.","Vargas, Raúl (57117284600); Romero, Lenny A. (36142156300); Zhang, Song (12761761100); Marrugo, Andrés G. (24329839300)","57117284600; 36142156300; 12761761100; 24329839300","Pixel-wise rational model for a structured light system","2023","Optics Letters","48","10","","2712","2715","0","23","10.1364/OL.492911","https://www.scopus.com/inward/record.uri?eid=2-s2.0-85159412763&doi=10.1364%2FOL.492911&partnerID=40&md5=a802eb48f60383dcac8cee1dcc1efdc8","Article","Final","All Open Access; Green Accepted Open Access; Green Open Access","Scopus","2-s2.0-85159412763"
"Salas-Navarro, K.; Romero-Montes, J.M.; Acevedo-Chedid, J.; Ospina-Mateus, H.; Florez, W.F.; Cárdenas-Barrón, L.E.","Salas-Navarro, Katherinne (57193504630); Romero-Montes, Juan M. (58093840100); Acevedo-Chedid, Jaime (57193533853); Ospina-Mateus, Holman (57194034904); Florez, Whady F. (6602152047); Cárdenas-Barrón, Leopoldo Eduardo (6506675064)","57193504630; 58093840100; 57193533853; 57194034904; 6602152047; 6506675064","Vendor managed inventory system considering deteriorating items and probabilistic demand for a three-layer supply chain","2023","Expert Systems with Applications","218","","119608","","","0","28","10.1016/j.eswa.2023.119608","https://www.scopus.com/inward/record.uri?eid=2-s2.0-85147550389&doi=10.1016%2Fj.eswa.2023.119608&partnerID=40&md5=004d3f688bbc28e59bd3d3e1a7702a5e","Article","Final","","Scopus","2-s2.0-85147550389"
"Cortes-Pérez, C.; Pérez-Montalvo, L.; Pasqualino, J.; Puello-Silva, J.R.; Lambis-Miranda, H.A.","Cortes-Pérez, Camilo (57754474400); Pérez-Montalvo, Leymer (57756131300); Pasqualino, Jorgelina C. (14622047600); Puello-Silva, Jorge R. (57219354486); Lambis-Miranda, Henry A. (57194689395)","57754474400; 57756131300; 14622047600; 57219354486; 57194689395","Synthesis and Characterization of a Coagulating Agent from Plantain Peel Starch (Musa paradisiaca), as Coadjuvant in Water Treatment","2023","Water, Air, and Soil Pollution","234","5","316","","","0","1","10.1007/s11270-023-06323-7","https://www.scopus.com/inward/record.uri?eid=2-s2.0-85158846045&doi=10.1007%2Fs11270-023-06323-7&partnerID=40&md5=7137e4caddaec93ca333d543e52b1c23","Article","Final","","Scopus","2-s2.0-85158846045"
"Sierra-Porta, D.; Solano-Correa, Y.T.; Tarazona-Alvarado, M.; de Villavicencio, L.A.N.","Sierra-Porta, D. (57191333650); Solano-Correa, Yady Tatiana (57156565000); Tarazona-Alvarado, Miguel (57549522400); de Villavicencio, Luis Alberto Nuñez (58175289300)","57191333650; 57156565000; 57549522400; 58175289300","Linking PM10 and PM2.5 Pollution Concentration through Tree Coverage in Urban Areas","2023","Clean - Soil, Air, Water","51","5","2200222","","","0","8","10.1002/clen.202200222","https://www.scopus.com/inward/record.uri?eid=2-s2.0-85152065428&doi=10.1002%2Fclen.202200222&partnerID=40&md5=01c165d96233b1f347162499ad8c6d43","Article","Final","","Scopus","2-s2.0-85152065428"
"Castilla-Caballero, D.; Medina-Guerrero, A.; Machuca-Martínez, F.; Colina-Márquez, J.","Castilla-Caballero, Deyler Rafael (57024211000); Medina-Guerrero, Astrid (59351819200); Machuca-Martínez, Fiderman (35488117500); Colina-Márquez, José A. (23484999200)","57024211000; 59351819200; 35488117500; 23484999200","Modeling and simulation of falling film photocatalytic reactors: use of computational fluid dynamics (CFD) for multiphase system analysis; Modelagem e simulação de reatores fotocatalíticos de filme descendente: uso da dinâmica de fluidos computacional (CFD) para análise de sistemas multifásicos; Modelamiento y simulación de reactores fotocatalíticos de película descendente: uso de la dinámica computacional de fluidos (CFD) para análisis del sistema multifásico","2023","Revista Colombiana de Quimica","52","2","","43","53","0","0","10.15446/rev.colomb.quim.v52n2.110351","https://www.scopus.com/inward/record.uri?eid=2-s2.0-85205498108&doi=10.15446%2Frev.colomb.quim.v52n2.110351&partnerID=40&md5=dd7671f64270c494dfa15263d855ac61","Article","Final","All Open Access; Gold Open Access","Scopus","2-s2.0-85205498108"
"Medina-Hernández, E.J.M.; Marbello-Yepes, K.J.; Siado-Castañeda, L.R.","Medina-Hernández, Edith Johana (57354189300); Marbello-Yepes, Kelly Johanna (58622128900); Siado-Castañeda, Luis Ricardo (58097078800)","57354189300; 58622128900; 58097078800","Perspectives on peace in the world: multivariate analysis from the Sustainable Development Goals; Perspectivas de la paz en el mundo: análisis multivariante desde los Objetivos de Desarrollo Sostenible","2023","Revista Cientifica General Jose Maria Cordova","21","42","","403","430","0","0","10.21830/19006586.1038","https://www.scopus.com/inward/record.uri?eid=2-s2.0-85172480379&doi=10.21830%2F19006586.1038&partnerID=40&md5=4342068ad1ba2802e7c8061b76c661f3","Article","Final","All Open Access; Gold Open Access","Scopus","2-s2.0-85172480379"
"Carrillo Caballero, G.E.; Cárdenas Escorcia, Y.; Venturini, O.J.; Silva Lora, E.E.; Alviz-Meza, A.; Mendoza Castellanos, L.S.","Carrillo Caballero, Gaylord Enrique (57193171659); Cárdenas Escorcia, Yulineth (57194679418); Venturini, Osvaldo Jose (23092328600); Silva Lora, Electo Eduardo (35606579500); Alviz-Meza, Anibal (57220922265); Mendoza Castellanos, Luis Sebastian (57193169160)","57193171659; 57194679418; 23092328600; 35606579500; 57220922265; 57193169160","Unidimensional and 3D Analyses of a Radial Inflow Turbine for an Organic Rankine Cycle under Design and Off-Design Conditions","2023","Energies","16","8","3383","","","0","4","10.3390/en16083383","https://www.scopus.com/inward/record.uri?eid=2-s2.0-85156184420&doi=10.3390%2Fen16083383&partnerID=40&md5=0dfeaf850b68e585a82ebba383388d52","Article","Final","All Open Access; Gold Open Access; Green Accepted Open Access; Green Final Open Access; Green Open Access","Scopus","2-s2.0-85156184420"
"Paternina-Verona, D.A.; Coronado-Hernández, O.E.; Aguirre-Mendoza, A.M.; Espinoza-Roman, H.G.; Fuertes-Miquel, V.S.","Paternina-Verona, Duban A. (57327599900); Coronado-Hernández, Oscar E. (57193337460); Aguirre-Mendoza, Andrés Miguel (57195569554); Espinoza-Roman, Hector (57263942900); Fuertes-Miquel, Vicente S. (6507312882)","57327599900; 57193337460; 57195569554; 57263942900; 6507312882","Three-Dimensional Simulation of Transient Flows during the Emptying of Pipes with Entrapped Air","2023","Journal of Hydraulic Engineering","149","4","04023007","","","0","11","10.1061/JHEND8.HYENG-13302","https://www.scopus.com/inward/record.uri?eid=2-s2.0-85148575851&doi=10.1061%2FJHEND8.HYENG-13302&partnerID=40&md5=b13a8749dbff96b3ee88e5a5bf5f779f","Article","Final","","Scopus","2-s2.0-85148575851"
"Morales, D.; Urrea, S.; García, H.; Rodriguez-Ferreira, J.; Martinez, E.; Arguello, H.; Silva-Lora, A.; Torres, R.; Acero-Nino, I.F.; Hernández-Torres, F.L.; Cárdenas-Espinosa, L.P.; Rincón, S.","Morales, David (57220740515); Urrea, Sergio (58123741000); García, Hans (57192275191); Rodriguez-Ferreira, J. G. (56669849300); Martinez, Elizabeth (58459662800); Arguello, Henry Fuentes (44061135000); Silva-Lora, Alberto (57216480232); Torres, Rafael (56270896900); Acero-Nino, Ignacio Francisco (57562326800); Hernández-Torres, Francisco Luis (57219196493); Cárdenas-Espinosa, Lorena Paola (57214803362); Rincón, Sonia R. (57214798672)","57220740515; 58123741000; 57192275191; 56669849300; 58459662800; 44061135000; 57216480232; 56270896900; 57562326800; 57219196493; 57214803362; 57214798672","Hyperspectral camera as a compact payload architecture for remote sensing applications","2023","Applied Optics","62","8","","C88","C98","0","5","10.1364/AO.476978","https://www.scopus.com/inward/record.uri?eid=2-s2.0-85149168831&doi=10.1364%2FAO.476978&partnerID=40&md5=b1bd134d9faaeae35bed3fcaf831df06","Article","Final","","Scopus","2-s2.0-85149168831"
"Garcés-Prettel, M.G.; Barredo-Ibáñez, D.; Arroyave, J.A.A.; Santoya-Montes, Y.","Garcés-Prettel, Miguel Efrén (57193012270); Barredo-Ibáñez, Daniel (56925486000); Arroyave, Jesús Antonio (57218461329); Santoya-Montes, Yanin (57216345199)","57193012270; 56925486000; 57218461329; 57216345199","Suicide risk and media consumption in the COVID-19 pandemic in Colombia; Riesgo de suicidio y consumo de medios en la pandemia de COVID-19 en Colombia","2023","Revista de Comunicacion","22","1","","153","164","0","4","10.26441/RC22.1-2023-2975","https://www.scopus.com/inward/record.uri?eid=2-s2.0-85153600724&doi=10.26441%2FRC22.1-2023-2975&partnerID=40&md5=2a26bf9fd9846a664186fd67a59bc78c","Article","Final","All Open Access; Gold Open Access","Scopus","2-s2.0-85153600724"
"Peña-Consuegra, J.; Pagnola, M.; Useche, J.; Madhukar, P.; Saccone, F.D.; Marrugo, A.G.","Peña-Consuegra, Jorge (57221467539); Pagnola, Marcelo R. (14012202200); Useche, J. F. (24537991200); Madhukar, Pagidi (57209579963); Saccone, Fabio D. (6602874406); Marrugo, Andrés G. (24329839300)","57221467539; 14012202200; 24537991200; 57209579963; 6602874406; 24329839300","Manufacturing and Measuring Techniques for Graphene-Silicone-Based Strain Sensors","2023","JOM","75","3","","631","645","0","5","10.1007/s11837-022-05550-3","https://www.scopus.com/inward/record.uri?eid=2-s2.0-85140961040&doi=10.1007%2Fs11837-022-05550-3&partnerID=40&md5=e4ebf9246b9f9a71f22617b93550d21d","Article","Final","","Scopus","2-s2.0-85140961040"
"Fraguas, J.B.","Fraguas, Javier Bernabé (57949227200)","57949227200","Teaching innovation in international relations: professional spaces as a learning field; INNOVACIÓN DOCENTE EN RELACIONES INTERNACIONALES: ESPACIOS PROFESIONALES COMO CAMPO DE APRENDIZAJE","2023","Human Review. International Humanities Review / Revista Internacional de Humanidades","16","3","","","","0","0","10.37467/revhuman.v12.4648","https://www.scopus.com/inward/record.uri?eid=2-s2.0-85149308017&doi=10.37467%2Frevhuman.v12.4648&partnerID=40&md5=6884eb1c9652326e504ef2403fd914a4","Article","Final","All Open Access; Gold Open Access","Scopus","2-s2.0-85149308017"
"Ruiz, D.M.; Camacho-de Angulo, Y.V.; Pencue-Fierro, E.L.; Figueroa, A.","Ruiz, Diana Marcela (57195275854); Camacho-de Angulo, Yineth Viviana (58101860100); Pencue-Fierro, Edgar Leonairo (8219013500); Figueroa, Apolinar (56419849400)","57195275854; 58101860100; 8219013500; 56419849400","Mapping Ecosystem Services in an Andean Water Supply Basin","2023","Sustainability (Switzerland)","15","3","1793","","","0","5","10.3390/su15031793","https://www.scopus.com/inward/record.uri?eid=2-s2.0-85147916395&doi=10.3390%2Fsu15031793&partnerID=40&md5=9fd58a628acc48f3fecd83cb3d52aa09","Article","Final","All Open Access; Gold Open Access; Green Accepted Open Access; Green Open Access","Scopus","2-s2.0-85147916395"
"Barrios-Roqueme, L.-R.; Altamar-Mercado, H.; Patiño, A.","Barrios-Roqueme, Luis Ramón (59351664500); Altamar-Mercado, Hernando (57203321995); Patiño, Alberto (57190688459)","59351664500; 57203321995; 57190688459","Effect of Preprocessing in Deep Learning Systems to Aid the Diagnosis Using X-Ray Pulmonary Images","2023","Communications in Computer and Information Science","1928 CCIS","","","185","194","0","0","10.1007/978-3-031-46739-4_17","https://www.scopus.com/inward/record.uri?eid=2-s2.0-85205523661&doi=10.1007%2F978-3-031-46739-4_17&partnerID=40&md5=0d1c13581c51b06a47c88d19411b6e91","Conference paper","Final","","Scopus","2-s2.0-85205523661"
"Marrugo-Tobón, D.A.; Martinez-Santos, J.C.; Puertas, E.","Marrugo-Tobón, Duvan Andres (57221469260); Martinez-Santos, Juan Carlos (26325154200); Puertas, Edwin (57202285682)","57221469260; 26325154200; 57202285682","Natural Language Contents Evaluation System for Multi-class News Categorization Using Machine Learning and Transformers","2023","Communications in Computer and Information Science","1928 CCIS","","","115","126","0","0","10.1007/978-3-031-46739-4_11","https://www.scopus.com/inward/record.uri?eid=2-s2.0-85205507836&doi=10.1007%2F978-3-031-46739-4_11&partnerID=40&md5=c519394bb153a599a47cd126565ad043","Conference paper","Final","","Scopus","2-s2.0-85205507836"
"Dominguez-Monterrosa, A.; Caballero, A.M.; Jiménez, A.","Dominguez-Monterrosa, Andy (59351890400); Caballero, Alfonso Mateos (59663193300); Jiménez, Antonio (55974423000)","59351890400; 59663193300; 55974423000","Topological Data Analysis to Characterize Fluctuations in the Latin American Integrated Market","2023","Communications in Computer and Information Science","1928 CCIS","","","195","203","0","0","10.1007/978-3-031-46739-4_18","https://www.scopus.com/inward/record.uri?eid=2-s2.0-85205502515&doi=10.1007%2F978-3-031-46739-4_18&partnerID=40&md5=bd842cb3ace39713b33114eceda61124","Conference paper","Final","","Scopus","2-s2.0-85205502515"
"Figueroa-García, J.C.; Hernández-Pérez, G.; Villa, J.L.; García, E.E.G.","Figueroa-García, Juan Carlos (24767828800); Hernández-Pérez, Germán Jairo (35897064300); Villa, J. L. (7005142049); García, Elvis Eduardo Gaona (57208472699)","24767828800; 35897064300; 7005142049; 57208472699","Preface","2023","Communications in Computer and Information Science","1928 CCIS","","","v","","0","0","","https://www.scopus.com/inward/record.uri?eid=2-s2.0-85205479361&partnerID=40&md5=8d0b2e5c04c4ad62eaab8097debab9f8","Editorial","Final","","Scopus","2-s2.0-85205479361"
"Soto-DelaVega, M.; Molina, C.; Quiroz, A.T.; Cera, J.C.; Marrugo, J.C.L.","Soto-DelaVega, Manuel (57291105700); Molina, Camilo (59352120100); Quiroz, Adolfo Tovar (59351890700); Cera, Jairo Chegwin (59351549300); Marrugo, Juan Carlos Luna (59351549400)","57291105700; 59352120100; 59351890700; 59351549300; 59351549400","A Mixed Integer Linear Programming Model for School Timetable in Cartagena","2023","Communications in Computer and Information Science","1928 CCIS","","","290","300","0","1","10.1007/978-3-031-46739-4_26","https://www.scopus.com/inward/record.uri?eid=2-s2.0-85205477179&doi=10.1007%2F978-3-031-46739-4_26&partnerID=40&md5=8140b4f3bb3a67e4a54bea394c1e50d2","Conference paper","Final","","Scopus","2-s2.0-85205477179"
"Benjumea, E.; Vega, F.; Barrios, E.M.; Vitola, A.; Villa, J.L.","Benjumea, Eberto (57195681584); Vega, Fabio Andrés Varón (55571476800); Barrios, Erik M. (57209542195); Vitola, Angie L. (57221468831); Villa, J. L. (7005142049)","57195681584; 55571476800; 57209542195; 57221468831; 7005142049","Implementation of the Chaotic Systems Lorenz, Rössler, and Chen on an 8 Bit Microcontroller","2023","Communications in Computer and Information Science","1928 CCIS","","","204","215","0","0","10.1007/978-3-031-46739-4_19","https://www.scopus.com/inward/record.uri?eid=2-s2.0-85205461084&doi=10.1007%2F978-3-031-46739-4_19&partnerID=40&md5=0e6050fc4dd53f20f05810765bb1a949","Conference paper","Final","","Scopus","2-s2.0-85205461084"
"Manrique, C.C.; Villa, J.L.; Month, A.A.; Velilla, G.P.","Manrique, Carlos Cohen (36909258600); Villa, J. L. (7005142049); Month, A. A. (59351665500); Velilla, G. Perez (59351665600)","36909258600; 7005142049; 59351665500; 59351665600","Application of Artificial Intelligence Tools, Data Processing, and Analysis in the Forecasting of Level and Flow Variables in Wells with Little Data from the Morroa Aquifer","2023","Communications in Computer and Information Science","1928 CCIS","","","228","239","0","2","10.1007/978-3-031-46739-4_21","https://www.scopus.com/inward/record.uri?eid=2-s2.0-85202201077&doi=10.1007%2F978-3-031-46739-4_21&partnerID=40&md5=ce2bd7edcb54d295ed266fa7774238c4","Conference paper","Final","","Scopus","2-s2.0-85202201077"
"Marrugo-Tobón, D.A.; Villa, J.L.","Marrugo-Tobón, Duvan Andres (57221469260); Villa, J. L. (7005142049)","57221469260; 7005142049","MPC-Based Path Tracking of a Differential-Drive Mobile Robot with Optimization for Improved Control Performance","2023","Communications in Computer and Information Science","1928 CCIS","","","276","289","0","4","10.1007/978-3-031-46739-4_25","https://www.scopus.com/inward/record.uri?eid=2-s2.0-85197309539&doi=10.1007%2F978-3-031-46739-4_25&partnerID=40&md5=6ac38f5219b3dff4f7a982b1b1d1015f","Conference paper","Final","","Scopus","2-s2.0-85197309539"
"Pachón-Carrascal, K.; Maldonado, J.B.; García-Llinás, G.; Viloria-Nuñez, C.; Romero-Rodriguez, D.; Maturana-Córdoba, A.Y.; Sofia Palacio Salgar, K.","Pachón-Carrascal, Katherine (58069154500); Maldonado, Jhon Botello (59122190800); García-Llinás, Guisselle A. (57211605691); Viloria-Nuñez, Cesar (35788581800); Romero-Rodriguez, Daniel (57193209226); Maturana-Córdoba, Aymer (55260401200); Sofia Palacio Salgar, Katherine (59120914700)","58069154500; 59122190800; 57211605691; 35788581800; 57193209226; 55260401200; 59120914700","BPM for mutual aid management in industrial emergency response","2023","","","","","","","0","0","10.1109/IHTC58960.2023.10508837","https://www.scopus.com/inward/record.uri?eid=2-s2.0-85192813884&doi=10.1109%2FIHTC58960.2023.10508837&partnerID=40&md5=0120a83ab41d6e65cb58959c7aae9c61","Conference paper","Final","","Scopus","2-s2.0-85192813884"
"Severo, I.A.; Porto-Hernández, L.A.; Balmant, W.; Bellin Mariano, A.B.; Ordonez, J.C.; Vargas, J.V.C.","Severo, Ihana A. (57194394982); Porto-Hernández, Luis Ángel (57804909800); Balmant, Wellington (15135295300); Bellin Mariano, André Bellin (37009943800); Ordonez, J. C. (57208458185); Vargas, José Viriato Coelho (7202699409)","57194394982; 57804909800; 15135295300; 37009943800; 57208458185; 7202699409","Flue gas capture using microalgae cultivated in photobioreactors","2023","","","","","131","156","0","2","10.1016/B978-0-443-19213-5.00007-8","https://www.scopus.com/inward/record.uri?eid=2-s2.0-85191444273&doi=10.1016%2FB978-0-443-19213-5.00007-8&partnerID=40&md5=2070e8a9a49270a6ed2d2b0fa052b32f","Book chapter","Final","","Scopus","2-s2.0-85191444273"
"Marún-Uparela, K.; Arrieta-Flórez, R.; Guzmán-Vega, Y.","Marún-Uparela, Katleen (57222278899); Arrieta-Flórez, Rosaura (57257353100); Guzmán-Vega, Yeison (58968498200)","57222278899; 57257353100; 58968498200","And when for us? Impacts of oil palm monoculture in peasant communities in the Colombian Caribbean. The case of María la Baja, Bolívar; ¿Y para nosotros cuándo? Impactos del monocultivo de palma de aceite en comunidades campesinas en el Caribe colombiano. El caso de María la Baja, Bolívar","2023","Mundo Agrario","24","57","e229","","","0","1","10.24215/15155994e229","https://www.scopus.com/inward/record.uri?eid=2-s2.0-85189312050&doi=10.24215%2F15155994e229&partnerID=40&md5=d2204e5acc8a58048cd57cb27f648ef6","Article","Final","All Open Access; Gold Open Access; Green Accepted Open Access; Green Open Access","Scopus","2-s2.0-85189312050"
"Montoya-Noguera, S.; de Cajén, S.G.; Sonia, C.-O.","Montoya-Noguera, Silvana (56122466000); de Cajén, Silvia García (58929513300); Sonia, Contreras Ortiz (58929000200)","56122466000; 58929513300; 58929000200","Building the Gender Gap Diagnostic Tool in CAL Matilda; Construcción del instrumento de diagnóstico de brecha de género en CAL Matilda","2023","Proceedings of the LACCEI international Multi-conference for Engineering, Education and Technology","","","654","","","0","0","10.18687/LEIRD2023.1.1.654","https://www.scopus.com/inward/record.uri?eid=2-s2.0-85187303816&doi=10.18687%2FLEIRD2023.1.1.654&partnerID=40&md5=7d41656052907db85e97903356d1f50e","Conference paper","Final","All Open Access; Gold Open Access","Scopus","2-s2.0-85187303816"
"Puerta-Guardo, F.A.; Cantillo-Orozco, A.S.; Agudelo Padilla, I.F.; Sanabria-Ospino, A.; Pitalua, J.F.; Castro-Porto, M.P.; Juárez, G.P.","Puerta-Guardo, Fabio Andrés (58619059200); Cantillo-Orozco, Ana Susana (59454824700); Agudelo Padilla, Ivan F. (58928989800); Sanabria-Ospino, Alfredo Enrique (57212004785); Pitalua, Jeimy Fontalvo (58929858600); Castro-Porto, Martha Patricia (58928816700); Juárez, Gisela Pérez (58929678400)","58619059200; 59454824700; 58928989800; 57212004785; 58929858600; 58928816700; 58929678400","Environmental Fiscal Reform and the Challenge of the Oil Palm. Towards Sustainable Production","2023","Proceedings of the LACCEI international Multi-conference for Engineering, Education and Technology","","","236","","","0","0","10.18687/LEIRD2023.1.1.236","https://www.scopus.com/inward/record.uri?eid=2-s2.0-85187277739&doi=10.18687%2FLEIRD2023.1.1.236&partnerID=40&md5=23d0a67944eb1f0a4be86401c2cc3cb4","Conference paper","Final","All Open Access; Gold Open Access","Scopus","2-s2.0-85187277739"
"Contreras-Ortiz, S.H.; Montoya-Noguera, S.; de Cajén, S.G.","Contreras-Ortiz, Sonia H. (57210822856); Montoya-Noguera, Silvana (56122466000); de Cajén, Silvia García (58929513300)","57210822856; 56122466000; 58929513300","Women's Leadership in Engineering: Defying Bias","2023","Proceedings of the LACCEI international Multi-conference for Engineering, Education and Technology","","","651","","","0","2","10.18687/LEIRD2023.1.1.651","https://www.scopus.com/inward/record.uri?eid=2-s2.0-85187269653&doi=10.18687%2FLEIRD2023.1.1.651&partnerID=40&md5=69a6dca2371d977d9c271d117b94ceac","Conference paper","Final","","Scopus","2-s2.0-85187269653"
"de Cajén, S.G.; Montoya-Noguera, S.; Contreras-Ortiz, S.H.","de Cajén, Silvia García (58929513300); Montoya-Noguera, Silvana (56122466000); Contreras-Ortiz, Sonia H. (57210822856)","58929513300; 56122466000; 57210822856","Research profile in the self-presentation of Women in Engineering, CI-CAL Matilda case; Perfil de investigación en la autopresentación de Mujeres en Ingeniería, caso CI-CAL Matilda","2023","Proceedings of the LACCEI international Multi-conference for Engineering, Education and Technology","","","650","","","0","0","10.18687/LEIRD2023.1.1.650","https://www.scopus.com/inward/record.uri?eid=2-s2.0-85187262498&doi=10.18687%2FLEIRD2023.1.1.650&partnerID=40&md5=c69fb2a1c6cff1f911e792f2aa2ff931","Conference paper","Final","All Open Access; Gold Open Access","Scopus","2-s2.0-85187262498"
"Puerta-Guardo, F.A.; Cantillo-Orozco, A.S.; Arrieta, A.O.; Jiménez, I.L.; Mercado, D.E.V.; Guardo, Y.L.V.; Puello, C.M.M.","Puerta-Guardo, Fabio Andrés (58619059200); Cantillo-Orozco, Ana Susana (59454824700); Arrieta, Aquiles Ortega (58929165800); Jiménez, Isaac Lorduy (58928824200); Mercado, Doris Elena Valiente (58928997100); Guardo, Yandra Lucía Villegas (58929339800); Puello, Carlos Mario Marrugo (58929339900)","58619059200; 59454824700; 58929165800; 58928824200; 58928997100; 58929339800; 58929339900","Simple Taxation Regime as a strategy to strengthen Colombian micro-enterprises: the case of Sociedad Ingenieros de la Costa Da SAS","2023","Proceedings of the LACCEI international Multi-conference for Engineering, Education and Technology","","","425","","","0","1","10.18687/LEIRD2023.1.1.425","https://www.scopus.com/inward/record.uri?eid=2-s2.0-85187245171&doi=10.18687%2FLEIRD2023.1.1.425&partnerID=40&md5=328b91e7992d790565bc26833b0abf6c","Conference paper","Final","All Open Access; Gold Open Access","Scopus","2-s2.0-85187245171"
"Cabrera Tovar, J.; Vasquez-Donado, S.; Orozco, C.; Restrepo, M.","Cabrera Tovar, Jairo Humberto (57193252278); Vasquez-Donado, Sandra (58921221200); Orozco, Cesar A. (55488549400); Restrepo, Mauricio (57201752010)","57193252278; 58921221200; 55488549400; 57201752010","Design of a Containerized Microgrid for Electricity Supply in Colombian Non-Interconnected Zones","2023","","","","","","","0","1","10.1109/C358072.2023.10436322","https://www.scopus.com/inward/record.uri?eid=2-s2.0-85186771140&doi=10.1109%2FC358072.2023.10436322&partnerID=40&md5=3c332055e2345a82a441c0c1129cfcb1","Conference paper","Final","","Scopus","2-s2.0-85186771140"
"Puertas, E.; Vásquez, J.; Martinez-Santos, J.C.","Puertas, Edwin (57202285682); Vásquez, Jenifer (57205400052); Martinez-Santos, Juan Carlos (26325154200)","57202285682; 57205400052; 26325154200","RealCheck: A Web Application for Fake News Detection Using Natural Language Processing","2023","","","","","","","0","0","10.1109/C358072.2023.10436244","https://www.scopus.com/inward/record.uri?eid=2-s2.0-85186770911&doi=10.1109%2FC358072.2023.10436244&partnerID=40&md5=c5e929ed1996b15dd8cd38d4fc6f2e7a","Conference paper","Final","","Scopus","2-s2.0-85186770911"
"Vega, F.; Marrugo, A.G.","Vega, Fabio Andrés Varón (55571476800); Marrugo, Andrés G. (24329839300)","55571476800; 24329839300","Intelligent Exposure Time Determination with Structured Light for Accurate 3D Object Reconstruction","2023","","","","","","","0","2","10.1109/C358072.2023.10436223","https://www.scopus.com/inward/record.uri?eid=2-s2.0-85186770669&doi=10.1109%2FC358072.2023.10436223&partnerID=40&md5=6d7ecdfd33f43a9d3b7406696f151a53","Conference paper","Final","","Scopus","2-s2.0-85186770669"
"Contreras, E.; Sanchez-Hernandez, S.; Morales-Acosta, A.M.","Contreras, E. (57195682051); Sanchez-Hernandez, Sergio A. (57220070743); Morales-Acosta, Alex David (57209244037)","57195682051; 57220070743; 57209244037","Development of Carbon-Based Conductive Inks with Resistant Response for Potential Use in Flexible Sensors with IoT Technology","2023","","","","","","","0","0","10.1109/C358072.2023.10436313","https://www.scopus.com/inward/record.uri?eid=2-s2.0-85186769936&doi=10.1109%2FC358072.2023.10436313&partnerID=40&md5=e40f81ec1b026f62c1df559a0833a8f0","Conference paper","Final","","Scopus","2-s2.0-85186769936"
"Jimeno, M.; Viloria-Nuñez, C.; Trocha, N.D.; David Ariza Coll, S.","Jimeno, Miguel A. (23008832200); Viloria-Nuñez, Cesar (35788581800); Trocha, Neymer D. (58921314700); David Ariza Coll, Sebastian (58921551600)","23008832200; 35788581800; 58921314700; 58921551600","Prioritization of ICT investment projects to reduce the digital divide in the Colombian Caribbean Region","2023","","","","","","","0","7","10.1109/C358072.2023.10436147","https://www.scopus.com/inward/record.uri?eid=2-s2.0-85186769740&doi=10.1109%2FC358072.2023.10436147&partnerID=40&md5=6b295248e1f04ac1546fb4a3082fcdc2","Conference paper","Final","","Scopus","2-s2.0-85186769740"
"Dominguez-Monterrosa, A.; Patiño, A.","Dominguez-Monterrosa, Andy Rafael (57200983451); Patiño, Alberto (57190688459)","57200983451; 57190688459","Quantifying the Complexity of Mental Stress during Academic Exams Using Wearable Skin Conductance Signals","2023","","","","","","","0","0","10.1109/C358072.2023.10436259","https://www.scopus.com/inward/record.uri?eid=2-s2.0-85186769415&doi=10.1109%2FC358072.2023.10436259&partnerID=40&md5=16e0ef2b2529effb93e81708d4501e4d","Conference paper","Final","","Scopus","2-s2.0-85186769415"
"Guerrero-Granados, B.; Quintero M., C.G.; Viloria-Nuñez, C.; Jimeno, M.","Guerrero-Granados, Bethsy (58305746000); Quintero M., Christian G. (59407946800); Viloria-Nuñez, Cesar (35788581800); Jimeno, Miguel A. (23008832200)","58305746000; 59407946800; 35788581800; 23008832200","Multi-Objective Optimization for Medical Supplies Storage and Distribution in Disaster Management","2023","","","","","","","0","1","10.1109/C358072.2023.10436265","https://www.scopus.com/inward/record.uri?eid=2-s2.0-85186767432&doi=10.1109%2FC358072.2023.10436265&partnerID=40&md5=9aa5e9feeadb7e59375e696beb8a1240","Conference paper","Final","","Scopus","2-s2.0-85186767432"
"Naufal, C.; Solano-Correa, Y.T.; Marrugo, A.G.","Naufal, Camilo (57217629626); Solano-Correa, Yady Tatiana (57156565000); Marrugo, Andrés G. (24329839300)","57217629626; 57156565000; 24329839300","YOLO-based multi-scale ground control point detection in UAV surveying","2023","","","","","","","0","6","10.1109/C358072.2023.10436290","https://www.scopus.com/inward/record.uri?eid=2-s2.0-85186766560&doi=10.1109%2FC358072.2023.10436290&partnerID=40&md5=4176c8c70693a0d112b420fe2a59dc20","Conference paper","Final","","Scopus","2-s2.0-85186766560"
"Martinez-Santos, J.C.; Vásquez, J.; Puertas, E.","Martinez-Santos, Juan Carlos (26325154200); Vásquez, Jenifer (57205400052); Puertas, Edwin (57202285682)","26325154200; 57205400052; 57202285682","Researcher Profile: An Automated Solution for Searching and Gathering People's Profiles","2023","","","","","","","0","0","10.1109/C358072.2023.10436220","https://www.scopus.com/inward/record.uri?eid=2-s2.0-85186766497&doi=10.1109%2FC358072.2023.10436220&partnerID=40&md5=bc454140362f0a76a8e66e557b30f039","Conference paper","Final","","Scopus","2-s2.0-85186766497"
"Herrera-Malambo, D.-E.; Dominguez-Monterrosa, A.; Patiño, A.","Herrera-Malambo, Diego Ernesto (57193391253); Dominguez-Monterrosa, Andy Rafael (57200983451); Patiño, Alberto (57190688459)","57193391253; 57200983451; 57190688459","A proposed method to validate anomalies detected with unsupervised models","2023","","","","","","","0","1","10.1109/C358072.2023.10436300","https://www.scopus.com/inward/record.uri?eid=2-s2.0-85186766055&doi=10.1109%2FC358072.2023.10436300&partnerID=40&md5=1e7efc68639b2bb10ece0927a48b1750","Conference paper","Final","","Scopus","2-s2.0-85186766055"
"la Vega, M.S.-D.; Vásquez, J.; Ospina-Mateus, H.","la Vega, Manuel Soto De (59455425300); Vásquez, Jenifer (57205400052); Ospina-Mateus, Holman (57194034904)","59455425300; 57205400052; 57194034904","Plant design for productive improvement through Systematic Layout Planning and simulation of discrete events in a construction materials company","2023","","","","","","","0","0","10.1109/C358072.2023.10436237","https://www.scopus.com/inward/record.uri?eid=2-s2.0-85186765005&doi=10.1109%2FC358072.2023.10436237&partnerID=40&md5=99575aec55ee264e2d851c3238662dd8","Conference paper","Final","","Scopus","2-s2.0-85186765005"
"Gonzalez-Sierra, M.A.; Wogrin, S.","Gonzalez-Sierra, Mauro A. (58803522300); Wogrin, Sonja (37119657300)","58803522300; 37119657300","The Importance of Modeling Operational Constraints in Combined-Cycle Units to Support Energy Transition","2023","","","","","","","0","0","10.1109/C358072.2023.10436182","https://www.scopus.com/inward/record.uri?eid=2-s2.0-85186764738&doi=10.1109%2FC358072.2023.10436182&partnerID=40&md5=570e45a265e52e3643d4379f9dfcf3c8","Conference paper","Final","","Scopus","2-s2.0-85186764738"
"Martinez, E.; Cuadrado, J.; Martinez-Santos, J.C.; Puertas, E.","Martinez, Elizabeth (58459662800); Cuadrado, Juan (57422728000); Martinez-Santos, Juan Carlos (26325154200); Puertas, Edwin (57202285682)","58459662800; 57422728000; 26325154200; 57202285682","Detection of Online Sexism Using Lexical Features and Transformer","2023","","","","","","","0","2","10.1109/C358072.2023.10436298","https://www.scopus.com/inward/record.uri?eid=2-s2.0-85186764434&doi=10.1109%2FC358072.2023.10436298&partnerID=40&md5=af4f1558b5f9c978b591960e2c279c28","Conference paper","Final","","Scopus","2-s2.0-85186764434"
"Valdes-Burgos, L.C.; Contreras-Ojeda, S.L.; Contreras-Ortiz, S.H.","Valdes-Burgos, Laura C. (57215542626); Contreras-Ojeda, Sara L. (57215272837); Contreras-Ortiz, Sonia H. (57210822856)","57215542626; 57215272837; 57210822856","Pneumonia Detection in Lung Ultrasound Images with Texture Analysis and Machine Learning","2023","","","","","","","0","0","10.1109/C358072.2023.10436247","https://www.scopus.com/inward/record.uri?eid=2-s2.0-85186764146&doi=10.1109%2FC358072.2023.10436247&partnerID=40&md5=af46d6d61a6ceaa1ebbd1ad235fc2b6b","Conference paper","Final","","Scopus","2-s2.0-85186764146"
"Quintero, F.; Sierra, J.; Mendoza, K.; Marrugo, A.G.; Romero, L.A.","Quintero, Fernando J. (57221475394); Sierra, Juan S. (57209048746); Mendoza, Kevin D. (57221460700); Marrugo, Andrés G. (24329839300); Romero, Lenny A. (36142156300)","57221475394; 57209048746; 57221460700; 24329839300; 36142156300","Deep Regression of Signed Distance Maps for Corneal Endothelium Image Segmentation","2023","","","","","","","0","0","10.1109/C358072.2023.10436286","https://www.scopus.com/inward/record.uri?eid=2-s2.0-85186763275&doi=10.1109%2FC358072.2023.10436286&partnerID=40&md5=259fb0a2d910bfe922b67392c0e3b7a8","Conference paper","Final","","Scopus","2-s2.0-85186763275"
"Pena, J.C.; Benjumea, E.; Vargas, R.; Romero, L.A.; Patiño, A.; Marrugo, A.G.","Pena, Juan C. (57422329900); Benjumea, Eberto (57195681584); Vargas, Raúl (57117284600); Romero, Lenny A. (36142156300); Patiño, Alberto (57190688459); Marrugo, Andrés G. (24329839300)","57422329900; 57195681584; 57117284600; 36142156300; 57190688459; 24329839300","The role of 3D data in CNN-based object detection","2023","","","","","","","0","0","10.1109/C358072.2023.10436320","https://www.scopus.com/inward/record.uri?eid=2-s2.0-85186758692&doi=10.1109%2FC358072.2023.10436320&partnerID=40&md5=c94fe7c5837d532e713d8749e51ab2eb","Conference paper","Final","","Scopus","2-s2.0-85186758692"
"Sanchez-Hernandez, S.; Casillo, D.; Merlano, A.; Barrera, J.; Morales, A.; Contreras, E.","Sanchez-Hernandez, Sergio A. (57220070743); Casillo, Daniel (58921446900); Merlano, Andres (58921590000); Barrera, Julian (58921495900); Morales, Alex D. (59454679600); Contreras, E. (57195682051)","57220070743; 58921446900; 58921590000; 58921495900; 59454679600; 57195682051","Technological prototype with artificial intelligence for military security in river environments","2023","","","","","","","0","0","10.1109/C358072.2023.10436304","https://www.scopus.com/inward/record.uri?eid=2-s2.0-85186756860&doi=10.1109%2FC358072.2023.10436304&partnerID=40&md5=e818c15a4b66cee17c77f3d8ff23bc2d","Conference paper","Final","","Scopus","2-s2.0-85186756860"
"Arnedo, R.; Grau, D.; Villa, J.L.; Fajardo Cuadro, J.G.; Cabrera Tovar, J.","Arnedo, Rafael (57221226110); Grau, Darcy (58921303200); Villa, J. L. (7005142049); Fajardo Cuadro, Juan Gabriel (56581610900); Cabrera Tovar, Jairo Humberto (57193252278)","57221226110; 58921303200; 7005142049; 56581610900; 57193252278","Design and implementation of an electrical propulsion system for a solar-powered boat","2023","","","","","","","0","1","10.1109/C358072.2023.10436301","https://www.scopus.com/inward/record.uri?eid=2-s2.0-85186756008&doi=10.1109%2FC358072.2023.10436301&partnerID=40&md5=fb1d782a344d67eb726cfc7367fa070c","Conference paper","Final","","Scopus","2-s2.0-85186756008"
"Quintero, J.D.R.; Piedrahita, J.; Tovar-Cuevas, J.R.T.; Manotas-Duque, D.F.M.","Quintero, James D.Ramírez (58917343400); Piedrahita, Jefferson Marulanda (58917134900); Tovar-Cuevas, José Rafael (55018235300); Manotas-Duque, Diego Fernando (57210972116)","58917343400; 58917134900; 55018235300; 57210972116","How sensitive are financial markets to COVID-19 outbreak? Evidence from the United States and Colombia markets; ¿Qué tan sensibles son los mercados financieros al brote por COVID-19? Evidencia de los mercados de Estados Unidos y Colombia","2023","Revista de Metodos Cuantitativos para la Economia y la Empresa","36","","","1","23","0","0","10.46661/revmetodoscuanteconempresa.6431","https://www.scopus.com/inward/record.uri?eid=2-s2.0-85186573940&doi=10.46661%2Frevmetodoscuanteconempresa.6431&partnerID=40&md5=6c058b67892186aade68afce2dfd1f76","Article","Final","","Scopus","2-s2.0-85186573940"
"Payares, E.; Puertas, E.; Martinez-Santos, J.C.","Payares, Esteban (57221228272); Puertas, Edwin (57202285682); Martinez-Santos, Juan Carlos (26325154200)","57221228272; 57202285682; 26325154200","Quantum N-Gram Language Models for Tweet Classification","2023","","","","","69","74","0","0","10.1109/CogMI58952.2023.00019","https://www.scopus.com/inward/record.uri?eid=2-s2.0-85186499263&doi=10.1109%2FCogMI58952.2023.00019&partnerID=40&md5=59462ac5cb982fab24c6dae237b58131","Conference paper","Final","","Scopus","2-s2.0-85186499263"
"Quintero-Leó, M.; Ortiz-Záccaro, Z.Z.; Díaz-Santana, D.D.; Espinel-Rubio, G.A.; Bohórquez-Pereira, G.; Baltar-Moreno, A.B.","Quintero-Leó, Margarita (57962826000); Ortiz-Záccaro, Zulma Zoraida (57212649148); Díaz-Santana, Daivy Dalila (58913046500); Espinel-Rubio, Gladys Adriana (57211470279); Bohórquez-Pereira, Giovanni (57194835670); Baltar-Moreno, Adolfo (57216868622)","57962826000; 57212649148; 58913046500; 57211470279; 57194835670; 57216868622","Competencias TIC en profesores de comunicación en tiempos de COVID-19","2023","Magis","16","","","","","0","0","10.11144/Javeriana.m16.ctpc","https://www.scopus.com/inward/record.uri?eid=2-s2.0-85186342810&doi=10.11144%2FJaveriana.m16.ctpc&partnerID=40&md5=40ef23d954a536c9ec3256c0f4a0ca9b","Article","Final","All Open Access; Gold Open Access; Green Accepted Open Access; Green Open Access","Scopus","2-s2.0-85186342810"
"Fajardo Cuadro, J.G.; Barreto, D.; Yabrudy, D.; Pina-Martinez, A.","Fajardo Cuadro, Juan Gabriel (56581610900); Barreto, Deibys (57190756815); Yabrudy, Daniel (57222075738); Pina-Martinez, Andrés (57060474700)","56581610900; 57190756815; 57222075738; 57060474700","Advanced Exergetic Evaluation of a Stig Cycle and Cooled Inlet Air Gas Turbine Powered by Mixtures of Natural Gas and Hydrogen in Tropical Climates","2023","","7","","V007T08A025","","","0","0","10.1115/IMECE2023-113679","https://www.scopus.com/inward/record.uri?eid=2-s2.0-85185542884&doi=10.1115%2FIMECE2023-113679&partnerID=40&md5=1d08ec10f2062c37671a755d5533794c","Conference paper","Final","","Scopus","2-s2.0-85185542884"
"Olmos, M.; Mendoza, M.","Olmos, Marelbi (58868256900); Mendoza, Melissa (58868565500)","58868256900; 58868565500","The Press in The Classroom for Citizenship Formation in The Digital Age? Paper and Pencil Case in Public Education Institutions in Cartagena De Indias-Colombia","2023","Proceedings of International Conference on Research in Education and Science","9","1","","1875","1883","0","0","","https://www.scopus.com/inward/record.uri?eid=2-s2.0-85184320394&partnerID=40&md5=ba29b09b26ec9c41cd6fb41737429c5b","Conference paper","Final","","Scopus","2-s2.0-85184320394"
"Acevedo, J.M.; Romaña Ibarra, S.A.; de Jesus Arias Cantillo, R.","Acevedo, Jeovanny Muentes (57350116000); Romaña Ibarra, Sergio Augusto (57219790301); de Jesus Arias Cantillo, Raibel (58032467600)","57350116000; 57219790301; 58032467600","Hölder continuous maps on the interval with positive metric mean dimension; Funciones Hölder continuas en el intervalo con dimensión métrica media positiva","2023","Revista Colombiana de Matematicas","57","","","57","76","0","1","","https://www.scopus.com/inward/record.uri?eid=2-s2.0-85183127175&partnerID=40&md5=806cf90c677a8a65f49354c2d330f7ca","Article","Final","","Scopus","2-s2.0-85183127175"
"García-Holgado, A.; Verdugo-Castro, S.; Ojeda-Caicedo, V.-V.; Contreras-Ortiz, S.H.","García-Holgado, Alicia (55754418500); Verdugo-Castro, Sonia (57205098387); Ojeda-Caicedo, Vilma Viviana (57220077867); Contreras-Ortiz, Sonia H. (57210822856)","55754418500; 57205098387; 57220077867; 57210822856","International mobility for enhancing leadership in women engineering students: a case study connecting Colombia and Spain","2023","CEUR Workshop Proceedings","3607","","","102","114","0","2","","https://www.scopus.com/inward/record.uri?eid=2-s2.0-85182943567&partnerID=40&md5=9bbe9caaaf0da8dc7a9086231a0c6f81","Conference paper","Final","","Scopus","2-s2.0-85182943567"
"Garvizu Auza, C.; Vargas, S.; Contreras-Ortiz, S.H.; Montoya-Noguera, S.","Garvizu Auza, Vidfa Carolina (57216651237); Vargas, Susana (58835296200); Contreras-Ortiz, Sonia H. (57210822856); Montoya-Noguera, Silvana (56122466000)","57216651237; 58835296200; 57210822856; 56122466000","Promotion of research: A cornerstone of the Latin American open chair Matilda and the women in engineering","2023","CEUR Workshop Proceedings","3607","","","171","178","0","1","","https://www.scopus.com/inward/record.uri?eid=2-s2.0-85182934265&partnerID=40&md5=be262f4d2da1c7a90631a90752b6ef20","Conference paper","Final","","Scopus","2-s2.0-85182934265"
"Quintero, F.; Sierra, J.; Mendoza, K.; Romero, L.A.; Marrugo, A.G.","Quintero, Fernando J. (57221475394); Sierra, Juan S. (57209048746); Mendoza, Kevin D. (57221460700); Romero, Lenny A. (36142156300); Marrugo, Andrés G. (24329839300)","57221475394; 57209048746; 57221460700; 36142156300; 24329839300","Enhancing Corneal Endothelium Segmentation: A Comparison of Classification and Distance-Map Regression UNets","2023","","","","","","","0","0","10.1109/COLCOM59909.2023.10334249","https://www.scopus.com/inward/record.uri?eid=2-s2.0-85182023341&doi=10.1109%2FCOLCOM59909.2023.10334249&partnerID=40&md5=1728acbe4f75a7b2b20f442c49f1ead3","Conference paper","Final","","Scopus","2-s2.0-85182023341"
"Marrugo-Tobón, D.A.; Villa, J.L.; Fuentes-Aguilar, R.Q.; Rios, Y.Y.","Marrugo-Tobón, Duvan Andres (57221469260); Villa, J. L. (7005142049); Fuentes-Aguilar, Rita Q. (57791717100); Rios, Y. Yuliana (57204642964)","57221469260; 7005142049; 57791717100; 57204642964","Kinematic Constraint-Based Linear Feedback Control Design for Differential-Drive Mobile Robot Trajectory Tracking","2023","","","","","","","0","1","10.1109/CCAC58200.2023.10333607","https://www.scopus.com/inward/record.uri?eid=2-s2.0-85180754131&doi=10.1109%2FCCAC58200.2023.10333607&partnerID=40&md5=ed7153a4dd3d586c98a7b6dd88de9e23","Conference paper","Final","","Scopus","2-s2.0-85180754131"
"Perilla Granados, J.S.A.","Perilla Granados, Juan Sebastian Alejandro (57023375100)","57023375100","Political Clientelism as a Risk for the Colombian Constitutional Rule of Law; El clientelismo político como un riesgo para el Estado constitucional de Derecho colombiano","2023","Krytyka Prawa","15","4","","7","20","0","3","10.7206/kp.2080-1084.635","https://www.scopus.com/inward/record.uri?eid=2-s2.0-85180166060&doi=10.7206%2Fkp.2080-1084.635&partnerID=40&md5=95f7f7dbfa2fac476eb6395c45186914","Article","Final","","Scopus","2-s2.0-85180166060"
"Medina-Hernández, E.J.M.; Barco-Llerena, E.; Marbello-Yepes, K.J.","Medina-Hernández, Edith Johana (57354189300); Barco-Llerena, Evelin (57954173000); Marbello-Yepes, Kelly Johanna (58622128900)","57354189300; 57954173000; 58622128900","Food security in the world: Disparities and opportunities by country income levels","2023","Studies in Agricultural Economics","125","3","","127","135","0","0","10.7896/j.2554","https://www.scopus.com/inward/record.uri?eid=2-s2.0-85179330255&doi=10.7896%2Fj.2554&partnerID=40&md5=ef1186e7ac4e8cad024f20b0384328d7","Article","Final","All Open Access; Gold Open Access","Scopus","2-s2.0-85179330255"
"Hallin, D.C.; Mellado, C.; Cohen, A.; Hubé, N.; Nolan, D.; Szabó, G.; Abuali, Y.; Arcila Calderón, C.; Attia, M.; Blanchett, N.; Chen, K.Y.N.; Davydov, S.; de Maio, M.; Garcés-Prettel, M.G.; Himma-Kadakas, M.; Humanes, M.L.; I-Hsuan Lin, C.; Lecheler, S.; Lee, M.; Márquez-Ramírez, M.; Matthews, J.; McIntyre, K.; Melki, J.; Maurer, P.; Mazzoni, M.; Mick, J.; Milić, K.; Olivera, D.; Pizzaro, M.; Quinn, F.; Skjerdal, T.; Stepińska, A.; van Leuven, S.; Viveros, D.; Wyss, V.; Ybáñez, N.","Hallin, Daniel C. (7801380370); Mellado, Claudia (24504020400); Cohen, Akiba A. (57000746000); Hubé, Nicolas (26655538200); Nolan, David J. (7103352200); Szabó, Gabriella (43461961100); Abuali, Yasser (58068068500); Arcila Calderón, Carlos (36969119400); Attia, Maha Abdulmajeed (57214314479); Blanchett, Nicole (57218135615); Chen, Katherine Yi Ning (57212019402); Davydov, Sergey G. (40461202600); de Maio, Mariana (57156173100); Garcés-Prettel, Miguel Efrén (57193012270); Himma-Kadakas, Marju (57189261905); Humanes, María Luisa (55505896600); I-Hsuan Lin, Christi (57226167390); Lecheler, Sophie K. (26036187400); Lee, Misook (57200427121); Márquez-Ramírez, Mireya (57193011223); Matthews, Jamie (55968425700); McIntyre, Karen Elizabeth (57189991616); Melki, Jad P. (55032965800); Maurer, Peter (55937105800); Mazzoni, Marco (55763033200); Mick, Jacques (57195683569); Milić, Kristina M. (57868695900); Olivera, Dasniel (58243468800); Pizzaro, Marcela (57222579932); Quinn, Fergal (57205486045); Skjerdal, Terje Steinulfsson (35249359100); Stepińska, Agnieszka (55445081400); van Leuven, Sarah (41662325600); Viveros, Diana (57218702727); Wyss, Vinzenz (54404209700); Ybáñez, Natalia (58741168700)","7801380370; 24504020400; 57000746000; 26655538200; 7103352200; 43461961100; 58068068500; 36969119400; 57214314479; 57218135615; 57212019402; 40461202600; 57156173100; 57193012270; 57189261905; 55505896600; 57226167390; 26036187400; 57200427121; 57193011223; 55968425700; 57189991616; 55032965800; 55937105800; 55763033200; 57195683569; 57868695900; 58243468800; 57222579932; 57205486045; 35249359100; 55445081400; 41662325600; 57218702727; 54404209700; 58741168700","Journalistic Role Performance in Times of COVID","2023","Journalism Studies","24","16","","1977","1998","0","15","10.1080/1461670X.2023.2274584","https://www.scopus.com/inward/record.uri?eid=2-s2.0-85178428989&doi=10.1080%2F1461670X.2023.2274584&partnerID=40&md5=9eefee8a9110bb5d05bd376b5949e80d","Article","Final","","Scopus","2-s2.0-85178428989"
"Solano-Correa, Y.T.; Camacho-de Angulo, Y.V.; Oviedo-Barrero, F.; Dalponte, M.; Pencue-Fierro, E.L.","Solano-Correa, Yady Tatiana (57156565000); Camacho-de Angulo, Yineth Viviana (58101860100); Oviedo-Barrero, Fernando (57210152736); Dalponte, Michele (24075297800); Pencue-Fierro, Edgar Leonairo (8219013500)","57156565000; 58101860100; 57210152736; 24075297800; 8219013500","Individual Tree Crown Delineation and Biomass Estimation from LiDAR Data in Gorgona Island, Colombia","2023","International Geoscience and Remote Sensing Symposium (IGARSS)","2023-July","","","3125","3128","0","1","10.1109/IGARSS52108.2023.10282442","https://www.scopus.com/inward/record.uri?eid=2-s2.0-85178330152&doi=10.1109%2FIGARSS52108.2023.10282442&partnerID=40&md5=30de98e2c9cbe3391c268609dc5c78dc","Conference paper","Final","","Scopus","2-s2.0-85178330152"
"Rojas, R.R.; Martínez-Palomino, O.S.M.; Torres, A.G.; Vargas, D.F.","Rojas, Ronald R. (57212543326); Martínez-Palomino, Oriana Susana (58620428800); Torres, Alberto Gómez (58719014500); Vargas, Daniel Forero (57608975300)","57212543326; 58620428800; 58719014500; 57608975300","Analysis of Company Operational Performance Using an Entrepreneurial Orientation Measurement Scale","2023","International Journal of Interdisciplinary Organizational Studies","19","1","","1","19","0","0","10.18848/2324-7649/CGP/v19i01/1-19","https://www.scopus.com/inward/record.uri?eid=2-s2.0-85177757755&doi=10.18848%2F2324-7649%2FCGP%2Fv19i01%2F1-19&partnerID=40&md5=62c51a8bb7066d02a7660525472c2931","Article","Final","","Scopus","2-s2.0-85177757755"
"Ariza-Rúa, D.L.; Chavarro-Mesa, E.; Ballestas-Casallas, Y.A.; Perez, J.R.; Maldonado-Rojas, W.","Ariza-Rúa, Danilo Lusbin (58618811100); Chavarro-Mesa, Edisson (57188841051); Ballestas-Casallas, Yamil A. (58618551200); Perez, Juan Rebollo (58676501200); Maldonado-Rojas, Wilson (43961378900)","58618811100; 57188841051; 58618551200; 58676501200; 43961378900","Molecular docking studies of 4-nitromonosubstituted chalcone derivatives as cyclooxygenase-2 (COX-2) inhibitors","2023","AIP Conference Proceedings","2872","1","120021-1","","","0","1","10.1063/5.0163262","https://www.scopus.com/inward/record.uri?eid=2-s2.0-85176799686&doi=10.1063%2F5.0163262&partnerID=40&md5=ea305f1e0ca0b6463a24f72c80c42cf8","Conference paper","Final","","Scopus","2-s2.0-85176799686"
"Bravo-Mendoza, K.; Ojeda-Caicedo, V.-V.; Chavarro-Mesa, E.; Fennix-Agudelo, M.; Taboada-Canchila, I.; Zarza-Gonzalez, E.","Bravo-Mendoza, Kimberly (58695008200); Ojeda-Caicedo, Vilma Viviana (57220077867); Chavarro-Mesa, Edisson (57188841051); Fennix-Agudelo, Mary Andrea (57193855099); Taboada-Canchila, Isabella (58695008300); Zarza-Gonzalez, Esteban (23092567400)","58695008200; 57220077867; 57188841051; 57193855099; 58695008300; 23092567400","Determining the influence of environmental factors in coral thermal stress events using remote sensing: A case of study in Isla Tesoro - Colombia","2023","AIP Conference Proceedings","2872","1","040008-1","","","0","1","10.1063/5.0163245","https://www.scopus.com/inward/record.uri?eid=2-s2.0-85176758685&doi=10.1063%2F5.0163245&partnerID=40&md5=4b4bc13642510a6d5e248d2466fb1b03","Conference paper","Final","","Scopus","2-s2.0-85176758685"
"Payares, E.; Martinez-Santos, J.C.","Payares, Esteban (57221228272); Martinez-Santos, Juan Carlos (26325154200)","57221228272; 26325154200","The enhancement of quantum machine learning models via quantum Fourier transform in near-term applications","2023","AIP Conference Proceedings","2872","1","120089-1","","","0","2","10.1063/5.0163355","https://www.scopus.com/inward/record.uri?eid=2-s2.0-85176738525&doi=10.1063%2F5.0163355&partnerID=40&md5=978c44a549e7546604c5ae20587b80df","Conference paper","Final","","Scopus","2-s2.0-85176738525"
"Juarez-Salazar, R.; Esquivel-Hernandez, S.; Zheng, J.; Diaz-Ramirez, V.H.; Marrugo, A.G.","Juarez-Salazar, Rigoberto (35784596800); Esquivel-Hernandez, Sofia (57315334200); Zheng, Juan (57209530086); Diaz-Ramirez, Victor H. (8855846100); Marrugo, Andrés G. (24329839300)","35784596800; 57315334200; 57209530086; 8855846100; 24329839300","Fringe projection profilometry without explicit projector calibration","2023","Proceedings of SPIE - The International Society for Optical Engineering","12673","","1267309","","","0","0","10.1117/12.2677133","https://www.scopus.com/inward/record.uri?eid=2-s2.0-85176461594&doi=10.1117%2F12.2677133&partnerID=40&md5=d5866c95cb32c4629dc5cdd46c74744c","Conference paper","Final","","Scopus","2-s2.0-85176461594"
"Baldiris-Navarro, I.; Sanchez, J.; Virviescas, M.T.; Realpe, A.; Fajardo Cuadro, J.G.","Baldiris-Navarro, Ildefonso (58677719600); Sanchez, Jorge (58677540800); Virviescas, Martha Torres (58677018600); Realpe, Alvaro (6504529306); Fajardo Cuadro, Juan Gabriel (56581610900)","58677719600; 58677540800; 58677018600; 6504529306; 56581610900","Application of Nannochloris sp. for Landfill Leachate Biotreatment and Lipids Production","2023","Indonesian Journal of Chemistry","23","5","","1456","1462","0","1","10.22146/ijc.82483","https://www.scopus.com/inward/record.uri?eid=2-s2.0-85175552035&doi=10.22146%2Fijc.82483&partnerID=40&md5=d82263df19f69f05c9a67496a5263023","Article","Final","All Open Access; Gold Open Access; Green Final Open Access; Green Open Access","Scopus","2-s2.0-85175552035"
"Cuadrado, J.; Martinez, E.; Morillo, A.; Peña, D.P.; Sossa, K.; Martinez-Santos, J.C.; Puertas, E.","Cuadrado, Juan (57422728000); Martinez, Elizabeth (58459662800); Morillo, Anderson (58674420800); Peña, Daniel (57203171916); Sossa, Kevin (58674453400); Martinez-Santos, Juan Carlos (26325154200); Puertas, Edwin (57202285682)","57422728000; 58459662800; 58674420800; 57203171916; 58674453400; 26325154200; 57202285682","UTB-NLP at SemEval-2023 Task 3: Weirdness, Lexical Features for Detecting Categorical Framings, and Persuasion in Online News","2023","","","","","1551","1557","0","5","10.18653/v1/2023.semeval-1.214","https://www.scopus.com/inward/record.uri?eid=2-s2.0-85175402104&doi=10.18653%2Fv1%2F2023.semeval-1.214&partnerID=40&md5=8cc6013e1d826751927f513acc2829fb","Conference paper","Final","All Open Access; Gold Open Access","Scopus","2-s2.0-85175402104"
"Cuadrado, J.; Martinez, E.; Martinez-Santos, J.C.; Puertas, E.","Cuadrado, Juan (57422728000); Martinez, Elizabeth (58459662800); Martinez-Santos, Juan Carlos (26325154200); Puertas, Edwin (57202285682)","57422728000; 58459662800; 26325154200; 57202285682","Team UTB-NLP at FinancES 2023: Financial Targeted Sentiment Analysis Using a Phonestheme Semantic Approach","2023","CEUR Workshop Proceedings","3496","","","","","0","1","","https://www.scopus.com/inward/record.uri?eid=2-s2.0-85175334792&partnerID=40&md5=8e17184bd479c8a2eec4f5fedf565bd1","Conference paper","Final","","Scopus","2-s2.0-85175334792"
"Marrugo-Tobón, D.A.; Martinez-Santos, J.C.; Puertas, E.","Marrugo-Tobón, Duvan Andres (57221469260); Martinez-Santos, Juan Carlos (26325154200); Puertas, Edwin (57202285682)","57221469260; 26325154200; 57202285682","Natural Language Content Evaluation System For Multiclass Detection of Hate Speech in Tweets Using Transformers","2023","CEUR Workshop Proceedings","3496","","","","","0","0","","https://www.scopus.com/inward/record.uri?eid=2-s2.0-85175309460&partnerID=40&md5=5e7fd7958d9d3c6fcedfd36be3bc822a","Conference paper","Final","","Scopus","2-s2.0-85175309460"
"Arnedo, R.; Henao, N.; Agbossou, K.; Oviedo, J.C.; Dominguez-Jimenez, J.A.; Toquica, D.","Arnedo, Rafael (57221226110); Henao, Nilson (55366621800); Agbossou, Kodjo A. (56238417000); Oviedo, Juan C. (56396406900); Dominguez-Jimenez, J. A. (56682770100); Toquica, David (57195913997)","57221226110; 55366621800; 56238417000; 56396406900; 56682770100; 57195913997","OpenATE: A Distributed Co-simulation Engine for Transactive Energy Systems","2023","","","","","188","193","0","2","10.1109/SEGE59172.2023.10274534","https://www.scopus.com/inward/record.uri?eid=2-s2.0-85175260623&doi=10.1109%2FSEGE59172.2023.10274534&partnerID=40&md5=450c8fd5f077686a5e7f3b8f1a31299e","Conference paper","Final","","Scopus","2-s2.0-85175260623"
"Martinez, E.; Cuadrado, J.; Peña, D.P.; Martinez-Santos, J.C.; Puertas, E.","Martinez, Elizabeth (58459662800); Cuadrado, Juan (57422728000); Peña, Daniel (57203171916); Martinez-Santos, Juan Carlos (26325154200); Puertas, Edwin (57202285682)","58459662800; 57422728000; 57203171916; 26325154200; 57202285682","Automated Depression Detection in Text Data: Leveraging Lexical Features, Phonesthemes Embedding, and RoBERTa Transformer Model","2023","CEUR Workshop Proceedings","3496","","","","","0","3","","https://www.scopus.com/inward/record.uri?eid=2-s2.0-85175016653&partnerID=40&md5=e793057039096ed4684c17438678ac9b","Conference paper","Final","","Scopus","2-s2.0-85175016653"
"Lima, T.P.; Barrera, E.S.; de Oliveira, B.C.F.; Armando Albertazzi, G.","Lima, Tainara Pedrosa (58623058300); Barrera, E. S. (57203306902); de Oliveira, Bernardo Cassimiro Fonseca (57193826188); Armando Albertazzi, G. (34869173800)","58623058300; 57203306902; 57193826188; 34869173800","Simultaneous orthogonal shearography using two pairs of parallel slits and a tetra-split lens","2023","Proceedings of SPIE - The International Society for Optical Engineering","12618","","126180C","","","0","0","10.1117/12.2673473","https://www.scopus.com/inward/record.uri?eid=2-s2.0-85172699435&doi=10.1117%2F12.2673473&partnerID=40&md5=0ef8fc033ab859f4c051008289d362a0","Conference paper","Final","","Scopus","2-s2.0-85172699435"
"Calonge, J.C.C.; Cardenas-Escobar, A.Z.C.","Calonge, Juan Camilo (58620466100); Cardenas-Escobar, Alba Zulay (57930948900)","58620466100; 57930948900","Digital educational resources as a mediating tool in the educational process. A review of the literature; Recursos educativos digitales como herramienta mediadora en el proceso educativo. Una revisión de la literatura","2023","Proceedings of the LACCEI international Multi-conference for Engineering, Education and Technology","2023-July","","","","","0","0","","https://www.scopus.com/inward/record.uri?eid=2-s2.0-85172408443&partnerID=40&md5=587717961b1c8dd06af0450890a0cd5d","Conference paper","Final","","Scopus","2-s2.0-85172408443"
"Díaz, N.; Peñaloza, Y.C.; Rios, Y.Y.; Martinez-Santos, J.C.; Puertas, E.","Díaz, Nicolás Hernández (57220077564); Peñaloza, Yersica C. (57580976200); Rios, Y. Yuliana (57204642964); Martinez-Santos, Juan Carlos (26325154200); Puertas, Edwin (57202285682)","57220077564; 57580976200; 57204642964; 26325154200; 57202285682","Intelligent system to detect violations in pedestrian areas committed by vehicles in the City of Cartagena de Indias","2023","Proceedings of the LACCEI international Multi-conference for Engineering, Education and Technology","2023-July","","","","","0","2","","https://www.scopus.com/inward/record.uri?eid=2-s2.0-85172407574&partnerID=40&md5=7edf1c6063c248bdb521546663839162","Conference paper","Final","","Scopus","2-s2.0-85172407574"
"Puerta-Guardo, F.A.; Cantillo-Orozco, A.S.; Gómez, L.V.; Sanabria-Ospino, A.; Garcia, J.","Puerta-Guardo, Fabio Andrés (58619059200); Cantillo-Orozco, Ana Susana (59454824700); Gómez, Luis Vergara (58619170300); Sanabria-Ospino, Alfredo Enrique (57212004785); Garcia, Juan Camilo Ramirez (57216332462)","58619059200; 59454824700; 58619170300; 57212004785; 57216332462","Digital entrepreneurship in tourism as an engine of economic reactivation in Colombia: a theoretical approach","2023","Proceedings of the LACCEI international Multi-conference for Engineering, Education and Technology","2023-July","","","","","0","1","","https://www.scopus.com/inward/record.uri?eid=2-s2.0-85172401145&partnerID=40&md5=7073ad2f5601cdbe3b9e7018c9bf1b75","Conference paper","Final","","Scopus","2-s2.0-85172401145"
"Pagnola, M.; Useche, J.; Martínez-García, R.","Pagnola, Marcelo R. (14012202200); Useche, J. F. (24537991200); Martínez-García, Ricardo (57219556204)","14012202200; 24537991200; 57219556204","Obtaining Fe78Si9B13/GNPL Composite: A study of properties; Obtención de Fe78Si9B13/GNPL Composite: un Estudio de Propiedades","2023","Proceedings of the LACCEI international Multi-conference for Engineering, Education and Technology","2023-July","","","","","0","1","","https://www.scopus.com/inward/record.uri?eid=2-s2.0-85172388957&partnerID=40&md5=4373473503204783276dd5f0576101aa","Conference paper","Final","","Scopus","2-s2.0-85172388957"
"Gutiérrez, J.M.D.; del Rio-Cortina Jorge, L.; Romero, Z.","Gutiérrez, Juan Manuel Diago (58618835700); del Rio-Cortina Jorge, L. (58618571900); Romero, Zilath (58618835800)","58618835700; 58618571900; 58618835800","Educational cultures and their impact on the quality and innovation of personalized education; Culturas educativas y su incidencia en la calidad e innovación de la educación personalizada","2023","Proceedings of the LACCEI international Multi-conference for Engineering, Education and Technology","2023-July","","","","","0","0","","https://www.scopus.com/inward/record.uri?eid=2-s2.0-85172388117&partnerID=40&md5=942ae22f885cebf67f0675b54a4a0d33","Conference paper","Final","","Scopus","2-s2.0-85172388117"
"Ariza-Rúa, D.L.; Rebollo-Pérez, R.P.; Chavarro-Mesa, E.; Ballestas-Casallas, Y.A.","Ariza-Rúa, Danilo Lusbin (58618811100); Rebollo-Pérez, Juan Alberto (58619330000); Chavarro-Mesa, Edisson (57188841051); Ballestas-Casallas, Yamil A. (58618551200)","58618811100; 58619330000; 57188841051; 58618551200","S-3-hydroxyphenyl (N-hydroxycarbamamido) (diphenyl) ethanethioate derivatives as potential inhibitors of 5 -Lipoxygenase (5-LOX)","2023","Proceedings of the LACCEI international Multi-conference for Engineering, Education and Technology","2023-July","","","","","0","0","","https://www.scopus.com/inward/record.uri?eid=2-s2.0-85172383187&partnerID=40&md5=e12c9938da7720505168d31269c8a6e1","Conference paper","Final","","Scopus","2-s2.0-85172383187"
"Acevedo-Barrios, R.; Rubiano-Labrador, C.; Hernández Rocha, I.O.; Pasqualino, J.; Puentes Martinez, D.A.; Chavarro-Mesa, E.; De la Parra-Guerra, A.C.","Acevedo-Barrios, R. L. (56674579200); Rubiano-Labrador, Carolina (55649334800); Hernández Rocha, Isis O. (58733769700); Pasqualino, Jorgelina C. (14622047600); Puentes Martinez, Dainis A. (58751512700); Chavarro-Mesa, Edisson (57188841051); De la Parra-Guerra, A. C. (57192208583)","56674579200; 55649334800; 58733769700; 14622047600; 58751512700; 57188841051; 57192208583","Psychrobacter sp: perchlorate reducing bacteria, isolated from marine sediments from Margarita Bay, Antarctica","2023","Proceedings of the LACCEI international Multi-conference for Engineering, Education and Technology","2023-July","","","","","0","3","","https://www.scopus.com/inward/record.uri?eid=2-s2.0-85172381581&partnerID=40&md5=8e226597bb3285eb681a6b3344d3de27","Conference paper","Final","","Scopus","2-s2.0-85172381581"
"Andres, B.; Raúl, P.; Alfonso, A.; Gualdrón, G.; Villa, J.L.","Andres, Betancur (58618635900); Raúl, Padrón C. (57211351906); Alfonso, Nunez (57930803200); Gualdrón, Carlos G. (57215557867); Villa, J. L. (7005142049)","58618635900; 57211351906; 57930803200; 57215557867; 7005142049","Good practices in construction contracts for reimbursable costs; Buenas Prácticas en Contratos de Construcción por Costos Reembolsables","2023","Proceedings of the LACCEI international Multi-conference for Engineering, Education and Technology","2023-July","","","","","0","0","","https://www.scopus.com/inward/record.uri?eid=2-s2.0-85172376544&partnerID=40&md5=88fdf682cbf577dd3a54524a14c71f88","Conference paper","Final","","Scopus","2-s2.0-85172376544"
"de Jesús Molina Muñoz, E.; Martínez-Palomino, O.S.M.","de Jesús Molina Muñoz, Edwin (58619133300); Martínez-Palomino, Oriana Susana (58620428800)","58619133300; 58620428800","Innovation and entrepreneurship: driving economic growth in Colombia; Innovación y emprendimiento: motor de crecimiento económico en Colombia","2023","Proceedings of the LACCEI international Multi-conference for Engineering, Education and Technology","2023-July","","","","","0","0","","https://www.scopus.com/inward/record.uri?eid=2-s2.0-85172347130&partnerID=40&md5=2b1b6e7ae0fc88076e9f779efeba7e67","Conference paper","Final","","Scopus","2-s2.0-85172347130"
"Jimenez-Ramirez, V.A.; Sánchez-Quitian, Z.A.; Acevedo-Barrios, R.; Ariza-Rúa, D.L.; Martinez-Santos, J.C.; Parra-Giraldo, C.M.; Chavarro-Mesa, E.","Jimenez-Ramirez, Verónica Alejandra (58619914100); Sánchez-Quitian, Zilpa Adriana (36060224900); Acevedo-Barrios, R. L. (56674579200); Ariza-Rúa, Danilo Lusbin (58618811100); Martinez-Santos, Juan Carlos (26325154200); Parra-Giraldo, Claudia M. (54414722600); Chavarro-Mesa, Edisson (57188841051)","58619914100; 36060224900; 56674579200; 58618811100; 26325154200; 54414722600; 57188841051","Identification by MALDI-TOF MS of bacterial microorganisms associated with dental caries","2023","Proceedings of the LACCEI international Multi-conference for Engineering, Education and Technology","2023-July","","","","","0","0","","https://www.scopus.com/inward/record.uri?eid=2-s2.0-85172345453&partnerID=40&md5=2a0bb81dccc452683eb1ee150dbf2814","Conference paper","Final","","Scopus","2-s2.0-85172345453"
"Rojas, J.D.G.; Villa, J.L.","Rojas, Juan David García (58619855900); Villa, J. L. (7005142049)","58619855900; 7005142049","Design of a Model of Good Practices for the Use of the Work Breakdown Structure in the Management of Electrical Projects for the Industrial Sector; Diseño de un Modelo de Buenas Prácticas para el Uso de la Estructura de Desglose del Trabajo en La Gestión de Proyectos Eléctricos para el Sector Industrial","2023","Proceedings of the LACCEI international Multi-conference for Engineering, Education and Technology","2023-July","","","","","0","0","","https://www.scopus.com/inward/record.uri?eid=2-s2.0-85172344549&partnerID=40&md5=18939b90694a8831102fa2065a5099a0","Conference paper","Final","","Scopus","2-s2.0-85172344549"
"Vásquez, J.; Puertas, E.","Vásquez, Jenifer (57205400052); Puertas, Edwin (57202285682)","57205400052; 57202285682","Component Analysis to Design an Integral Sustainability Model for Micro, Small, and Medium-Sized Enterprises","2023","Proceedings of the LACCEI international Multi-conference for Engineering, Education and Technology","2023-July","","","","","0","0","","https://www.scopus.com/inward/record.uri?eid=2-s2.0-85172315912&partnerID=40&md5=d071318984b42362706b2e958fe37850","Conference paper","Final","","Scopus","2-s2.0-85172315912"
"Martelo, F.P.; Cardenas-Escobar, A.Z.C.","Martelo, Fredy Pérez (58619343000); Cardenas-Escobar, Alba Zulay (57930948900)","58619343000; 57930948900","Managing interests, a methodology for determining the degree of influence within a project and managing its risk: The case of the Pasacaballos fishermen and the expansion of the Oiltanking Cartagena wharf; Manejando los intereses, una metodología para la determinación del grado de influencia dentro de un proyecto y gestionar su riesgo: El caso de los Pescadores de Pasacaballos y la ampliación del muelle de Oiltanking Cartagena","2023","Proceedings of the LACCEI international Multi-conference for Engineering, Education and Technology","2023-July","","","","","0","1","","https://www.scopus.com/inward/record.uri?eid=2-s2.0-85172312643&partnerID=40&md5=d010a07a697b650200e2a02b0f01023c","Conference paper","Final","","Scopus","2-s2.0-85172312643"
"Cardenas-Escobar, A.Z.C.; Gazabón Arrieta, F.; Mendoza Díaz, A.; de Mogollón, G.M.; Ospina-Mateus, H.","Cardenas-Escobar, Alba Zulay (57930948900); Gazabón Arrieta, Fabian (57202852177); Mendoza Díaz, Armando (57931099400); de Mogollón, Gilma Mestre (57930522400); Ospina-Mateus, Holman (57194034904)","57930948900; 57202852177; 57931099400; 57930522400; 57194034904","Analysis of soft skills in UTB graduates with the Education 2.0 instrument; Análisis de las habilidades blandas en egresados de la UTB con el instrumento Education 2.0","2023","Proceedings of the LACCEI international Multi-conference for Engineering, Education and Technology","2023-July","","","","","0","0","","https://www.scopus.com/inward/record.uri?eid=2-s2.0-85172308452&partnerID=40&md5=7687850a3d9e8de5ec149e95d9b4d96a","Conference paper","Final","","Scopus","2-s2.0-85172308452"
"Sanchez-Hernandez, S.; Mendoza, K.; Quintero, F.; Prada, A.M.; Tello, A.; Galvis-Ramírez, V.; Romero, L.A.; Marrugo, A.G.","Sanchez-Hernandez, Sergio A. (57220070743); Mendoza, Kevin D. (57221460700); Quintero, Fernando J. (57221475394); Prada, Angélica María (55767855400); Tello, Alejandro (6603664598); Galvis-Ramírez, Virgilio (55963715000); Romero, Lenny A. (36142156300); Marrugo, Andrés G. (24329839300)","57220070743; 57221460700; 57221475394; 55767855400; 6603664598; 55963715000; 36142156300; 24329839300","Deep neural networks for evaluation of specular microscopy images of the corneal endothelium with Fuchs’ dystrophy","2023","Proceedings of SPIE - The International Society for Optical Engineering","12527","","125270P","","","0","1","10.1117/12.2663895","https://www.scopus.com/inward/record.uri?eid=2-s2.0-85171780475&doi=10.1117%2F12.2663895&partnerID=40&md5=9f0dadb2b3c1046c061c2a01ce6512d7","Conference paper","Final","","Scopus","2-s2.0-85171780475"
"Sanchez-Hernandez, S.; Mendoza, K.; Quintero, F.; Prada, A.M.; Tello, A.; Galvis-Ramírez, V.; Romero, L.A.; Marrugo, A.G.","Sanchez-Hernandez, Sergio A. (57220070743); Mendoza, Kevin D. (57221460700); Quintero, Fernando J. (57221475394); Prada, Angélica María (55767855400); Tello, Alejandro (6603664598); Galvis-Ramírez, Virgilio (55963715000); Romero, Lenny A. (36142156300); Marrugo, Andrés G. (24329839300)","57220070743; 57221460700; 57221475394; 55767855400; 6603664598; 55963715000; 36142156300; 24329839300","Self-Supervised Deep-Learning Segmentation of Corneal Endothelium Specular Microscopy Images","2023","","","","","","","0","1","10.1109/ColCACI59285.2023.10226148","https://www.scopus.com/inward/record.uri?eid=2-s2.0-85171628973&doi=10.1109%2FColCACI59285.2023.10226148&partnerID=40&md5=3bdc0ebfe0588f72fa593cf2805d8d57","Conference paper","Final","","Scopus","2-s2.0-85171628973"
"Vargas, R.; Quintero, F.; Romero, L.A.; Marrugo, A.G.","Vargas, Raúl (57117284600); Quintero, Fernando J. (57221475394); Romero, Lenny A. (36142156300); Marrugo, Andrés G. (24329839300)","57117284600; 57221475394; 36142156300; 24329839300","Challenges and opportunities in pixel-wise calibration methods for structured light systems","2023","Proceedings of SPIE - The International Society for Optical Engineering","12524","","125240G","","","0","1","10.1117/12.2664197","https://www.scopus.com/inward/record.uri?eid=2-s2.0-85171577703&doi=10.1117%2F12.2664197&partnerID=40&md5=125b593b482ab4dda86121105225da11","Conference paper","Final","","Scopus","2-s2.0-85171577703"
"Pena, J.C.; Benjumea, E.; Vargas, R.; Romero, L.A.; Patiño, A.; Marrugoa, A.G.","Pena, Juan C. (57422329900); Benjumea, Eberto (57195681584); Vargas, Raúl (57117284600); Romero, Lenny A. (36142156300); Patiño, Alberto (57190688459); Marrugoa, Andres G. (58601115000)","57422329900; 57195681584; 57117284600; 36142156300; 57190688459; 58601115000","Deep-learning enabled single-shot 3D feature detection in fringe projection profilometry","2023","Proceedings of SPIE - The International Society for Optical Engineering","12524","","1252404","","","0","1","10.1117/12.2663955","https://www.scopus.com/inward/record.uri?eid=2-s2.0-85171574030&doi=10.1117%2F12.2663955&partnerID=40&md5=3d4d30153aa0ee71b2e25ae8c3c6f341","Conference paper","Final","","Scopus","2-s2.0-85171574030"
"Barrera, E.S.; Ealo-Cuello, J.L.E.","Barrera, E. S. (57203306902); Ealo-Cuello, Joao L. (57221272540)","57203306902; 57221272540","Measuring Material Thickness Variations Through Tri-Aperture DSPI","2023","Proceedings of SPIE - The International Society for Optical Engineering","12524","","125240C","","","0","0","10.1117/12.2663667","https://www.scopus.com/inward/record.uri?eid=2-s2.0-85171558914&doi=10.1117%2F12.2663667&partnerID=40&md5=fec3592de63469c9dec53e28c99a5129","Conference paper","Final","","Scopus","2-s2.0-85171558914"
"Barrera, E.S.","Barrera, E. S. (57203306902)","57203306902","Speckle Interferometry Single-shot Applications with Multiple Carrier-fringe Information","2023","Proceedings of SPIE - The International Society for Optical Engineering","12524","","1252402","","","0","0","10.1117/12.2662369","https://www.scopus.com/inward/record.uri?eid=2-s2.0-85171552632&doi=10.1117%2F12.2662369&partnerID=40&md5=07e76f160c9a3c6b0b7276f8be1967f5","Conference paper","Final","","Scopus","2-s2.0-85171552632"
"Arrechea-Castillo, D.A.; Solano-Correa, Y.T.; Muñoz-Ordóñez, J.F.; Camacho-de Angulo, Y.V.; Barrera, E.S.; Figueroa, A.; Pencue-Fierro, E.L.","Arrechea-Castillo, Darwin Alexis (58295601000); Solano-Correa, Yady Tatiana (57156565000); Muñoz-Ordóñez, Julián Fernando (57197761972); Camacho-de Angulo, Yineth Viviana (58101860100); Barrera, E. S. (57203306902); Figueroa, Apolinar (56419849400); Pencue-Fierro, Edgar Leonairo (8219013500)","58295601000; 57156565000; 57197761972; 58101860100; 57203306902; 56419849400; 8219013500","Land cover classification of Andean sub-basins in Colombia based on Sentinel-2 satellite images and deep learning","2023","Proceedings of SPIE - The International Society for Optical Engineering","12525","","1252505","","","0","0","10.1117/12.2664340","https://www.scopus.com/inward/record.uri?eid=2-s2.0-85171197596&doi=10.1117%2F12.2664340&partnerID=40&md5=42c4f0a7d4526517a10d96c11a7ee371","Conference paper","Final","","Scopus","2-s2.0-85171197596"
"Arrechea-Castillo, D.A.; Solano-Correa, Y.T.; Muñoz-Ordóñez, J.F.; Pencue-Fierro, E.L.; Barrera, E.S.","Arrechea-Castillo, Darwin Alexis (58295601000); Solano-Correa, Yady Tatiana (57156565000); Muñoz-Ordóñez, Julián Fernando (57197761972); Pencue-Fierro, Edgar Leonairo (8219013500); Barrera, E. S. (57203306902)","58295601000; 57156565000; 57197761972; 8219013500; 57203306902","Mapping dispersed houses in rural areas of Colombia by exploiting Planet satellite images with Convolutional Neural Networks","2023","Proceedings of SPIE - The International Society for Optical Engineering","12525","","1252503","","","0","2","10.1117/12.2664029","https://www.scopus.com/inward/record.uri?eid=2-s2.0-85171187718&doi=10.1117%2F12.2664029&partnerID=40&md5=a1b4bd6d200d3212935c3fdba826a06d","Conference paper","Final","","Scopus","2-s2.0-85171187718"
"Benitez, G.; Guevara, C.R.; Quintero Vanegas, E.O.Q.","Benitez, Germán (57219555872); Guevara, Carlos R.Payares (57219506381); Quintero Vanegas, Elkin Oveimar (57192690723)","57219555872; 57219506381; 57192690723","Equivalence of categories of simple Lie algebras in positive characteristic","2023","Proyecciones","42","4","","815","831","0","0","10.22199/ISSN.0717-6279-5335","https://www.scopus.com/inward/record.uri?eid=2-s2.0-85170278652&doi=10.22199%2FISSN.0717-6279-5335&partnerID=40&md5=f4ee52bce580d8497002f98d4ce7f555","Article","Final","All Open Access; Gold Open Access; Green Accepted Open Access; Green Open Access","Scopus","2-s2.0-85170278652"
"Rivera, M.A.; Serrano, J.E.; González, E.","Rivera, Miguel A. (58553550400); Serrano, Jairo E. (57220927199); González, Enrique Guerrero (7402466812)","58553550400; 57220927199; 7402466812","World Model for the WellProdSim Agent-Based Social Simulator","2023","Communications in Computer and Information Science","1775 CCIS","","","150","163","0","0","10.1007/978-3-031-36357-3_12","https://www.scopus.com/inward/record.uri?eid=2-s2.0-85169055125&doi=10.1007%2F978-3-031-36357-3_12&partnerID=40&md5=b022bf20e66da40f57ec056ea8e84e7c","Conference paper","Final","","Scopus","2-s2.0-85169055125"
"Serrano, J.E.; Rivera, M.A.; González, E.","Serrano, Jairo E. (57220927199); Rivera, Miguel A. (58553550400); González, Enrique Guerrero (7402466812)","57220927199; 58553550400; 7402466812","Time Model for the WellProdSim Agent-Based Social Simulator","2023","Communications in Computer and Information Science","1775 CCIS","","","136","149","0","0","10.1007/978-3-031-36357-3_11","https://www.scopus.com/inward/record.uri?eid=2-s2.0-85169041486&doi=10.1007%2F978-3-031-36357-3_11&partnerID=40&md5=5101e7a35139dbf9405e02b7d2511796","Conference paper","Final","","Scopus","2-s2.0-85169041486"
"Guerrero, B.; Valle, M.; Restrepo, M.; Cardona, J.A.; Viloria-Nuñez, C.; Quintero M., C.G.","Guerrero, Bethsy (58549401900); Valle, Maria Ines (58304321700); Restrepo, Mauricio (57201752010); Cardona, Jairo Alberto (57809826100); Viloria-Nuñez, Cesar (35788581800); Quintero M., Christian G. (59407946800)","58549401900; 58304321700; 57201752010; 57809826100; 35788581800; 59407946800","Multi-Objective Particle Swarm Optimization Approach for Population Classification in Emergency Management","2023","","","","","452","459","0","2","10.1109/SERA57763.2023.10197646","https://www.scopus.com/inward/record.uri?eid=2-s2.0-85168771547&doi=10.1109%2FSERA57763.2023.10197646&partnerID=40&md5=adbc473680b9d7fa95f430f02193bf2b","Conference paper","Final","","Scopus","2-s2.0-85168771547"
"Vergara Arrieta, J.J.; Puerta-Guardo, F.A.; Huertas Cardozo, N.C.","Vergara Arrieta, José Julio (57194764844); Puerta-Guardo, Fabio Andrés (58619059200); Huertas Cardozo, Netty Consuelo (57217179925)","57194764844; 58619059200; 57217179925","Implementation of International Financial Reporting Standards (IFRS) for small and medium-sized enterprises (SMEs) in Colombia; Implementación de las normas internacionales de información financiera (NIIF) para las pequeñas y medianas empresas (Pymes) en Colombia","2023","Contaduria y Administracion","68","2","","296","321","0","1","10.22201/fca.24488410e.2023.2643","https://www.scopus.com/inward/record.uri?eid=2-s2.0-85167983982&doi=10.22201%2Ffca.24488410e.2023.2643&partnerID=40&md5=52e76ad676593cbce8bdedf40a1b8b4b","Article","Final","All Open Access; Gold Open Access","Scopus","2-s2.0-85167983982"
"McCombs, M.E.; Barrios, M.M.; Garcés-Prettel, M.G.","McCombs, Maxwell E. (7004549232); Barrios, Marta Milena (55778797700); Garcés-Prettel, Miguel Efrén (57193012270)","7004549232; 55778797700; 57193012270","Rethinking environmental news coverage through Agenda-Setting and the normative function of attributes","2023","Comunicacion y Sociedad (Mexico)","2023","20","e8574","","","0","1","10.32870/cys.v2023.8574","https://www.scopus.com/inward/record.uri?eid=2-s2.0-85167920234&doi=10.32870%2Fcys.v2023.8574&partnerID=40&md5=e0d2cd0f091b6a09bdc430476a1bb038","Article","Final","All Open Access; Gold Open Access","Scopus","2-s2.0-85167920234"
"Barrera, E.S.; Fiesco, N.T.; Estupiñán, J.H.R.","Barrera, E. S. (57203306902); Fiesco, Nairo Torres (58519346300); Estupiñán, John Henry Reina (58519346400)","57203306902; 58519346300; 58519346400","Polarization study in Newtonian telescope components for depolarization parameter correction in atmospheric LiDAR","2023","Proceedings of SPIE - The International Society for Optical Engineering","12537","","1253708","","","0","0","10.1117/12.2663690","https://www.scopus.com/inward/record.uri?eid=2-s2.0-85166470451&doi=10.1117%2F12.2663690&partnerID=40&md5=479509d8ff2ef0b33531393d0de75e14","Conference paper","Final","","Scopus","2-s2.0-85166470451"
"áLvarez-MerLano, N.Á.; Vázquez-Miraz, P.","áLvarez-MerLano, Nico Lás (57845086200); Vázquez-Miraz, Pedro (57196040759)","57845086200; 57196040759","Subordination of women in Cartagena’s educational books; Subordinação das mulheres nos livros educativos de Cartagena; Subordinación de la mujer en los libros educativos de Cartagena","2023","Revista Lasallista de Investigacion","20","1","","46","66","0","0","10.22507/rli.v20n1a4","https://www.scopus.com/inward/record.uri?eid=2-s2.0-85166333519&doi=10.22507%2Frli.v20n1a4&partnerID=40&md5=6de510bf8cff3d75683f8d109d098682","Article","Final","All Open Access; Gold Open Access","Scopus","2-s2.0-85166333519"
"Dominguez-Jimenez, J.A.; Henao, N.; Agbossou, K.; Duque, A.; Campillo, J.; Nagarsheth, S.H.","Dominguez-Jimenez, J. A. (56682770100); Henao, Nilson (55366621800); Agbossou, Kodjo A. (56238417000); Duque, Alejandro (57211325566); Campillo, Javier E. (55609096600); Nagarsheth, Shaival (57193685732)","56682770100; 55366621800; 56238417000; 57211325566; 55609096600; 57193685732","A Stochastic Approach to Integrating Electrical Thermal Storage in Distributed Demand Response for Nordic Communities with Wind Power Generation","2023","IEEE Open Journal of Industry Applications","4","","","121","138","0","13","10.1109/OJIA.2023.3264651","https://www.scopus.com/inward/record.uri?eid=2-s2.0-85164073076&doi=10.1109%2FOJIA.2023.3264651&partnerID=40&md5=f81e9ba11fa025b1958d0ad77656f6bb","Article","Final","All Open Access; Gold Open Access","Scopus","2-s2.0-85164073076"
"Lerma-Noriega, C.-A.; Flores-Palacios, M.-L.; Cobos, T.L.; Rebolledo-Mendez, G.","Lerma-Noriega, Claudia A. (57206770441); Flores-Palacios, María Leticia (57217871109); Cobos, Tania Lucía (57206773929); Rebolledo-Mendez, G. (24832441800)","57206770441; 57217871109; 57206773929; 24832441800","InContext: Learning Comparison of Mexican and Colombian Students Using a Mobile Application; InContext: Comparativa del aprendizaje con el uso de una aplicación móvil entre estudiantes mexicanos y colombianos","2023","Pixel-Bit, Revista de Medios y Educacion","","67","","257","282","0","4","10.12795/pixelbit.99353","https://www.scopus.com/inward/record.uri?eid=2-s2.0-85163468285&doi=10.12795%2Fpixelbit.99353&partnerID=40&md5=108abbb0d2dbb2588689fb471026fca5","Article","Final","","Scopus","2-s2.0-85163468285"
"Garcés-Prettel, M.G.; Geney-Castro, E.R.; Gutiérrez-Ruiz, K.; Santoya-Montes, Y.","Garcés-Prettel, Miguel Efrén (57193012270); Geney-Castro, Elías (57427876200); Gutiérrez-Ruiz, Karol Patricia (57192930752); Santoya-Montes, Yanin (57216345199)","57193012270; 57427876200; 57192930752; 57216345199","Suicide risk and crises suffered in the context of COVID-19 mediated by interpersonal family communication; Riesgo suicida y crisis sufridas en el contexto del COVID-19 mediadas por la comunicación familiar","2023","Revista de Salud Publica","25","2","","","","0","1","10.15446/rsap.v25n2.105378","https://www.scopus.com/inward/record.uri?eid=2-s2.0-85163215446&doi=10.15446%2Frsap.v25n2.105378&partnerID=40&md5=4a7ed1904528cb63b0029612ece85fa8","Article","Final","All Open Access; Gold Open Access; Green Accepted Open Access; Green Open Access","Scopus","2-s2.0-85163215446"
"Valle, M.; Guerrero-Granados, B.; Quintero M., C.G.; Viloria-Nuñez, C.; Cardona, J.A.; Jimeno, M.","Valle, Maria Ines (58304321700); Guerrero-Granados, Bethsy (58305746000); Quintero M., Christian G. (59407946800); Viloria-Nuñez, Cesar (35788581800); Cardona, Jairo Alberto (57809826100); Jimeno, Miguel A. (23008832200)","58304321700; 58305746000; 59407946800; 35788581800; 57809826100; 23008832200","Atmospheric Dispersion Prediction for Toxic Gas Clouds by Using Machine Learning Approaches","2023","Communications in Computer and Information Science","1705 CCIS","","","185","198","0","4","10.1007/978-3-031-32213-6_14","https://www.scopus.com/inward/record.uri?eid=2-s2.0-85161249177&doi=10.1007%2F978-3-031-32213-6_14&partnerID=40&md5=8e04cfb7fdc1f9d357b5930a7c0f171b","Conference paper","Final","","Scopus","2-s2.0-85161249177"
"Jimeno, M.; Buitrago, N.; Camacho, H.; Viloria-Nuñez, C.; Cardona, J.A.","Jimeno, Miguel A. (23008832200); Buitrago, Nicolas (58304943300); Camacho, Hector (58304340000); Viloria-Nuñez, Cesar (35788581800); Cardona, Jairo Alberto (57809826100)","23008832200; 58304943300; 58304340000; 35788581800; 57809826100","CIEMS: A Review Towards a Collaborative Industrial Emergency Management Information System","2023","Communications in Computer and Information Science","1705 CCIS","","","439","452","0","0","10.1007/978-3-031-32213-6_32","https://www.scopus.com/inward/record.uri?eid=2-s2.0-85161217097&doi=10.1007%2F978-3-031-32213-6_32&partnerID=40&md5=7e5548319d6aa0611fb9ff0f153f6507","Conference paper","Final","","Scopus","2-s2.0-85161217097"
"Henriquez, Y.; Parra-Rodríguez, C.; Brijaldo, M.; Carrillo-Ramos, A.","Henriquez, Yuranis (57982471000); Parra-Rodríguez, Carlos Alberto (36998476800); Brijaldo, Monica Ilanda (56893705700); Carrillo-Ramos, Angela (55666303200)","57982471000; 36998476800; 56893705700; 55666303200","Adaptive Model for the Selection of Resources and Activities in a Virtual Learning Environment","2023","International Conference on Computer Supported Education, CSEDU - Proceedings","1","","","256","263","0","0","10.5220/0011854900003470","https://www.scopus.com/inward/record.uri?eid=2-s2.0-85160827739&doi=10.5220%2F0011854900003470&partnerID=40&md5=7a83427b5fe383d7103ae4c17515a1ff","Conference paper","Final","All Open Access; Gold Open Access","Scopus","2-s2.0-85160827739"
"Paternina-Verona, D.A.; Flórez-Acero, L.C.; Coronado-Hernández, O.E.; Espinoza-Roman, H.G.; Fuertes-Miquel, V.S.; M Ramos, H.M.","Paternina-Verona, Duban A. (57327599900); Flórez-Acero, Luis C. (58244462100); Coronado-Hernández, Oscar E. (57193337460); Espinoza-Roman, Hector (57263942900); Fuertes-Miquel, Vicente S. (6507312882); M Ramos, Helena Margarida (35568240000)","57327599900; 58244462100; 57193337460; 57263942900; 6507312882; 35568240000","Two-dimensional simulation of emptying manoeuvres in water pipelines with admitted air","2023","Urban Water Journal","20","7","","801","812","0","4","10.1080/1573062X.2023.2211053","https://www.scopus.com/inward/record.uri?eid=2-s2.0-85159028690&doi=10.1080%2F1573062X.2023.2211053&partnerID=40&md5=76d58a189bebe08918a6a3f87a6ada9c","Article","Final","All Open Access; Green Accepted Open Access; Green Open Access","Scopus","2-s2.0-85159028690"
"Contreras-Ortiz, S.H.; Ojeda-Caicedo, V.-V.; Villa, J.L.; Duncan-Ortega, E.","Contreras-Ortiz, Sonia H. (57210822856); Ojeda-Caicedo, Vilma Viviana (57220077867); Villa, J. L. (7005142049); Duncan-Ortega, Ericka (58243750400)","57210822856; 57220077867; 7005142049; 58243750400","Guidance and support of women in engineering programs at Universidad Tecnologica de Bolivar","2023","","","","","","","0","6","10.1109/EDUNINE57531.2023.10102885","https://www.scopus.com/inward/record.uri?eid=2-s2.0-85159011631&doi=10.1109%2FEDUNINE57531.2023.10102885&partnerID=40&md5=eeecfde20f84406b2d5526a388db249a","Conference paper","Final","","Scopus","2-s2.0-85159011631"
"Suarez, O.J.; MacIas-Garcia, E.; Vega, C.J.; Peñaloza, Y.C.; Díaz, N.; Garrido, V.M.","Suarez, Oscar J. (57201349175); MacIas-Garcia, Edgar (57219549683); Vega, Carlos J. (56562603000); Peñaloza, Yersica C. (57580976200); Díaz, Nicolás Hernández (57220077564); Garrido, Victor M. (57212456661)","57201349175; 57219549683; 56562603000; 57580976200; 57220077564; 57212456661","Design of a Segmentation and Classification System for Seed Detection Based on Pixel Intensity Thresholds and Convolutional Neural Networks","2023","Communications in Computer and Information Science","1746 CCIS","","","1","17","0","2","10.1007/978-3-031-29783-0_1","https://www.scopus.com/inward/record.uri?eid=2-s2.0-85152557907&doi=10.1007%2F978-3-031-29783-0_1&partnerID=40&md5=8b4cd1be4a6fa8dcbc3c546e3bec4f54","Conference paper","Final","","Scopus","2-s2.0-85152557907"
"Dominguez-Jimenez, J.A.; Duque, A.; Montoya Giraldo, O.D.; Henao, N.; Campillo, J.; Agbossou, K.","Dominguez-Jimenez, J. A. (56682770100); Duque, Alejandro (57211325566); Montoya Giraldo, Oscar Danilo (56919564100); Henao, Nilson (55366621800); Campillo, Javier E. (55609096600); Agbossou, Kodjo A. (56238417000)","56682770100; 57211325566; 56919564100; 55366621800; 55609096600; 56238417000","Techno-economic Feasibility of A Trust and Grid-aware Coordination Scheme","2023","","","","","","","0","2","10.1109/TPEC56611.2023.10078675","https://www.scopus.com/inward/record.uri?eid=2-s2.0-85152355941&doi=10.1109%2FTPEC56611.2023.10078675&partnerID=40&md5=6ab2b0f5270802807d88061398eacf93","Conference paper","Final","","Scopus","2-s2.0-85152355941"
"Robles, H.S.; Jimeno, M.; Villalba, K.; Mardini, I.; Viloria-Nuñez, C.; Florian, W.","Robles, Heydy (57203551702); Jimeno, Miguel A. (23008832200); Villalba, Karen (57222469740); Mardini, Ivan (58172623300); Viloria-Nuñez, Cesar (35788581800); Florian, Wendy (58172669500)","57203551702; 23008832200; 57222469740; 58172623300; 35788581800; 58172669500","Design of a micro-learning framework and mobile application using design-based research","2023","PeerJ Computer Science","9","","","1","31","0","7","10.7717/PEERJ-CS.1223","https://www.scopus.com/inward/record.uri?eid=2-s2.0-85151785471&doi=10.7717%2FPEERJ-CS.1223&partnerID=40&md5=fc7c0fc5b07c92c80241b9dbaa0cc200","Article","Final","All Open Access; Gold Open Access; Green Accepted Open Access; Green Open Access","Scopus","2-s2.0-85151785471"
"Narvaez, G.; Giraldo, L.F.; Bressan, M.; Guillén, C.A.; Pabón, M.A.; Díaz, N.; Porras, M.F.; Medina, B.H.; Jimenez, F.; Jiménez-Estévez, G.; Pantoja, A.; Alonso, C.","Narvaez, Gabriel Esteban (57220179057); Giraldo, Luis Felipe (56816580700); Bressan, Michael (55404824900); Guillén, Camilo Andrés (57814374100); Pabón, María A. (58156265400); Díaz, Nicolás Hernández (57220077564); Porras, Manuel Felipe (58156265500); Medina, Brayan Herney (57227143000); Jimenez, Jose Fernando (57057097200); Jiménez-Estévez, Guillermo A. (23008726600); Pantoja, Andrés D. (24923188500); Alonso, Corinne (7201579053)","57220179057; 56816580700; 55404824900; 57814374100; 58156265400; 57220077564; 58156265500; 57227143000; 57057097200; 23008726600; 24923188500; 7201579053","An interactive tool for visualization and prediction of solar radiation and photovoltaic generation in Colombia","2023","Big Earth Data","7","3","","904","929","0","3","10.1080/20964471.2023.2185920","https://www.scopus.com/inward/record.uri?eid=2-s2.0-85150839813&doi=10.1080%2F20964471.2023.2185920&partnerID=40&md5=b7a5313469abe8063ee7025a926e5c77","Article","Final","All Open Access; Gold Open Access","Scopus","2-s2.0-85150839813"
"Arroyave, J.A.A.; Garcés-Prettel, M.G.","Arroyave, Jesús Antonio (57218461329); Garcés-Prettel, Miguel Efrén (57193012270)","57218461329; 57193012270","Changes in journalism and its impact on professional autonomy: evidence from The Worlds of Journalism study in seven Latin American countries; Mudanças no jornalismo e seu impacto na autonomia profissional: evidência do estudo The Worlds of Journalism em sete países da América Latina; Cambios en el periodismo y su impacto en la autonomía profesional: evidencia del estudio The Worlds of Journalism en siete países de América Latina","2023","Cuadernos.info","","54","","318","340","0","7","10.7764/cdi.54.54055","https://www.scopus.com/inward/record.uri?eid=2-s2.0-85150307832&doi=10.7764%2Fcdi.54.54055&partnerID=40&md5=30d413ac7bc276b935c97d5f715b5f18","Article","Final","All Open Access; Gold Open Access","Scopus","2-s2.0-85150307832"
"Liu, K.-S.; Muda, I.; Lin, M.-H.; Dwijendra, N.K.A.; Caballero, G.C.; Alviz-Meza, A.; Cárdenas Escorcia, Y.","Liu, Kuangsheng (36663711200); Muda, Iskandar (57219085312); Lin, Minghung (57973493300); Dwijendra, Ngakan Ketut Acwin (57215546911); Caballero, Gaylord Carrillo (58124981500); Alviz-Meza, Anibal (57220922265); Cárdenas Escorcia, Yulineth (57194679418)","36663711200; 57219085312; 57973493300; 57215546911; 58124981500; 57220922265; 57194679418","An Application of Machine Learning to Estimate and Evaluate the Energy Consumption in an Office Room","2023","Sustainability (Switzerland)","15","2","1728","","","0","1","10.3390/su15021728","https://www.scopus.com/inward/record.uri?eid=2-s2.0-85149225313&doi=10.3390%2Fsu15021728&partnerID=40&md5=e6a276b4c3733f81d8436d4c2fbcad36","Article","Final","All Open Access; Gold Open Access; Green Accepted Open Access; Green Final Open Access; Green Open Access","Scopus","2-s2.0-85149225313"
"Medina-Hernández, E.J.M.; Guzmán-Aguilar, D.S.; Muñiz-Olite, J.L.M.; Siado-Castañeda, L.R.","Medina-Hernández, Edith Johana (57354189300); Guzmán-Aguilar, Diana Sirley (57210259514); Muñiz-Olite, Jorge Luis (57758796500); Siado-Castañeda, Luis Ricardo (58097078800)","57354189300; 57210259514; 57758796500; 58097078800","The current status of the sustainable development goals in the world","2023","Development Studies Research","10","1","2163677","","","0","22","10.1080/21665095.2022.2163677","https://www.scopus.com/inward/record.uri?eid=2-s2.0-85147749265&doi=10.1080%2F21665095.2022.2163677&partnerID=40&md5=4e5b8bdef448a07a2fca38ea0b4d977c","Article","Final","All Open Access; Gold Open Access","Scopus","2-s2.0-85147749265"
"Barrera, E.S.; Ealo-Cuello, J.L.E.","Barrera, E. S. (57203306902); Ealo-Cuello, Joao L. (57221272540)","57203306902; 57221272540","Measuring material thickness changes through tri-aperture digital speckle pattern interferometry","2023","Optical Engineering","62","1","014108","","","0","5","10.1117/1.OE.62.1.014108","https://www.scopus.com/inward/record.uri?eid=2-s2.0-85147546328&doi=10.1117%2F1.OE.62.1.014108&partnerID=40&md5=96fc8b5a0a9ccd0ac7a79da017e9ac26","Article","Final","","Scopus","2-s2.0-85147546328"
"Lan, T.-W.; Tojeiro, R.; Armengaud, E.; Prochaska, J.X.; Davis, T.M.; Alexander, D.M.; Raichoor, A.; Zhou, R.; Yéche, C.; Balland, C.; BenZvi, S.; Berti, A.; Canning, R.; Carr, A.; Chittenden, H.; Cole, S.; Cousinou, M.-C.; Dawson, K.; Dey, B.; Douglass, K.; Edge, A.; Escoffier, S.; Glanville, A.; Gontcho A Gontcho, S.G.A.; Guy, J.; Hahn, C.; Howlett, C.; Hwang, H.S.; Jiang, L.; Kovács, A.; Mezcua, M.; Moore, S.; Nadathur, S.; Oh, M.; Parkinson, D.; Rocher, A.; Ross, A.J.; Ruhlmann-Kleider, V.; Sabiu, C.G.; Said, K.; Saulder, C.; Sierra-Porta, D.; Weiner, B.; Yu, J.; Zarrouk, P.; Zhang, Y.; Zou, H.; Ahlen, S.; Bailey, S.; Brooks, D.; Cooper, A.P.; De La Macorra, A.; Dey, A.; Dhungana, G.; Doel, P.; Eftekharzadeh, S.; Fanning, K.; Font-Ribera, A.; Garrison, L.; Gaztañaga, E.; Kehoe, R.; Kisner, T.; Kremin, A.; Landriau, M.; Le Guillou, L.; Levi, M.E.; Magneville, C.; Meisner, A.; Miquel, R.; Moustakas, J.; Myers, A.D.; Newman, J.A.; Nie, J.; Palanque-Delabrouille, N.; Percival, W.J.; Poppett, C.; Prada, F.; Schubnell, M.; Tarlè, G.; Weaver, B.A.; Zhang, K.; Zhou, Z.","Lan, Tingwen (57617079700); Tojeiro, Rita (25642198700); Armengaud, Éric (57027600300); Prochaska, Jason Xavier (7102777727); Davis, Timothy Maree E. (57005974500); Alexander, David M. (7402830539); Raichoor, Anand (37073369200); Zhou, Rongpu (57196087240); Yéche, Christophe (35228207600); Balland, Christophe (6603307317); BenZvi, Segev Y. (35277039200); Berti, Angela M. (57220604570); Canning, Rebecca E.A. (36127302600); Carr, Anthony (57218283290); Chittenden, Harry George (57386932300); Cole, Shaun M. (7401503506); Cousinou, Marie Claude (35227025800); Dawson, Kyle S. (14824427000); Dey, Biprateep (57201668842); Douglass, Kelly A. (57193015628); Edge, Alastair C. (7006400462); Escoffier, Stéphanie (6602348000); Glanville, Aaron (57188747646); Gontcho A Gontcho, Satya A. (56226292600); Guy, Julien (59622685100); Hahn, Changhoon (54385239000); Howlett, Cullan (55205036000); Hwang, Ho-seong (15131707100); Jiang, Linhua (14058258000); Kovács, András (57196642780); Mezcua, Mar (36844447300); Moore, Samuel G. (55451319500); Nadathur, Seshadri (42262265600); Oh, M. (59573984300); Parkinson, David R. (10641350800); Rocher, Antoine (57722772500); Ross, Ashley J. (15065832300); Ruhlmann-Kleider, Vanina (57034346500); Sabiu, Cristiano G. (24605443400); Said, Khaled (56511545300); Saulder, Christoph (55827605300); Sierra-Porta, D. (57191333650); Weiner, Benjamin J. (35504205300); Yu, Jiaxi (57311391300); Zarrouk, Pauline (57193869240); Zhang, Yucheng (57219768293); Zou, Hu (30567955700); Ahlen, S. P. (23099432500); Bailey, Stephen J. (55798374900); Brooks, David D. (7403482947); Cooper, Andrew P. (36348283600); De La Macorra, Axel (6603723455); Dey, Arjun T. (7101701707); Dhungana, Govinda (57208978328); Doel, Peter (6506833394); Eftekharzadeh, Sarah (36600178400); Fanning, Kevin (57203897412); Font-Ribera, Andreu A. (27267690300); Garrison, Lehman H. (57191277602); Gaztañaga, E. (55944081300); Kehoe, Robert L. (56978792600); Kisner, Theodore S. (6506052811); Kremin, Anthony (55794310600); Landriau, Martin (6506365775); Le Guillou, Laurent (7801518927); Levi, Michael E. (8071936800); Magneville, Christophe (7003800535); Meisner, Aaron M. (35737597900); Miquel, Ramon (55107853700); Moustakas, John M. (35227806900); Myers, Adam D. (35503787800); Newman, Jeffrey Allen (35732193000); Nie, Jundan (56153186900); Palanque-Delabrouille, Nathalie (6701806568); Percival, Will J. (7003604949); Poppett, Claire L. (17346860800); Prada, Francisco (56259813600); Schubnell, Michael S. (7004138504); Tarlè, Gregory G. (55977053700); Weaver, Benjamina Alan (57219533649); Zhang, Kai (59633543500); Zhou, Zhimin (55728181300)","57617079700; 25642198700; 57027600300; 7102777727; 57005974500; 7402830539; 37073369200; 57196087240; 35228207600; 6603307317; 35277039200; 57220604570; 36127302600; 57218283290; 57386932300; 7401503506; 35227025800; 14824427000; 57201668842; 57193015628; 7006400462; 6602348000; 57188747646; 56226292600; 59622685100; 54385239000; 55205036000; 15131707100; 14058258000; 57196642780; 36844447300; 55451319500; 42262265600; 59573984300; 10641350800; 57722772500; 15065832300; 57034346500; 24605443400; 56511545300; 55827605300; 57191333650; 35504205300; 57311391300; 57193869240; 57219768293; 30567955700; 23099432500; 55798374900; 7403482947; 36348283600; 6603723455; 7101701707; 57208978328; 6506833394; 36600178400; 57203897412; 27267690300; 57191277602; 55944081300; 56978792600; 6506052811; 55794310600; 6506365775; 7801518927; 8071936800; 7003800535; 35737597900; 55107853700; 35227806900; 35503787800; 35732193000; 56153186900; 6701806568; 7003604949; 17346860800; 56259813600; 7004138504; 55977053700; 57219533649; 59633543500; 55728181300","The DESI Survey Validation: Results from Visual Inspection of Bright Galaxies, Luminous Red Galaxies, and Emission-line Galaxies","2023","Astrophysical Journal","943","1","68","","","0","60","10.3847/1538-4357/aca5fa","https://www.scopus.com/inward/record.uri?eid=2-s2.0-85147168873&doi=10.3847%2F1538-4357%2Faca5fa&partnerID=40&md5=cb2fb5827b48b331e2a7084b681d0c4d","Article","Final","All Open Access; Gold Open Access; Green Accepted Open Access; Green Open Access","Scopus","2-s2.0-85147168873"
"Alvis-Arrieta, J.; Arellano-Cartagena, W.; Muñiz-Olite, J.L.M.","Alvis-Arrieta, Jorge (58068307100); Arellano-Cartagena, William (58068069000); Muñiz-Olite, Jorge Luis (57758796500)","58068307100; 58068069000; 57758796500","Learning Styles, Gender and Academic Performance in Students in the Fundamentals of Economics Course; Estilos de aprendizagem, gênero e desempenho acadêmico em estudantes do curso de Fundamentos de Economia; Estilos de aprendizaje, género y rendimiento académico en estudiantes del curso Fundamentos de Economía","2023","Revista Electronica Educare","27","1","","","","0","4","10.15359/ree.27-1.13905","https://www.scopus.com/inward/record.uri?eid=2-s2.0-85146395362&doi=10.15359%2Free.27-1.13905&partnerID=40&md5=13d333f1187ba19b4a0ce327b8ecfd7d","Article","Final","All Open Access; Gold Open Access; Green Accepted Open Access; Green Open Access","Scopus","2-s2.0-85146395362"
"Arrieta-Flórez, R.; Marún-Uparela, K.; Torres-Pacheco, S.","Arrieta-Flórez, Rosaura (57257353100); Marún-Uparela, Katleen (57222278899); Torres-Pacheco, Silvana (58068077900)","57257353100; 57222278899; 58068077900","Challenges and Possibilities of Memory and Reconciliation: Empirical Evidence for Colombia; Desafios e possibilidades da memória e da reconciliação: evidência empírica para a Colômbia; Desafíos y posibilidades de la memoria y la reconciliación: evidencia empírica para Colombia","2023","Revista de Estudios Sociales","2023","83","","141","163","0","6","10.7440/res83.2023.08","https://www.scopus.com/inward/record.uri?eid=2-s2.0-85146391481&doi=10.7440%2Fres83.2023.08&partnerID=40&md5=8014f307914ca69ed9f314cebb8f68c9","Article","Final","All Open Access; Gold Open Access","Scopus","2-s2.0-85146391481"
"Camargo, L.; Comas, D.; Cárdenas Escorcia, Y.; Alviz-Meza, A.; Carrillo Caballero, G.E.; Portnoy, I.","Camargo, Luis (58044898100); Comas, Daniel (58044898200); Cárdenas Escorcia, Yulineth (57194679418); Alviz-Meza, Anibal (57220922265); Carrillo Caballero, Gaylord Enrique (57193171659); Portnoy, Ivan D. (57163454400)","58044898100; 58044898200; 57194679418; 57220922265; 57193171659; 57163454400","Bibliometric Analysis of Global Trends around Hydrogen Production Based on the Scopus Database in the Period 2011–2021","2023","Energies","16","1","87","","","0","13","10.3390/en16010087","https://www.scopus.com/inward/record.uri?eid=2-s2.0-85145774075&doi=10.3390%2Fen16010087&partnerID=40&md5=9950d0d9816a497d82c71837547478eb","Review","Final","All Open Access; Gold Open Access; Green Accepted Open Access; Green Final Open Access; Green Open Access","Scopus","2-s2.0-85145774075"
"Sierra, J.; Pineda, J.; Rueda, D.; Tello, A.; Prada, A.M.; Galvis-Ramírez, V.; Volpe, G.; Millán, M.S.; Romero, L.A.; Marrugo, A.G.","Sierra, Juan S. (57209048746); Pineda, Jesus (57192270016); Rueda, Daniela (57219409010); Tello, Alejandro (6603664598); Prada, Angélica María (55767855400); Galvis-Ramírez, Virgilio (55963715000); Volpe, Giovanni (8374046000); Millán, María S. (7201466399); Romero, Lenny A. (36142156300); Marrugo, Andrés G. (24329839300)","57209048746; 57192270016; 57219409010; 6603664598; 55767855400; 55963715000; 8374046000; 7201466399; 36142156300; 24329839300","Corneal endothelium assessment in specular microscopy images with Fuchs’ dystrophy via deep regression of signed distance maps","2023","Biomedical Optics Express","14","1","","335","351","0","12","10.1364/BOE.477495","https://www.scopus.com/inward/record.uri?eid=2-s2.0-85144624105&doi=10.1364%2FBOE.477495&partnerID=40&md5=804737f116a0dae09a06606c22463d5c","Article","Final","All Open Access; Gold Open Access; Green Accepted Open Access; Green Final Open Access; Green Open Access","Scopus","2-s2.0-85144624105"
"Miranda-Castro, W.; Acevedo-Barrios, R.; Guerrero, M.; Guzmán, K.; de Gorostizaga, S.","Miranda-Castro, Wendy (57193857478); Acevedo-Barrios, R. L. (56674579200); Guerrero, Milton (57200615582); Guzmán, Katherine (57897910000); de Gorostizaga, Sayana (57896954100)","57193857478; 56674579200; 57200615582; 57897910000; 57896954100","Assessing Forest Cover Loss Using Landsat Images and GIS: A Case Study in Colombian Protected Area","2023","Journal of Sustainable Forestry","42","8","","831","847","0","5","10.1080/10549811.2022.2123356","https://www.scopus.com/inward/record.uri?eid=2-s2.0-85138386003&doi=10.1080%2F10549811.2022.2123356&partnerID=40&md5=bd992a037ad2e31daed388ac9172ff21","Article","Final","","Scopus","2-s2.0-85138386003"
"Sierra-Porta, D.","Sierra-Porta, D. (57191333650)","57191333650","On the fractal properties of cosmic rays and Sun dynamics cross-correlations","2022","Astrophysics and Space Science","367","12","116","","","0","11","10.1007/s10509-022-04151-5","https://www.scopus.com/inward/record.uri?eid=2-s2.0-85144379030&doi=10.1007%2Fs10509-022-04151-5&partnerID=40&md5=c6eceef2bf4f21b776ba8bc823a8fad2","Article","Final","All Open Access; Hybrid Gold Open Access","Scopus","2-s2.0-85144379030"
"Miranda-Castro, W.; Acevedo-Barrios, R.; Guerrero, M.","Miranda-Castro, Wendy (57193857478); Acevedo-Barrios, R. L. (56674579200); Guerrero, Milton (57200615582)","57193857478; 56674579200; 57200615582","Monitoring Conservation of Forest in Protected Areas using Remote Sensing Change Detection Approach: a Review","2022","Contemporary Problems of Ecology","15","6","","717","729","0","0","10.1134/S1995425522060154","https://www.scopus.com/inward/record.uri?eid=2-s2.0-85144174948&doi=10.1134%2FS1995425522060154&partnerID=40&md5=1d48ef5feb91c58f1f93b7bc8976ca34","Article","Final","","Scopus","2-s2.0-85144174948"
"Alzate-Grisales, J.A.; Mora-Rubio, A.; Arteaga-Arteaga, H.B.; Bravo-Ortíz, M.A.; Arias-Garzón, D.; López-Murillo, L.H.; Mercado-Ruiz, E.; Villa-Pulgarin, J.P.; Cardona-Morales, O.; Orozco-Arias, S.; Buitrago-Carmona, F.; Palancares-Sosa, M.J.; Martínez-Rodríguez, F.; Contreras-Ortiz, S.H.; Saborit-Torres, J.M.; Montell-Serrano, J.Á.; Ramirez-Sánchez, M.M.; Sierra-Gaber, M.A.; Jaramillo-Robledo, O.; de la Iglesia-Vayá, M.; Tabares-Soto, R.","Alzate-Grisales, Jesus Alejandro (57221930890); Mora-Rubio, Alejandro (57223187035); Arteaga-Arteaga, Harold Brayan (57221924643); Bravo-Ortíz, Mario Alejandro (57223196904); Arias-Garzón, Daniel (57223187698); López-Murillo, Luis Humberto (57258951000); Mercado-Ruiz, Esteban (57279999400); Villa-Pulgarin, Juan Pablo (57278917600); Cardona-Morales, Oscar (55834413900); Orozco-Arias, Simon (57195565992); Buitrago-Carmona, Felipe (57767361000); Palancares-Sosa, Maria Jose (57996071600); Martínez-Rodríguez, Fernanda (57996375400); Contreras-Ortiz, Sonia H. (57210822856); Saborit-Torres, Jose Manuel (57221325192); Montell-Serrano, Joaquim Angel (57221324636); Ramirez-Sánchez, María Mónica (57996226100); Sierra-Gaber, Mario Alfonso (57996071700); Jaramillo-Robledo, Oscar (57996226200); de la Iglesia-Vayá, María (34975243400); Tabares-Soto, Reinel (57195566545)","57221930890; 57223187035; 57221924643; 57223196904; 57223187698; 57258951000; 57279999400; 57278917600; 55834413900; 57195565992; 57767361000; 57996071600; 57996375400; 57210822856; 57221325192; 57221324636; 57996226100; 57996071700; 57996226200; 34975243400; 57195566545","Cov-caldas: A new COVID-19 chest X-Ray dataset from state of Caldas-Colombia","2022","Scientific Data","9","1","757","","","0","4","10.1038/s41597-022-01576-z","https://www.scopus.com/inward/record.uri?eid=2-s2.0-85143511044&doi=10.1038%2Fs41597-022-01576-z&partnerID=40&md5=c787df5cf20d1f69452a0f3b23c7edf4","Data paper","Final","All Open Access; Gold Open Access; Green Final Open Access; Green Open Access","Scopus","2-s2.0-85143511044"
"Vergel-Tovar, C.E.; Leape, J.; Villegas Carrasquilla, M.; Peñas Arana, M.C.; Toro-González, D.; Canon-Rubiano, L.; Salas Barón, E.; Martinez, P.","Vergel-Tovar, Erik (57191429646); Leape, Jonathan (57221557269); Villegas Carrasquilla, Mónica (57985457900); Peñas Arana, Maria Claudia (57984742800); Toro-González, Daniel (56380539800); Canon-Rubiano, Leonardo (57985102000); Salas Barón, Eliana (57985275600); Martinez, Paulo (57984570100)","57191429646; 57221557269; 57985457900; 57984742800; 56380539800; 57985102000; 57985275600; 57984570100","Mapping the transit network of greater Cartagena with mobile phones: Coverage, accessibility, and informality","2022","Journal of Transport Geography","105","","103484","","","0","3","10.1016/j.jtrangeo.2022.103484","https://www.scopus.com/inward/record.uri?eid=2-s2.0-85142840513&doi=10.1016%2Fj.jtrangeo.2022.103484&partnerID=40&md5=835faba2521bfc860da7e6455df488e8","Article","Final","","Scopus","2-s2.0-85142840513"
"Sierra-Porta, D.; Dominguez-Monterrosa, A.","Sierra-Porta, D. (57191333650); Dominguez-Monterrosa, Andy Rafael (57200983451)","57191333650; 57200983451","Linking cosmic ray intensities to cutoff rigidity through multifractal detrented fluctuation analysis","2022","Physica A: Statistical Mechanics and its Applications","607","","128159","","","0","10","10.1016/j.physa.2022.128159","https://www.scopus.com/inward/record.uri?eid=2-s2.0-85138073424&doi=10.1016%2Fj.physa.2022.128159&partnerID=40&md5=368a3c1466fed64f500b7ee9f868c83e","Article","Final","","Scopus","2-s2.0-85138073424"
"Rubiano-Labrador, C.; de Avila, L.B.; Doria Posada, D.; Acevedo-Barrios, R.","Rubiano-Labrador, Carolina (55649334800); de Avila, Ludys Baena (57833117100); Doria Posada, Dayana (57832921900); Acevedo-Barrios, R. L. (56674579200)","55649334800; 57833117100; 57832921900; 56674579200","Concentrations of Airborne Cultivable Fungi at a Higher Education Institution in Cartagena de Indias, Colombian Caribbean","2022","Aerosol Science and Engineering","6","4","","381","390","0","6","10.1007/s41810-022-00151-8","https://www.scopus.com/inward/record.uri?eid=2-s2.0-85135517239&doi=10.1007%2Fs41810-022-00151-8&partnerID=40&md5=f7f5ec7cc43330cc30d895be1c4b43de","Article","Final","","Scopus","2-s2.0-85135517239"
"Cárdenas Escorcia, Y.; Carrillo, G.; Alviz-Meza, A.; Alvíz, A.; Portnoy, I.; Fajardo Cuadro, J.G.; Ocampo Batlle, E.A.O.; Da-Costa, E.","Cárdenas Escorcia, Yulineth (57194679418); Carrillo, Gaylord E. (59157979000); Alviz-Meza, Anibal (57220922265); Alvíz, Antistio Aníbal (55859848400); Portnoy, Ivan D. (57163454400); Fajardo Cuadro, Juan Gabriel (56581610900); Ocampo Batlle, Eric Alberto (57204692948); Da-Costa, Edson (57984012600)","57194679418; 59157979000; 57220922265; 55859848400; 57163454400; 56581610900; 57204692948; 57984012600","APPLICATION OF A PCA-BASED FAULT DETECTION AND DIAGNOSIS METHOD IN A POWER GENERATION SYSTEM WITH A 2 MW NATURAL GAS ENGINE","2022","EUREKA, Physics and Engineering","2022","6","","84","98","0","0","10.21303/2461-4262.2022.002701","https://www.scopus.com/inward/record.uri?eid=2-s2.0-85142746688&doi=10.21303%2F2461-4262.2022.002701&partnerID=40&md5=288ed3c4b744ed742a215f215d2c7159","Article","Final","All Open Access; Gold Open Access; Green Final Open Access; Green Open Access","Scopus","2-s2.0-85142746688"
"Carrillo Caballero, G.E.; Cárdenas Escorcia, Y.; Mendoza Castellanos, L.S.; Galindo Noguera, A.L.; Venturini, O.J.; Silva Lora, E.E.; Gutierrez, E.I.; Alviz-Meza, A.","Carrillo Caballero, Gaylord Enrique (57193171659); Cárdenas Escorcia, Yulineth (57194679418); Mendoza Castellanos, Luis Sebastian (57193169160); Galindo Noguera, Ana Lisbeth (56002365900); Venturini, Osvaldo Jose (23092328600); Silva Lora, Electo Eduardo (35606579500); Gutierrez, Elkin I. (57195591098); Alviz-Meza, Anibal (57220922265)","57193171659; 57194679418; 57193169160; 56002365900; 23092328600; 35606579500; 57195591098; 57220922265","Thermal Analysis of a Parabolic Trough Collectors System Coupled to an Organic Rankine Cycle and a Two-Tank Thermal Storage System: Case Study of Itajubá-MG Brazil","2022","Energies","15","21","8261","","","0","5","10.3390/en15218261","https://www.scopus.com/inward/record.uri?eid=2-s2.0-85141885609&doi=10.3390%2Fen15218261&partnerID=40&md5=7db677bfa511ddd0ef63674bdc96ba7f","Article","Final","All Open Access; Gold Open Access; Green Final Open Access; Green Open Access","Scopus","2-s2.0-85141885609"
"Forero-Romero, J.E.; Sierra-Porta, D.","Forero-Romero, Jaime E. (18436401100); Sierra-Porta, D. (57191333650)","18436401100; 57191333650","On the Convergence of the Milky Way and M31 Kinematics from Cosmological Simulations","2022","Astrophysical Journal","939","1","16","","","0","2","10.3847/1538-4357/ac92ea","https://www.scopus.com/inward/record.uri?eid=2-s2.0-85141726957&doi=10.3847%2F1538-4357%2Fac92ea&partnerID=40&md5=56906f3053df1cd921d5979b2e1ffa82","Article","Final","All Open Access; Gold Open Access","Scopus","2-s2.0-85141726957"
"Tirado-Munõz, O.; Tirado-Ballestas, I.P.; Barbosa López, A.L.B.; Colina-Márquez, J.","Tirado-Munõz, Omar (58025517700); Tirado-Ballestas, Irina P. (55929356800); Barbosa López, Aida Liliana (57196666895); Colina-Márquez, José A. (23484999200)","58025517700; 55929356800; 57196666895; 23484999200","Heterogeneous Photocatalytic Pilot Plant for Cyanide Decontamination: A Novel Solar Rotary Photoreactor","2022","Journal of Solar Energy Engineering","144","5","051005","","","0","2","10.1115/1.4054030","https://www.scopus.com/inward/record.uri?eid=2-s2.0-85132971580&doi=10.1115%2F1.4054030&partnerID=40&md5=f1818794ad7cdcec169796af44d4ed3f","Article","Final","","Scopus","2-s2.0-85132971580"
"Castilla-Caballero, D.; Sadak, O.; Martínez-Díaz, J.; Martínez-Castro, V.; Colina-Márquez, J.; Machuca-Martínez, F.; Hernández-Ramírez, A.; Vazquez-Rodriguez, S.; Gunasekaran, S.","Castilla-Caballero, Deyler Rafael (57024211000); Sadak, Omer (57188997807); Martínez-Díaz, Jolaine (57753129800); Martínez-Castro, Valentina (57753440800); Colina-Márquez, José A. (23484999200); Machuca-Martínez, Fiderman (35488117500); Hernández-Ramírez, A. (57199644727); Vazquez-Rodriguez, Sofia (56000886200); Gunasekaran, Sundaram (7101998337)","57024211000; 57188997807; 57753129800; 57753440800; 23484999200; 35488117500; 57199644727; 56000886200; 7101998337","Solid-state photocatalysis for plastics abatement: A review","2022","Materials Science in Semiconductor Processing","149","","106890","","","0","23","10.1016/j.mssp.2022.106890","https://www.scopus.com/inward/record.uri?eid=2-s2.0-85132346875&doi=10.1016%2Fj.mssp.2022.106890&partnerID=40&md5=a22446fc1ec7ecdd8b276b244e051b03","Review","Final","","Scopus","2-s2.0-85132346875"
"Rodrigues, F.B.; Acevedo, J.M.","Rodrigues, Fagner B. (56949976800); Acevedo, Jeovanny Muentes (57350116000)","56949976800; 57350116000","Mean Dimension and Metric Mean Dimension for Non-autonomous Dynamical Systems","2022","Journal of Dynamical and Control Systems","28","4","","697","723","0","3","10.1007/s10883-021-09541-6","https://www.scopus.com/inward/record.uri?eid=2-s2.0-85103182434&doi=10.1007%2Fs10883-021-09541-6&partnerID=40&md5=e52932fdca3996c2677eaf94ff8c24ab","Article","Final","All Open Access; Gold Open Access; Green Accepted Open Access; Green Open Access","Scopus","2-s2.0-85103182434"
"Caicedo-Torres, W.; Gutierrez, J.","Caicedo-Torres, William (55782426500); Gutierrez, Jairo Alberto (7401653270)","55782426500; 7401653270","ISeeU2: Visually interpretable mortality prediction inside the ICU using deep learning and free-text medical notes","2022","Expert Systems with Applications","202","","117190","","","0","19","10.1016/j.eswa.2022.117190","https://www.scopus.com/inward/record.uri?eid=2-s2.0-85134534383&doi=10.1016%2Fj.eswa.2022.117190&partnerID=40&md5=a35837b0a6187bb86333b108fb6ea9a3","Article","Final","All Open Access; Gold Open Access","Scopus","2-s2.0-85134534383"
"Echeverri-Díaz, J.; Coronado-Hernández, O.E.; Gatica, G.; Linfati, R.; Méndez-Anillo, R.D.; Coronado-Hernandez, J.R.","Echeverri-Díaz, Jamilton (57905127800); Coronado-Hernández, Oscar E. (57193337460); Gatica, Gustavo (55621116300); Linfati, Rodrigo (55250033800); Méndez-Anillo, Rafael D. (57903699900); Coronado-Hernandez, Jairo R. (54383095000)","57905127800; 57193337460; 55621116300; 55250033800; 57903699900; 54383095000","Sensitivity of Empirical Equation Parameters for the Calculation of Time of Concentration in Urbanized Watersheds","2022","Water (Switzerland)","14","18","2847","","","0","1","10.3390/w14182847","https://www.scopus.com/inward/record.uri?eid=2-s2.0-85138734407&doi=10.3390%2Fw14182847&partnerID=40&md5=798b8715900bcd339faa97e1a34d405e","Article","Final","All Open Access; Gold Open Access; Green Final Open Access; Green Open Access","Scopus","2-s2.0-85138734407"
"Acevedo-Barrios, R.; Rubiano-Labrador, C.; Navarro-Narvaez, D.; Escobar-Galarza, J.; González, D.; Mira, S.; Moreno, D.; Contreras, A.; Miranda-Castro, W.","Acevedo-Barrios, R. L. (56674579200); Rubiano-Labrador, Carolina (55649334800); Navarro-Narvaez, Dhania (57833845000); Escobar-Galarza, Johana (57833782600); González, Diana (57833782700); Mira, Stephanie (57833717300); Moreno, Dayana (57833825100); Contreras, Aura (57833804200); Miranda-Castro, Wendy (57193857478)","56674579200; 55649334800; 57833845000; 57833782600; 57833782700; 57833717300; 57833825100; 57833804200; 57193857478","Perchlorate-reducing bacteria from Antarctic marine sediments","2022","Environmental Monitoring and Assessment","194","9","654","","","0","16","10.1007/s10661-022-10328-w","https://www.scopus.com/inward/record.uri?eid=2-s2.0-85135551719&doi=10.1007%2Fs10661-022-10328-w&partnerID=40&md5=c77adb1884f879d1b4d9af7346fdfd64","Article","Final","All Open Access; Gold Open Access","Scopus","2-s2.0-85135551719"
"de la Cruz Natera, A.; Cordero García, A.; Restrepo Betancourt, J.; Arias Tapia, M.J.; Vargas-Ceballos, O.","de la Cruz Natera, Alejandra (57783638300); Cordero García, Adriana (57782647800); Restrepo Betancourt, Juan (57782822100); Arias Tapia, Mary Judith (57219403758); Vargas-Ceballos, Oscar Andrés (58193769800)","57783638300; 57782647800; 57782822100; 57219403758; 58193769800","Polylactic acid effectively reinforced with reduced graphitic oxide","2022","Journal of Polymer Engineering","42","8","","736","743","0","2","10.1515/polyeng-2021-0363","https://www.scopus.com/inward/record.uri?eid=2-s2.0-85133496931&doi=10.1515%2Fpolyeng-2021-0363&partnerID=40&md5=5b387b147325ea80866b9565d830840c","Article","Final","","Scopus","2-s2.0-85133496931"
"Morales-Zamora, G.; Espinosa, O.; Puertas, E.; Fernández, J.C.; Hernández, J.; Zakzuk, V.; Cepeda Gil, M.; Alvis-Guzman, N.; Castaneda-Orjuela, C.; Paternina-Caicedo, A.","Morales-Zamora, Gilberto (57720458500); Espinosa, Oscar Andrés (57221418019); Puertas, Edwin (57202285682); Fernández, Juan Carlos (57198958051); Hernández, José (57719734600); Zakzuk, Verónica (57719590100); Cepeda Gil, Magda C. (57212389751); Alvis-Guzman, Nelson Rafael (57210741239); Castaneda-Orjuela, Carlos A. (35769124700); Paternina-Caicedo, Angel (35769665400)","57720458500; 57221418019; 57202285682; 57198958051; 57719734600; 57719590100; 57212389751; 57210741239; 35769124700; 35769665400","Cost-Effectiveness Analysis of Strategies of COVID-19 Vaccination in Colombia: Comparison of High-Risk Prioritization and No Prioritization Strategies With the Absence of a Vaccination Plan","2022","Value in Health Regional Issues","31","","","101","110","0","16","10.1016/j.vhri.2022.04.004","https://www.scopus.com/inward/record.uri?eid=2-s2.0-85131077038&doi=10.1016%2Fj.vhri.2022.04.004&partnerID=40&md5=beab9d2c0519b83fcdd7b3b8d6ee27fc","Article","Final","All Open Access; Gold Open Access; Green Accepted Open Access; Green Open Access","Scopus","2-s2.0-85131077038"
"Morales-Aragones, J.I.; Williams, M.S.M.; Alonso-Gómez, V.A.; Gallardo-Saavedra, S.; Redondo-Plaza, A.; Fernández-Martínez, D.; Sánchez-Pacheco, F.J.; Fajardo Cuadro, J.G.; Hernández-Callejo, L.","Morales-Aragones, José Ignacio (57214220071); Williams, Matthew St Michael (57858110200); Alonso-Gómez, Victor (36117795800); Gallardo-Saavedra, Sara (57202389724); Redondo-Plaza, Alberto (57222247649); Fernández-Martínez, Diego (57783819000); Sánchez-Pacheco, Francisco José (36519534300); Fajardo Cuadro, Juan Gabriel (56581610900); Hernández-Callejo, Luis (57203112514)","57214220071; 57858110200; 36117795800; 57202389724; 57222247649; 57783819000; 36519534300; 56581610900; 57203112514","A Resonant Ring Topology Approach to Power Line Communication Systems within Photovoltaic Plants","2022","Applied Sciences (Switzerland)","12","16","7973","","","0","3","10.3390/app12167973","https://www.scopus.com/inward/record.uri?eid=2-s2.0-85136601642&doi=10.3390%2Fapp12167973&partnerID=40&md5=681e596a01382356334e6796df9a87e7","Article","Final","All Open Access; Gold Open Access; Green Accepted Open Access; Green Open Access","Scopus","2-s2.0-85136601642"
"Ospina-Mateus, H.; Garcia, S.B.; Quintana-Jiménez, L.; Salas-Navarro, K.","Ospina-Mateus, Holman (57194034904); Garcia, Shyrle Berrio (57814568500); Quintana-Jiménez, Leonardo Augusto (57195939566); Salas-Navarro, Katherinne (57193504630)","57194034904; 57814568500; 57195939566; 57193504630","Dataset of traffic accidents in motorcyclists in Bogotá, Colombia","2022","Data in Brief","43","","108461","","","0","5","10.1016/j.dib.2022.108461","https://www.scopus.com/inward/record.uri?eid=2-s2.0-85134661745&doi=10.1016%2Fj.dib.2022.108461&partnerID=40&md5=702e594e1582706f48939714e3daa30b","Data paper","Final","All Open Access; Gold Open Access; Green Accepted Open Access; Green Open Access","Scopus","2-s2.0-85134661745"
"Kotas, M.P.; Piela, M.; Contreras-Ortiz, S.H.","Kotas, Marian P. (55985160800); Piela, Michał (57202468264); Contreras-Ortiz, Sonia H. (57210822856)","55985160800; 57202468264; 57210822856","Modified Spatio-Temporal Matched Filtering for Brain Responses Classification","2022","IEEE Transactions on Human-Machine Systems","52","4","","677","686","0","7","10.1109/THMS.2022.3168421","https://www.scopus.com/inward/record.uri?eid=2-s2.0-85132521102&doi=10.1109%2FTHMS.2022.3168421&partnerID=40&md5=f509faffc33bf7c1f64fd45b646cdd95","Article","Final","All Open Access; Gold Open Access","Scopus","2-s2.0-85132521102"
"Marrugo, A.G.","Marrugo, Andrés G. (24329839300)","24329839300","Recent Developments","2022","Transactions on Energy Systems and Engineering Applications","3","2","493","","","0","0","10.32397/tesea.vol3.n2.493","https://www.scopus.com/inward/record.uri?eid=2-s2.0-85159726239&doi=10.32397%2Ftesea.vol3.n2.493&partnerID=40&md5=4e9e5b7227ca49afaf58efee98ae3046","Editorial","Final","All Open Access; Gold Open Access","Scopus","2-s2.0-85159726239"
"Ariza-León, E.; Ortiz Riaño, D.S.; Rodríguez Turizo, G.; Cabrera Tovar, J.","Ariza-León, Emiliano (59158202000); Ortiz Riaño, Daniel Sebastián (58069318800); Rodríguez Turizo, Geovanni (58069795300); Cabrera Tovar, Jairo Humberto (57193252278)","59158202000; 58069318800; 58069795300; 57193252278","Design of Multilateral Wells for the Conditions of Guajira Offshore Basin in the Colombian Caribbean Sea; Diseño de pozos multilaterales para las condiciones de la Cuenca costa afuera de la Guajira en el Caribe Colombiano","2022","Fuentes el Reventon Energetico","20","2","","103","118","0","0","10.18273/revfue.v20n2-2022009","https://www.scopus.com/inward/record.uri?eid=2-s2.0-85146443208&doi=10.18273%2Frevfue.v20n2-2022009&partnerID=40&md5=86e1176b497219ed280ca8409b77006d","Article","Final","All Open Access; Gold Open Access","Scopus","2-s2.0-85146443208"
"Vázquez-Miraz, P.; Sampayo, L.","Vázquez-Miraz, Pedro (57196040759); Sampayo, Luis C. (57215557860)","57196040759; 57215557860","The (Sexist and Racist) Image of Isabel Preysler in the Spanish Media Coverage of Her Romantic Relationships","2022","Humanities Diliman","19","2","","133","148","0","0","","https://www.scopus.com/inward/record.uri?eid=2-s2.0-85145209671&partnerID=40&md5=6aebdba0eb4f14f3af92405e75f251c7","Article","Final","","Scopus","2-s2.0-85145209671"
"Millán, M.S.; Marrugo, A.G.","Millán, María S. (7201466399); Marrugo, Andrés G. (24329839300)","7201466399; 24329839300","Editorial to the Special Issue on “Ocular Imaging for Eye Care”","2022","Photonics","9","7","475","","","0","0","10.3390/photonics9070475","https://www.scopus.com/inward/record.uri?eid=2-s2.0-85136219793&doi=10.3390%2Fphotonics9070475&partnerID=40&md5=1b2e661ab6274caff85f7924c15d5e1b","Editorial","Final","All Open Access; Gold Open Access; Green Accepted Open Access; Green Open Access","Scopus","2-s2.0-85136219793"
"Vázquez-Miraz, P.; León, J.D.; áLvarez-MerLano, N.Á.","Vázquez-Miraz, Pedro (57196040759); León, Juan Danie L. (57844056700); áLvarez-MerLano, Nico Lás (57845086200)","57196040759; 57844056700; 57845086200","Religion as a coping stRategy in univeRsity students. a theoRetical Review; La reLigión como estrategia de afrontamiento en Los estudiantes universitarios. una revisión teórica","2022","Carthaginensia","38","74","","449","466","0","0","","https://www.scopus.com/inward/record.uri?eid=2-s2.0-85135891799&partnerID=40&md5=3bee7c8ef203699b61f63694702f29b2","Article","Final","","Scopus","2-s2.0-85135891799"
"Mercado Vega, A.J.","Mercado Vega, Armando José (57824284000)","57824284000","Low-intensity Politicide: Territorialized Extermination of the Partido Revolucionario de los Trabajadores (PRT) in the Colombian Caribbean, 1991-2005; Politicídio de baixa intensidade: extermínio territorializado do Partido Revolucionário dos Trabalhadores (PRT) no Caribe colombiano, 1991-2005; Politicidio de baja intensidad: exterminio territorializado del Partido Revolucionario de los Trabajadores (PRT) en el Caribe colombiano, 1991-2005","2022","Colombia Internacional","","111","","135","170","0","3","10.7440/COLOMBIAINT111.2022.06","https://www.scopus.com/inward/record.uri?eid=2-s2.0-85135139139&doi=10.7440%2FCOLOMBIAINT111.2022.06&partnerID=40&md5=a73cf3577e7d472aee47a6a4c3733758","Article","Final","All Open Access; Gold Open Access; Green Accepted Open Access; Green Open Access","Scopus","2-s2.0-85135139139"
"Medina-Hernández, E.J.M.; Muñiz-Olite, J.L.M.; Guzmán-Aguilar, D.S.; Holguín-Higuita, A.","Medina-Hernández, Edith Johana (57354189300); Muñiz-Olite, Jorge Luis (57758796500); Guzmán-Aguilar, Diana Sirley (57210259514); Holguín-Higuita, Amparo (57759278900)","57354189300; 57758796500; 57210259514; 57759278900","Resources and strategies for teaching statistics and data analytics in higher education; Recursos y estrategias para la enseñanza de la estadística y la analítica de datos en la educación superior","2022","Formacion Universitaria","15","3","","61","68","0","4","10.4067/S0718-50062022000300061","https://www.scopus.com/inward/record.uri?eid=2-s2.0-85132506206&doi=10.4067%2FS0718-50062022000300061&partnerID=40&md5=7b17f668d3e2d886a0481968a8f7a109","Article","Final","All Open Access; Hybrid Gold Open Access","Scopus","2-s2.0-85132506206"
"Pérez-Morón, J.; Cantillo-Orozco, A.S.","Pérez-Morón, James (57322375300); Cantillo-Orozco, Ana Susana (59454824700)","57322375300; 59454824700","The applications of Industry 4.0 (I4.0) technologies in the palm oil industry in Colombia (Latin America)","2022","","","","","109","142","0","1","10.1002/9781119823469.ch5","https://www.scopus.com/inward/record.uri?eid=2-s2.0-85148969617&doi=10.1002%2F9781119823469.ch5&partnerID=40&md5=d31f7ced6d14ac361b6ac127647842a8","Book chapter","Final","","Scopus","2-s2.0-85148969617"
"Medina-Hernández, E.J.M.; Barco-Llerena, E.; Villalba-Acevedo, J.-L.","Medina-Hernández, Edith Johana (57354189300); Barco-Llerena, Evelin (57954173000); Villalba-Acevedo, Jorge Luis (57918628600)","57354189300; 57954173000; 57918628600","COVID-19 Preparedness and Response by Global South and Global North Countries: A Comparative Analysis; Preparação e reação dos países globais do sul e do norte contra a COVID-19: uma análise comparativa; Preparación y reacción de los países del sur y norte global frente al COVID-19: un análisis comparado","2022","HiSTOReLo","14","30","","251","292","0","2","10.15446/historelo.v14n30.94006","https://www.scopus.com/inward/record.uri?eid=2-s2.0-85141243051&doi=10.15446%2Fhistorelo.v14n30.94006&partnerID=40&md5=f92f08b1c48ede95ed57609cc8a7dd20","Article","Final","All Open Access; Gold Open Access","Scopus","2-s2.0-85141243051"
"Salas-Navarro, K.; Serrano-Pájaro, P.; Ospina-Mateus, H.; Zamora-Musa, R.","Salas-Navarro, Katherinne (57193504630); Serrano-Pájaro, Paula (57711357300); Ospina-Mateus, Holman (57194034904); Zamora-Musa, Ronald (57192389508)","57193504630; 57711357300; 57194034904; 57192389508","Inventory Models in a Sustainable Supply Chain: A Bibliometric Analysis","2022","Sustainability (Switzerland)","14","10","6003","","","0","16","10.3390/su14106003","https://www.scopus.com/inward/record.uri?eid=2-s2.0-85130757258&doi=10.3390%2Fsu14106003&partnerID=40&md5=c74df6e6e45b2409112ea8c7b5bf9c89","Article","Final","All Open Access; Gold Open Access; Green Final Open Access; Green Open Access","Scopus","2-s2.0-85130757258"
"Rivillas-Ospina, G.; Casas, D.; Maza-Chamorro, M.A.; Bolívar, M.; Ruiz-Martinez, G.; Guerrero, R.; Horrillo-Caraballo, J.M.; Guerrero, M.; Díaz-Martínez, K.; Rio, R.D.; Campos, E.","Rivillas-Ospina, Germán Daniel (57193621526); Casas, Diego A. (57217028107); Maza-Chamorro, Mauro Antonio (55872162200); Bolívar, Marianella (57214259358); Ruiz-Martinez, Gabriel (57188985692); Guerrero, Roberto (57486978300); Horrillo-Caraballo, José M. (22937834800); Guerrero, Milton (57200615582); Díaz-Martínez, Karina S. (56711038800); Rio, Roberto Del (57486641300); Campos, Erick (57486978400)","57193621526; 57217028107; 55872162200; 57214259358; 57188985692; 57486978300; 22937834800; 57200615582; 56711038800; 57486641300; 57486978400","APPMAR 1.0: A Python application for downloading and analyzing of WAVEWATCH III® wave and wind data","2022","Computers and Geosciences","162","","105098","","","0","9","10.1016/j.cageo.2022.105098","https://www.scopus.com/inward/record.uri?eid=2-s2.0-85126290347&doi=10.1016%2Fj.cageo.2022.105098&partnerID=40&md5=25634fb259f37e3a8b17dd68780deeab","Article","Final","All Open Access; Gold Open Access; Green Accepted Open Access; Green Open Access","Scopus","2-s2.0-85126290347"
"Araujo-Martínez, D.; Segrera-Castilla, M.; Jiménez-Castilla, T.","Araujo-Martínez, Dalel (57655769900); Segrera-Castilla, Michael (57220069921); Jiménez-Castilla, Tania I. (57204842254)","57655769900; 57220069921; 57204842254","Labour Informality in Colombia's 13 Cities and Metropolitan Areas between 2019-2020; Informalidad laboral en 13 ciudades y áreas metropolitanas de Colombia (2019-2020)","2022","Revista de Economia Mundial","2022","60","","245","265","0","2","10.33776/rem.v0i60.5532","https://www.scopus.com/inward/record.uri?eid=2-s2.0-85129092120&doi=10.33776%2Frem.v0i60.5532&partnerID=40&md5=7b45779a585d64c67da6167658a29e46","Article","Final","All Open Access; Gold Open Access; Green Accepted Open Access; Green Open Access","Scopus","2-s2.0-85129092120"
"Salgado-Cassiani, J.J.; Coronado-Hernández, O.E.; Gatica, G.; Linfati, R.; Coronado-Hernandez, J.R.","Salgado-Cassiani, Julio Jose (57640038500); Coronado-Hernández, Oscar E. (57193337460); Gatica, Gustavo (55621116300); Linfati, Rodrigo (55250033800); Coronado-Hernandez, Jairo R. (54383095000)","57640038500; 57193337460; 55621116300; 55250033800; 54383095000","Probabilistic Approach to Determine the Spatial Distribution of the Antecedent Moisture Conditions for Different Return Periods in the Atlántico Region, Colombia","2022","Water (Switzerland)","14","8","1217","","","0","0","10.3390/w14081217","https://www.scopus.com/inward/record.uri?eid=2-s2.0-85128803680&doi=10.3390%2Fw14081217&partnerID=40&md5=f52574fa123015c2f1a3fe5e176b2a18","Article","Final","All Open Access; Gold Open Access; Green Accepted Open Access; Green Open Access","Scopus","2-s2.0-85128803680"
"Sajona, J.; Velilla-Díaz, W.; Fábregas Villegas, J.; Palencia Díaz, A.","Sajona, Jefferson (57552245500); Velilla-Díaz, Wilmer (57208803496); Fábregas Villegas, Jonathan (57353034200); Palencia Díaz, Argemiro (56801043600)","57552245500; 57208803496; 57353034200; 56801043600","FUZZY GAIN SCHEDULING: COMPARISON OF THE CONTROL STRATEGY","2022","Journal of Engineering Science and Technology","17","2","","1356","1368","0","4","","https://www.scopus.com/inward/record.uri?eid=2-s2.0-85127201999&partnerID=40&md5=9dedb87546ce45fcff53dcf2a2e483e2","Article","Final","","Scopus","2-s2.0-85127201999"
"Pagnola, M.R.; Barceló, F.; Useche, J.","Pagnola, Marcelo R. (14012202200); Barceló, Francisco (58823144600); Useche, J. F. (24537991200)","14012202200; 58823144600; 24537991200","Crack Formation in Chill Block Melt Spinning Solidification Process: A Comparative Analysis Using OpenFOAM®","2022","JOM","74","4","","1477","1484","0","0","10.1007/s11837-021-05105-y","https://www.scopus.com/inward/record.uri?eid=2-s2.0-85122751039&doi=10.1007%2Fs11837-021-05105-y&partnerID=40&md5=42cb0d023446824fd68a6153dd6abbde","Article","Final","All Open Access; Gold Open Access","Scopus","2-s2.0-85122751039"
"de León-Barrios, R.; Penã-Rodríguez, J.; Sanabria-Gómez, J.D.; Vásquez-Ramírez, A.; Calderón-Ardila, R.; Sarmiento-Cano, C.; Vesga-Ramírez, A.; Sierra-Porta, D.; Suárez-Durán, M.; Asorey, H.; Núñez, L.A.","de León-Barrios, R. (57353588200); Penã-Rodríguez, Jésus (57110339100); Sanabria-Gómez, José David (57223208380); Vásquez-Ramírez, Adriana (57204527427); Calderón-Ardila, R. (57217101274); Sarmiento-Cano, C. Camilo (57110452900); Vesga-Ramírez, Alejandra (57219527685); Sierra-Porta, D. (57191333650); Suárez-Durán, Mauricio (53863979400); Asorey, Hernan G. (35276880300); Núñez, L. A. (7102162793)","57353588200; 57110339100; 57223208380; 57204527427; 57217101274; 57110452900; 57219527685; 57191333650; 53863979400; 35276880300; 7102162793","Muography for the Colombian Volcanoes","2022","Proceedings of Science","395","","280","","","0","0","","https://www.scopus.com/inward/record.uri?eid=2-s2.0-85143782279&partnerID=40&md5=d3677a8ed896834085da070a4db1f207","Conference paper","Final","","Scopus","2-s2.0-85143782279"
"Castro-Vargas, A.; Gill, S.; Paul, S.","Castro-Vargas, Adriana (58499438500); Gill, Simon P.A. (7202283837); Paul, Shiladitya (57206640428)","58499438500; 7202283837; 57206640428","Effect of Corrosion Products and Deposits on the Damage Tolerance of TSA-Coated Steel in Artificial Seawater","2022","Surfaces","5","1","","113","126","0","4","10.3390/surfaces5010005","https://www.scopus.com/inward/record.uri?eid=2-s2.0-85137328949&doi=10.3390%2Fsurfaces5010005&partnerID=40&md5=a0009637ce529ba50b8101fd1d3d2080","Article","Final","All Open Access; Gold Open Access; Green Final Open Access; Green Open Access","Scopus","2-s2.0-85137328949"
"Aguirre-Mendoza, A.M.; Paternina-Verona, D.A.; Oyuela, S.; Coronado-Hernández, O.E.; Besharat, M.; Fuertes-Miquel, V.S.; Iglesias-Rey, P.L.; M Ramos, H.M.","Aguirre-Mendoza, Andrés Miguel (57195569554); Paternina-Verona, Duban A. (57327599900); Oyuela, Sebastian (57327599800); Coronado-Hernández, Oscar E. (57193337460); Besharat, Mohsen (57205420202); Fuertes-Miquel, Vicente S. (6507312882); Iglesias-Rey, Pedro L. (15220062200); M Ramos, Helena Margarida (35568240000)","57195569554; 57327599900; 57327599800; 57193337460; 57205420202; 6507312882; 15220062200; 35568240000","Effects of Orifice Sizes for Uncontrolled Filling Processes in Water Pipelines","2022","Water (Switzerland)","14","6","888","","","0","16","10.3390/w14060888","https://www.scopus.com/inward/record.uri?eid=2-s2.0-85126973326&doi=10.3390%2Fw14060888&partnerID=40&md5=b7d67125c90b59b922c96d55d010914f","Article","Final","All Open Access; Gold Open Access; Green Accepted Open Access; Green Open Access","Scopus","2-s2.0-85126973326"
"Narváez, A.; Useche, J.","Narváez, Alexander J. (57224404584); Useche, J. F. (24537991200)","57224404584; 24537991200","A new radial basis integration method applied to the boundary element analysis of 2D scalar wave equations","2022","Engineering Analysis with Boundary Elements","136","","","77","92","0","6","10.1016/j.enganabound.2021.12.005","https://www.scopus.com/inward/record.uri?eid=2-s2.0-85122623179&doi=10.1016%2Fj.enganabound.2021.12.005&partnerID=40&md5=b34df7a490c3d436158286ff27e53f8d","Article","Final","","Scopus","2-s2.0-85122623179"
"Vázquez-Miraz, P.; Medina-Reyes, M.F.M.; Quintana, C.A.P.; Socha, M.E.R.","Vázquez-Miraz, Pedro (57196040759); Medina-Reyes, María Fernanda (57221229836); Quintana, Camilo Andrés Pastrana (59496591200); Socha, María Eugenia Rincón (57540406200)","57196040759; 57221229836; 59496591200; 57540406200","Sex Role Ideology of Students in a Colombian Engineering Faculty; Ideología de Roles Sexuales de Estudiantes en una Facultad de Ingeniería Colombiana","2022","Masculinities and Social Change","11","1","","1","25","0","3","10.17583/MCS.8345","https://www.scopus.com/inward/record.uri?eid=2-s2.0-85149210271&doi=10.17583%2FMCS.8345&partnerID=40&md5=e20d09e4a97c1c95cada88f612cecad2","Article","Final","All Open Access; Gold Open Access","Scopus","2-s2.0-85149210271"
"Romero, L.A.; Marrugo, A.G.; Millán, M.S.","Romero, Lenny A. (36142156300); Marrugo, Andrés G. (24329839300); Millán, María S. (7201466399)","36142156300; 24329839300; 7201466399","Trade-Off Asymmetric Profile for Extended-Depth-of-Focus Ocular Lens","2022","Photonics","9","2","119","","","0","3","10.3390/photonics9020119","https://www.scopus.com/inward/record.uri?eid=2-s2.0-85125131884&doi=10.3390%2Fphotonics9020119&partnerID=40&md5=dee8af3913c1d2ef50d0d2f86395a556","Article","Final","All Open Access; Gold Open Access; Green Accepted Open Access; Green Open Access","Scopus","2-s2.0-85125131884"
"Venegas, R.; Torres, A.; Rueda, A.M.; Morales, M.A.; Arias Tapia, M.J.; Porras, A.","Venegas, Ramiro (57461036700); Torres, Andres (57461036800); Rueda, Ana M. (57460894100); Morales, Maria A. (57222748556); Arias Tapia, Mary Judith (57219403758); Porras, Alicia (37052662900)","57461036700; 57461036800; 57460894100; 57222748556; 57219403758; 37052662900","Development and Characterization of Plantain (Musa paradisiaca) Flour-Based Biopolymer Films Reinforced with Plantain Fibers","2022","Polymers","14","4","748","","","0","22","10.3390/polym14040748","https://www.scopus.com/inward/record.uri?eid=2-s2.0-85125011752&doi=10.3390%2Fpolym14040748&partnerID=40&md5=33d2ecaba5bed27b1d87b522dafb5cb8","Article","Final","All Open Access; Gold Open Access; Green Accepted Open Access; Green Open Access","Scopus","2-s2.0-85125011752"
"Acevedo-Barrios, R.; Rubiano-Labrador, C.; Miranda-Castro, W.","Acevedo-Barrios, R. L. (56674579200); Rubiano-Labrador, Carolina (55649334800); Miranda-Castro, Wendy (57193857478)","56674579200; 55649334800; 57193857478","Presence of perchlorate in marine sediments from Antarctica during 2017–2020","2022","Environmental Monitoring and Assessment","194","2","102","","","0","10","10.1007/s10661-022-09765-4","https://www.scopus.com/inward/record.uri?eid=2-s2.0-85123030427&doi=10.1007%2Fs10661-022-09765-4&partnerID=40&md5=7284d07c6b353c020a3de76bf8ba42c4","Article","Final","","Scopus","2-s2.0-85123030427"
"Acevedo, J.M.","Acevedo, Jeovanny Muentes (57350116000)","57350116000","Genericity of Continuous Maps with Positive Metric Mean Dimension","2022","Results in Mathematics","77","1","2","","","0","7","10.1007/s00025-021-01513-3","https://www.scopus.com/inward/record.uri?eid=2-s2.0-85118724070&doi=10.1007%2Fs00025-021-01513-3&partnerID=40&md5=8c6c844910cb73bc56ac7584a5d6b075","Article","Final","All Open Access; Gold Open Access","Scopus","2-s2.0-85118724070"
"Guerrero, A.F.B.; Camargo, L.C.A.; Llorente, M.C.; Medina, A.G.G.; Contreras, K.J.Y.; Padilla, I.F.A.; Lora, J.C.G.; Palencia, J.D.B.","Guerrero, Andrés Felipe Berrocal (58153990500); Camargo, Luis Carlos Arraut (57211347444); Llorente, Mariangel Castro (58154423400); Medina, Ana Gabriela Gaviria (58153990600); Contreras, Kaleb José Yepes (58153990700); Padilla, Iván Francisco Agudelo (58154270900); Lora, Juan Carlos Gómez (58153990800); Palencia, Jesús David Ballesteros (58154423500)","58153990500; 57211347444; 58154423400; 58153990600; 58153990700; 58154270900; 58153990800; 58154423500","Sharker Mask","2022","Proceedings of the LACCEI international Multi-conference for Engineering, Education and Technology","2022-December","","","","","0","0","","https://www.scopus.com/inward/record.uri?eid=2-s2.0-85150748475&partnerID=40&md5=23cfba649518f8bd274e737c5b1d47e9","Conference paper","Final","","Scopus","2-s2.0-85150748475"
"Muñoz, H.J.P.; Camargo, L.C.A.; Puerta, C.A.B.; Martinez, M.C.M.; Avilez, C.D.M.; Jaramillo, S.I.M.","Muñoz, Hermides Jesús Pérez (58153992900); Camargo, Luis Carlos Arraut (57211347444); Puerta, Camila Andrea Barrios (58154720200); Martinez, Maria Camila (58154576700); Avilez, Cristian David Muñoz (58153993000); Jaramillo, Sofía Isabel Morón (57226138595)","58153992900; 57211347444; 58154720200; 58154576700; 58153993000; 57226138595","Turiverso","2022","Proceedings of the LACCEI international Multi-conference for Engineering, Education and Technology","2022-December","","","","","0","0","","https://www.scopus.com/inward/record.uri?eid=2-s2.0-85150747172&partnerID=40&md5=39e9f9a7e5f1f5bc85cdc435f8250d0c","Conference paper","Final","","Scopus","2-s2.0-85150747172"
"Medrano, D.; Camargo, L.C.A.; Rivera, T.; Romero, D.; Salas, S.; Jimenez, K.","Medrano, Daniela (58154331200); Camargo, Luis Carlos Arraut (57211347444); Rivera, Tatiana (59263962000); Romero, Diana (58154480400); Salas, Sharo (58154331300); Jimenez, Katya (58153620900)","58154331200; 57211347444; 59263962000; 58154480400; 58154331300; 58153620900","Biodegradable ecological bag","2022","Proceedings of the LACCEI international Multi-conference for Engineering, Education and Technology","2022-December","","","","","0","0","","https://www.scopus.com/inward/record.uri?eid=2-s2.0-85150746120&partnerID=40&md5=968b32c1cccae6909bc653a96af3e488","Conference paper","Final","","Scopus","2-s2.0-85150746120"
"Danies, Y.D.P.; Camargo, L.C.A.; Portocarrero, L.; Batista, A.; Monterrosa, J.","Danies, Yennifer Deliliana Pineda (58153706600); Camargo, Luis Carlos Arraut (57211347444); Portocarrero, Liz (58154426000); Batista, Andrea (58154141200); Monterrosa, Juan (58154720800)","58153706600; 57211347444; 58154426000; 58154141200; 58154720800","Smart caneca","2022","Proceedings of the LACCEI international Multi-conference for Engineering, Education and Technology","2022-December","","","","","0","0","","https://www.scopus.com/inward/record.uri?eid=2-s2.0-85150741750&partnerID=40&md5=1493ee82d1371c9f5b2e1587ea937b9d","Conference paper","Final","","Scopus","2-s2.0-85150741750"
"Jiménez, V.B.; Arraut, L.; Sands, Y.; Jiménez, J.; Juan, J.S.","Jiménez, Vanessa Bustillo (58154720500); Arraut, Luis Carlos (58153979500); Sands, Yaneth (58154273000); Jiménez, Juan (58154273100); Juan, Jaderling San (58154425200)","58154720500; 58153979500; 58154273000; 58154273100; 58154425200","Project 'Changes'","2022","Proceedings of the LACCEI international Multi-conference for Engineering, Education and Technology","2022-December","","","","","0","0","","https://www.scopus.com/inward/record.uri?eid=2-s2.0-85150741367&partnerID=40&md5=ec3ba0d91437ae7b06cb95bd2eed70f2","Conference paper","Final","","Scopus","2-s2.0-85150741367"
"Manjarres, V.G.; Camargo, L.C.A.; Martinez, M.; Ahumada, L.","Manjarres, Valeria Gamarra (58153993600); Camargo, Luis Carlos Arraut (57211347444); Martinez, Marlon (58154273500); Ahumada, Lorens (58154140800)","58153993600; 57211347444; 58154273500; 58154140800","App to improve the tourism sector","2022","Proceedings of the LACCEI international Multi-conference for Engineering, Education and Technology","2022-December","","","","","0","0","","https://www.scopus.com/inward/record.uri?eid=2-s2.0-85150738806&partnerID=40&md5=8c2b867a1f77d1f111ea33df6b63fc90","Conference paper","Final","","Scopus","2-s2.0-85150738806"
"de la Cruz, J.B.; Camargo, L.C.A.; Martinez, D.D.T.; Martinez, O.D.; Mendoza, J.M.; Mercado, J.M.","de la Cruz, Javier B. (58154721000); Camargo, Luis Carlos Arraut (57211347444); Martinez, Dylan David Tuiran (58154141300); Martinez, Oscar Diaz (58154273900); Mendoza, Jose Miguel (58154721100); Mercado, Jesus Miranda (58153706700)","58154721000; 57211347444; 58154141300; 58154273900; 58154721100; 58153706700","Research and development of food grinder for agro-industrial use","2022","Proceedings of the LACCEI international Multi-conference for Engineering, Education and Technology","2022-December","","","","","0","0","","https://www.scopus.com/inward/record.uri?eid=2-s2.0-85150738286&partnerID=40&md5=f6417f5651753d186c180a879c6eca9e","Conference paper","Final","","Scopus","2-s2.0-85150738286"
"Blanquicett, A.O.; Camargo, L.C.A.","Blanquicett, Antonella Olmos (58154577600); Camargo, Luis Carlos Arraut (57211347444)","58154577600; 57211347444","Azu-less: Sugar measuring glass for a healthy life","2022","Proceedings of the LACCEI international Multi-conference for Engineering, Education and Technology","2022-December","","","","","0","0","","https://www.scopus.com/inward/record.uri?eid=2-s2.0-85150738194&partnerID=40&md5=9ca6db5f6be5197f108d87e242ae1a53","Conference paper","Final","","Scopus","2-s2.0-85150738194"
"Cardona, L.F.M.; Camargo, L.C.A.; Restrepo, A.A.; Rodríguez, L.M.P.; Rivaldo, D.C.; Escobar, D.J.A.","Cardona, Luis Fernando Mendoza (58154423200); Camargo, Luis Carlos Arraut (57211347444); Restrepo, Alexandra Arango (58154574900); Rodríguez, Linda Marcela Peña (58154139300); Rivaldo, Dafne Cabrera (58154270800); Escobar, Didier Jesus Agamez (58154423300)","58154423200; 57211347444; 58154574900; 58154139300; 58154270800; 58154423300","Eco plastic 3D","2022","Proceedings of the LACCEI international Multi-conference for Engineering, Education and Technology","2022-December","","","","","0","0","","https://www.scopus.com/inward/record.uri?eid=2-s2.0-85150738165&partnerID=40&md5=77244b047d50a736a35208aeea90e2c4","Conference paper","Final","","Scopus","2-s2.0-85150738165"
"Paternina, L.A.; Camargo, L.C.A.; Cueto, L.A.; Villarreal, I.L.; Meza, J.S.; Guerrero, M.F.","Paternina, Luisa Atencio (58153839600); Camargo, Luis Carlos Arraut (57211347444); Cueto, Lisney Atencia (58153692300); Villarreal, Isabella Ladeutt (58153839700); Meza, Juan Segura (58154262200); Guerrero, María Fernanda (58154411000)","58153839600; 57211347444; 58153692300; 58153839700; 58154262200; 58154411000","VEGY App; DEFINICIÓN DEL PROBLEMA","2022","Proceedings of the LACCEI international Multi-conference for Engineering, Education and Technology","2022-December","","","","","0","0","","https://www.scopus.com/inward/record.uri?eid=2-s2.0-85150736167&partnerID=40&md5=a04e8869c60df5f82c13d262eafb9ebd","Conference paper","Final","","Scopus","2-s2.0-85150736167"
"Misal, D.A.H.; Camargo, L.C.A.; Segura, J.A.M.; Contreras-Bejarano, O.M.B.; López, J.M.O.","Misal, Dayana Andrea Hurtado (58153703400); Camargo, Luis Carlos Arraut (57211347444); Segura, Jaime Andrés Mestra (58154270700); Contreras-Bejarano, Oscar Maria Barrios (57211121171); López, Johana Michelle Olea (58153850200)","58153703400; 57211347444; 58154270700; 57211121171; 58153850200","Elaboration of green roofs (with plants) that store solar energy","2022","Proceedings of the LACCEI international Multi-conference for Engineering, Education and Technology","2022-December","","","","","0","0","","https://www.scopus.com/inward/record.uri?eid=2-s2.0-85150733774&partnerID=40&md5=4c8abf8910492c520eea3923f10c3a8c","Conference paper","Final","","Scopus","2-s2.0-85150733774"
"Camacho, M.C.O.; Camargo, L.C.A.; Ramos, L.V.P.; Lozano, A.C.C.; Cabeza, C.B.; Baloco, J.M.R.","Camacho, Maria Carolina Osorio (58154577900); Camargo, Luis Carlos Arraut (57211347444); Ramos, Laura Vanesa Payares (58153993900); Lozano, Andrea Carolina Carvajalino (58154720700); Cabeza, Chabely Benedetti (58154141100); Baloco, Jorge Mario Rodriguez (58153852700)","58154577900; 57211347444; 58153993900; 58154720700; 58154141100; 58153852700","Fast Red: speed, quality and efficiency in health","2022","Proceedings of the LACCEI international Multi-conference for Engineering, Education and Technology","2022-December","","","","","0","0","","https://www.scopus.com/inward/record.uri?eid=2-s2.0-85150730968&partnerID=40&md5=330040695ce9372a43fa1df77bb90902","Conference paper","Final","","Scopus","2-s2.0-85150730968"
"Aguiler, J.M.; Arraut, L.; Sarmiento, E.G.; Castro, R.D.P.; Cañarete, M.J.A.; Ospino, M.C.V.","Aguiler, Juliana Mancipe (58153854500); Arraut, Luis Carlos (58153979500); Sarmiento, Estefany García (58153854600); Castro, Richard David Perez (58154723800); Cañarete, Maria Jose Alcala (58154276000); Ospino, Maria Camila Valdelamar (58153995600)","58153854500; 58153979500; 58153854600; 58154723800; 58154276000; 58153995600","Ecotourism and green walks","2022","Proceedings of the LACCEI international Multi-conference for Engineering, Education and Technology","2022-December","","","","","0","0","","https://www.scopus.com/inward/record.uri?eid=2-s2.0-85150727905&partnerID=40&md5=9570b7a0a8e872a2ea6f9aaae4762919","Conference paper","Final","","Scopus","2-s2.0-85150727905"
"González, L.M.T.; Camargo, L.C.A.; López, M.B.; Herrera, J.V.; Mejia, C.M.; Salcedo, Á.C.","González, Lina María Torres (58154262300); Camargo, Luis Carlos Arraut (57211347444); López, Michelle Botero (58154411100); Herrera, Juliana Vargas (58154127500); Mejia, Cristian Maquilon (58153979700); Salcedo, Ángel Carrascal (58154564300)","58154262300; 57211347444; 58154411100; 58154127500; 58153979700; 58154564300","Semi-transparent solar panels for greenhouses","2022","Proceedings of the LACCEI international Multi-conference for Engineering, Education and Technology","2022-December","","","","","0","0","","https://www.scopus.com/inward/record.uri?eid=2-s2.0-85150724232&partnerID=40&md5=0ebfc181bb08fe265a89f3fd6153d53d","Conference paper","Final","","Scopus","2-s2.0-85150724232"
"Segovia, T.R.; Arraut, L.; Yepes, N.A.P.; Solipa, D.S.C.; Miranda, D.A.M.; Olivo, M.C.L.","Segovia, Thalía Romero (58154564100); Arraut, Luis Carlos (58153979500); Yepes, Nicole Andrea Peinado (58154707800); Solipa, Daniel Salomón Cañizares (58153839300); Miranda, Daniela Andrea Mendoza (58153839400); Olivo, María Carolina Llano (58154564200)","58154564100; 58153979500; 58154707800; 58153839300; 58153839400; 58154564200","Applications that promote ecological and lifestyle habits for both people and companies; Definición del problema","2022","Proceedings of the LACCEI international Multi-conference for Engineering, Education and Technology","2022-December","","","","","0","0","","https://www.scopus.com/inward/record.uri?eid=2-s2.0-85150721667&partnerID=40&md5=ce6970aa837df53871babe7b21e536ac","Conference paper","Final","","Scopus","2-s2.0-85150721667"
"Quiroga, V.; Arraut, L.; Guzmán, M.; Orozco, N.; Lázaro, S.; Velásquez, F.W.","Quiroga, Valentina (58154710700); Arraut, Luis Carlos (58153979500); Guzmán, Mariana (58154414000); Orozco, Nataly (58154130400); Lázaro, Sebastián (58154414100); Velásquez, Frank William (58154414200)","58154710700; 58153979500; 58154414000; 58154130400; 58154414100; 58154414200","Student Entrepreneurship and Innovation Competition","2022","Proceedings of the LACCEI international Multi-conference for Engineering, Education and Technology","2022-December","","","","","0","0","","https://www.scopus.com/inward/record.uri?eid=2-s2.0-85150718992&partnerID=40&md5=8c52b93005c82fc03835da3cb62bf889","Conference paper","Final","","Scopus","2-s2.0-85150718992"
"Diaz, V.M.G.; Camargo, L.C.A.; Ayola, J.C.O.; Leon, S.D.C.; Dager, J.A.L.","Diaz, Valeria Margarita Gonzalez (58153703800); Camargo, Luis Carlos Arraut (57211347444); Ayola, Juan Camilo Ospino (58154139700); Leon, Sebastian David Canchila (58153850500); Dager, Jorge Andres Lobo (58153991300)","58153703800; 57211347444; 58154139700; 58153850500; 58153991300","GreenCol","2022","Proceedings of the LACCEI international Multi-conference for Engineering, Education and Technology","2022-December","","","","","0","0","","https://www.scopus.com/inward/record.uri?eid=2-s2.0-85150715339&partnerID=40&md5=170a6b42295292be5f0e0477fa1ee3ea","Conference paper","Final","","Scopus","2-s2.0-85150715339"
"Pedraza, V.; Camargo, L.C.A.; Altahona, J.; Martinez, R.; Novoa, M.; Velasquez, L.","Pedraza, Vanessa (58153839800); Camargo, Luis Carlos Arraut (57211347444); Altahona, José (58154411200); Martinez, Roxana (59051079400); Novoa, María (58154707900); Velasquez, Leonela (58154262400)","58153839800; 57211347444; 58154411200; 59051079400; 58154707900; 58154262400","Caribbean Beauty; Caribbean Beauty","2022","Proceedings of the LACCEI international Multi-conference for Engineering, Education and Technology","2022-December","","","","","0","0","","https://www.scopus.com/inward/record.uri?eid=2-s2.0-85150714952&partnerID=40&md5=4778facb87da2c4b4fff0d763e96107f","Conference paper","Final","","Scopus","2-s2.0-85150714952"
"García, M.A.R.; Arraut, L.; Ortiz, V.E.; Arroyo, A.L.; Guzman, D.N.","García, Miguel Angel Rosales (57200295911); Arraut, Luis Carlos (58153979500); Ortiz, Valeria Espitia (58153852200); Arroyo, Alanis Lozano (58153993400); Guzman, Daniella Narvaez (58154425300)","57200295911; 58153979500; 58153852200; 58153993400; 58154425300","Sustainable restaurants","2022","Proceedings of the LACCEI international Multi-conference for Engineering, Education and Technology","2022-December","","","","","0","0","","https://www.scopus.com/inward/record.uri?eid=2-s2.0-85150712245&partnerID=40&md5=b58f313ea4d3093a3de6e2faef7f0790","Conference paper","Final","","Scopus","2-s2.0-85150712245"
"Barrios, A.; Camargo, L.C.A.; Jiménez, Y.C.; Díaz, I.M.; Salgado, A.; Gamarra, J.","Barrios, Andrés (58154576800); Camargo, Luis Carlos Arraut (57211347444); Jiménez, Yesid Castrillón (58154576900); Díaz, Isabella Montalvo (58154577000); Salgado, Alvaro (58153993100); Gamarra, Jorge (58154577100)","58154576800; 57211347444; 58154576900; 58154577000; 58153993100; 58154577100","Project ""FIVE""","2022","Proceedings of the LACCEI international Multi-conference for Engineering, Education and Technology","2022-December","","","","","0","0","","https://www.scopus.com/inward/record.uri?eid=2-s2.0-85150704785&partnerID=40&md5=935c81badf4b8f9d911cf5e5e2f43fbf","Conference paper","Final","","Scopus","2-s2.0-85150704785"
"Urueta, J.C.; Arraut, L.; Durán, K.B.; Rios, C.O.; Monsalve, J.M.R.","Urueta, José Caro (58154423700); Arraut, Luis Carlos (58153979500); Durán, Katheryn Bustillo (58154718800); Rios, Christian Orozco (58153850600); Monsalve, José Miguel Rodriguez (58154575200)","58154423700; 58153979500; 58154718800; 58153850600; 58154575200","Enhanced wereable devices for medical monitoring and tracking","2022","Proceedings of the LACCEI international Multi-conference for Engineering, Education and Technology","2022-December","","","","","0","0","","https://www.scopus.com/inward/record.uri?eid=2-s2.0-85150703157&partnerID=40&md5=d0a45138cb0f987a111fc58b450650ca","Conference paper","Final","","Scopus","2-s2.0-85150703157"
"Parra, J.F.R.; Camargo, L.C.A.; Capela, N.M.A.; Salazar, J.B.; García, S.A.P.; Verbel, C.A.M.","Parra, Juan Francisco Romano (58154143600); Camargo, Luis Carlos Arraut (57211347444); Capela, Nayelis Margarita Acosta (58154143700); Salazar, Juan Betancourt (58154723500); García, Santiago Andrés Pacheco (59119050000); Verbel, Camilo Andrés Martínez (57697492300)","58154143600; 57211347444; 58154143700; 58154723500; 59119050000; 57697492300","The importance of tourism and its history","2022","Proceedings of the LACCEI international Multi-conference for Engineering, Education and Technology","2022-December","","","","","0","0","","https://www.scopus.com/inward/record.uri?eid=2-s2.0-85150697143&partnerID=40&md5=bce8c392c8434c7eaf1fe3966f8f8f2c","Conference paper","Final","","Scopus","2-s2.0-85150697143"
"Rodriguez, J.S.R.; Camargo, L.C.A.; Rodríguez, J.J.C.; Mozo, B.A.A.; Montes, A.D.T.; Daza, P.A.A.","Rodriguez, Juan Sebastian Romero (58154720300); Camargo, Luis Carlos Arraut (57211347444); Rodríguez, Jannys Johana Castro (58153705700); Mozo, Benjamin Alberto Arrieta (58154577200); Montes, Adrian David Torres (58154720400); Daza, Paulina Andrea Agudelo (58154425100)","58154720300; 57211347444; 58153705700; 58154577200; 58154720400; 58154425100","Telehealth","2022","Proceedings of the LACCEI international Multi-conference for Engineering, Education and Technology","2022-December","","","","","0","0","","https://www.scopus.com/inward/record.uri?eid=2-s2.0-85150692824&partnerID=40&md5=825c057e7e35a3021bdc43391ba208df","Conference paper","Final","","Scopus","2-s2.0-85150692824"
"López-López, W.; León, D.C.R.; García-Padilla, D.; Çakal, H.; Abitbol, P.; Pineda, C.; Rocha, D.; Rivera, M.J.R.; Duarte Osorio, A.F.G.","López-López, Wilson (7004217890); León, Diana Carolina Rubio (56491243500); García-Padilla, Dennys (58145290800); Çakal, Huseyin (54412008600); Abitbol, Pablo (58145499200); Pineda, Claudia (58145290900); Rocha, Daniela (58145697500); Rivera, María Juliana Reyes (58145499300); Duarte Osorio, Andrés Felipe Guzmán (57211665680)","7004217890; 56491243500; 58145290800; 54412008600; 58145499200; 58145290900; 58145697500; 58145499300; 57211665680","Measuring Mental Health Indicators of Armed Conflict Population in Colombia: Scoping Review; Medición de indicadores de salud mental de población en contexto de conflicto armado en Colombia: revisión de alcance","2022","Universitas Psychologica","21","","","","","0","4","10.11144/Javeriana.upsy21.mism","https://www.scopus.com/inward/record.uri?eid=2-s2.0-85150245850&doi=10.11144%2FJaveriana.upsy21.mism&partnerID=40&md5=3d947d246f2f9e519ced8b19a057d625","Article","Final","All Open Access; Gold Open Access","Scopus","2-s2.0-85150245850"
"Solano-Cahuana, I.L.","Solano-Cahuana, Iris Laudith (57219696066)","57219696066","ARE WE THERE YET? GENDER QUOTAS IN UNIVERSITY HIERARCHIES: THE CASE OF COLOMBIA","2022","Corvinus Journal of Sociology and Social Policy","13","2","","3","27","0","0","10.14267/CJSSP.2022.2.1","https://www.scopus.com/inward/record.uri?eid=2-s2.0-85149649420&doi=10.14267%2FCJSSP.2022.2.1&partnerID=40&md5=65976303cca8972232ec5df9ff5afc1d","Article","Final","All Open Access; Gold Open Access","Scopus","2-s2.0-85149649420"
"Fajardo Cuadro, J.; Negrette, C.; Cardona, C.; Yabrudy, D.; Barreto, D.","Fajardo Cuadro, Juan Gabriel (56581610900); Negrette, Camilo (57449143900); Cardona, Camilo (57214332256); Yabrudy, Daniel (57222075738); Barreto, Deibys (57190756815)","56581610900; 57449143900; 57214332256; 57222075738; 57190756815","MAINTENANCE CENTERED ON EXERGY AND EXERGOECONOMIC INDICATORS OF A PREHEAT TRAIN OF A CRUDE OIL DISTILLATION UNIT","2022","","6","","V006T08A042","","","0","0","10.1115/IMECE2022-90041","https://www.scopus.com/inward/record.uri?eid=2-s2.0-85148487421&doi=10.1115%2FIMECE2022-90041&partnerID=40&md5=3c0a791bf6d264eb74a0d4fc65b612e5","Conference paper","Final","","Scopus","2-s2.0-85148487421"
"Fajardo Cuadro, J.; Ramírez-León, H.; Barreto, D.; Rico, C.; Cardona, C.","Fajardo Cuadro, Juan Gabriel (56581610900); Ramírez-León, Hermes (57210894557); Barreto, Deibys (57190756815); Rico, Carlos (58110160000); Cardona, Camilo (57214332256)","56581610900; 57210894557; 57190756815; 58110160000; 57214332256","ENERGY EFFICIENCY CONDITION-BASED MAINTENANCE METHODOLOGY FOR COMPUTER ROOM AIR CONDITIONERS","2022","","6","","V006T08A043","","","0","0","10.1115/IMECE2022-91987","https://www.scopus.com/inward/record.uri?eid=2-s2.0-85148486625&doi=10.1115%2FIMECE2022-91987&partnerID=40&md5=60d53d56ad2d46e4e32b4c240e6fbfda","Conference paper","Final","","Scopus","2-s2.0-85148486625"
"Baltar-Moreno, A.","Baltar-Moreno, Adolfo (57216868622)","57216868622","Digital social networks as site of memory: citizen dialogues through photography on Facebook; As redes sociais como lugares de memória: diálogos cidadãos através da fotografia no Facebook; Redes sociales digitales como lugares de memoria: diálogos ciudadanos a través de la fotografía en Facebook","2022","Icono14","20","2","","","","0","0","10.7195/RI14.V20I2.1880","https://www.scopus.com/inward/record.uri?eid=2-s2.0-85148305368&doi=10.7195%2FRI14.V20I2.1880&partnerID=40&md5=420823dd03de3fca981b801d07580bef","Article","Final","All Open Access; Gold Open Access; Green Accepted Open Access; Green Open Access","Scopus","2-s2.0-85148305368"
"Acevedo-Patĩno, O.; Rios, Y.Y.; García, L.; Narvaez, D.","Acevedo-Patĩno, Oscar (57197327858); Rios, Y. Yuliana (57204642964); García, Luis Luis (58399544800); Narvaez, Dayana (58073766100)","57197327858; 57204642964; 58399544800; 58073766100","A study of the Beeclust algorithm for robot swarm aggregation","2022","","","","","","","0","1","10.1109/ICMLANT56191.2022.9996514","https://www.scopus.com/inward/record.uri?eid=2-s2.0-85146705505&doi=10.1109%2FICMLANT56191.2022.9996514&partnerID=40&md5=e3f063f1c2ad16c936698e4b619c319c","Conference paper","Final","","Scopus","2-s2.0-85146705505"
"Hoyos, G.; Puertas, E.; Villa, J.L.; Martinez-Santos, J.C.","Hoyos, Gabriel (58069216700); Puertas, Edwin (57202285682); Villa, J. L. (7005142049); Martinez-Santos, Juan Carlos (26325154200)","58069216700; 57202285682; 7005142049; 26325154200","Detection of broken bars in three-phase motors by using curve fits and classification algorithms","2022","","","","","","","0","1","10.1109/ANDESCON56260.2022.9989583","https://www.scopus.com/inward/record.uri?eid=2-s2.0-85146434425&doi=10.1109%2FANDESCON56260.2022.9989583&partnerID=40&md5=d0248d5c8d8d1e5d707bc536b152d5ed","Conference paper","Final","","Scopus","2-s2.0-85146434425"
"Viloria-Nuñez, C.; Vázquez, F.J.; Fernández-Márquez, C.M.","Viloria-Nuñez, Cesar (35788581800); Vázquez, Francisco Jose (7103185580); Fernández-Márquez, Carlos M. (36701390700)","35788581800; 7103185580; 36701390700","A review of the digital transformation maturity models for SMEs in search of a self-assessment","2022","","","","","","","0","15","10.1109/ANDESCON56260.2022.9989889","https://www.scopus.com/inward/record.uri?eid=2-s2.0-85146432548&doi=10.1109%2FANDESCON56260.2022.9989889&partnerID=40&md5=42f194dc2c01c3698842305a0236434c","Conference paper","Final","","Scopus","2-s2.0-85146432548"
"Cabarcas-Mena, Y.; Gutiérrez-Ruiz, K.; Campo-Landines, K.C.; Contreras-Ortiz, S.H.","Cabarcas-Mena, Yina P. (57421989500); Gutiérrez-Ruiz, Karol Patricia (57192930752); Campo-Landines, Kiara Coralia (57205565967); Contreras-Ortiz, Sonia H. (57210822856)","57421989500; 57192930752; 57205565967; 57210822856","Detection and Analysis of ERPs for Social Cognition Evaluation","2022","","","","","","","0","1","10.1109/ANDESCON56260.2022.9989524","https://www.scopus.com/inward/record.uri?eid=2-s2.0-85146431989&doi=10.1109%2FANDESCON56260.2022.9989524&partnerID=40&md5=91196671457059856331fb9fc1e242a7","Conference paper","Final","","Scopus","2-s2.0-85146431989"
"Serpa-Moron, M.; Pachón-Carrascal, K.; Pacheco-Bustos, C.; Maturana-Córdoba, A.Y.; Viloria-Nuñez, C.; Romero-Rodriguez, D.","Serpa-Moron, Melissa (58068812500); Pachón-Carrascal, Katherine (58069154500); Pacheco-Bustos, Carlos A. (57210896606); Maturana-Córdoba, Aymer (55260401200); Viloria-Nuñez, Cesar (35788581800); Romero-Rodriguez, Daniel (57193209226)","58068812500; 58069154500; 57210896606; 55260401200; 35788581800; 57193209226","Potential enviromental impacts of a digital platform for the mutual assistance management in technological emergencies","2022","","","","","","","0","2","10.1109/ANDESCON56260.2022.9989580","https://www.scopus.com/inward/record.uri?eid=2-s2.0-85146427550&doi=10.1109%2FANDESCON56260.2022.9989580&partnerID=40&md5=3f227daa2ed319bf8746029a7c395116","Conference paper","Final","","Scopus","2-s2.0-85146427550"
"Pico-Ripoll, D.; Percybrooks, W.S.; Viloria-Nuñez, C.","Pico-Ripoll, Darwin (58068813500); Percybrooks, Winston Spencer (24778386600); Viloria-Nuñez, Cesar (35788581800)","58068813500; 24778386600; 35788581800","Machine learning assisted composition of traditional music from the Colombian Caribbean Region","2022","","","","","","","0","2","10.1109/ANDESCON56260.2022.9989762","https://www.scopus.com/inward/record.uri?eid=2-s2.0-85146416919&doi=10.1109%2FANDESCON56260.2022.9989762&partnerID=40&md5=564dec3254ea279a8caf5a0e761c8335","Conference paper","Final","","Scopus","2-s2.0-85146416919"
"Puertas, E.; Martinez-Santos, J.C.; Andres Pertuz-Duran, P.","Puertas, Edwin (57202285682); Martinez-Santos, Juan Carlos (26325154200); Andres Pertuz-Duran, Pablo (58069118800)","57202285682; 26325154200; 58069118800","Presidential preferences in Colombia through Sentiment Analysis","2022","","","","","","","0","3","10.1109/ANDESCON56260.2022.9989700","https://www.scopus.com/inward/record.uri?eid=2-s2.0-85146416861&doi=10.1109%2FANDESCON56260.2022.9989700&partnerID=40&md5=4bfab2d85f24f14b8ed0d34eb53ea82b","Conference paper","Final","","Scopus","2-s2.0-85146416861"
"Diaz-Camacho, B.; Restrepo-Prada, D.; Quintero M., C.G.M.; Viloria-Nuñez, C.; Quiroga-Amaya, J.","Diaz-Camacho, Brayan (58069086700); Restrepo-Prada, Duban (58069156100); Quintero M., Christian G. (59407946800); Viloria-Nuñez, Cesar (35788581800); Quiroga-Amaya, Jonathan (58069017200)","58069086700; 58069156100; 59407946800; 35788581800; 58069017200","Computational Tool for Technological Risk Assessment in the Transport of Chemical Products","2022","","","","","","","0","1","10.1109/ANDESCON56260.2022.9989606","https://www.scopus.com/inward/record.uri?eid=2-s2.0-85146415971&doi=10.1109%2FANDESCON56260.2022.9989606&partnerID=40&md5=e050ef0823a7361b4453a4484cc4986f","Conference paper","Final","","Scopus","2-s2.0-85146415971"
"Mc-Cook, J.M.S.; López Fernández, R.L.; Urquiza, D.E.P.; Fernández, Y.R.; Quintana Álvarez, M.R.Q.","Mc-Cook, Jorge Miguel Soler (57991060100); López Fernández, Raúl (56729894400); Urquiza, Diana Eliza Palmero (57211397111); Fernández, Yaima Ruano (57990969100); Quintana Álvarez, Moisés R. (57280248200)","57991060100; 56729894400; 57211397111; 57990969100; 57280248200","ACTIVE TEACHING METHODS ASSOCIATED WITH LEARNING ANALYTICS; MÉTODOS ACTIVOS DE ENSEÑANZA ASOCIADOS A LA ANALÍTICA DEL APRENDIZAJE","2022","Universidad y Sociedad","14","S6","","692","697","0","0","","https://www.scopus.com/inward/record.uri?eid=2-s2.0-85145331626&partnerID=40&md5=b67e6ba5ee731323b02644256a02c906","Article","Final","","Scopus","2-s2.0-85145331626"
"Acevedo-Patĩno, O.; Rios, Y.Y.; Duque, J.; Gomez, E.; García, L.","Acevedo-Patĩno, Oscar (57197327858); Rios, Y. Yuliana (57204642964); Duque, Jorge Eliecer (57205658483); Gomez, Eduardo (57212006168); García, Luis Luis (58399544800)","57197327858; 57204642964; 57205658483; 57212006168; 58399544800","A Software for Simulating Robot Swarm Aggregation","2022","Communications in Computer and Information Science","1685 CCIS","","","386","399","0","1","10.1007/978-3-031-20611-5_32","https://www.scopus.com/inward/record.uri?eid=2-s2.0-85144238723&doi=10.1007%2F978-3-031-20611-5_32&partnerID=40&md5=9a5a2b0444806620988aa22b56ea0204","Conference paper","Final","","Scopus","2-s2.0-85144238723"
"Romero-Mercado, C.D.; Contreras-Ortiz, S.H.; Marrugo, A.G.","Romero-Mercado, Caleb D. (57221460194); Contreras-Ortiz, Sonia H. (57210822856); Marrugo, Andrés G. (24329839300)","57221460194; 57210822856; 24329839300","Effect of Speckle Filtering in the Performance of Segmentation of Ultrasound Images Using CNNs","2022","Communications in Computer and Information Science","1685 CCIS","","","150","159","0","0","10.1007/978-3-031-20611-5_13","https://www.scopus.com/inward/record.uri?eid=2-s2.0-85144183843&doi=10.1007%2F978-3-031-20611-5_13&partnerID=40&md5=a7305bab2e6a66128352211f5e454b66","Conference paper","Final","","Scopus","2-s2.0-85144183843"
"Martinez, E.; Cuadrado, J.; Martinez-Santos, J.C.","Martinez, Elizabeth (58459662800); Cuadrado, Juan (57422728000); Martinez-Santos, Juan Carlos (26325154200)","58459662800; 57422728000; 26325154200","Photovoltaic Power Predictor Module Based on Historical Production and Weather Conditions Data","2022","Communications in Computer and Information Science","1685 CCIS","","","461","472","0","1","10.1007/978-3-031-20611-5_38","https://www.scopus.com/inward/record.uri?eid=2-s2.0-85144176920&doi=10.1007%2F978-3-031-20611-5_38&partnerID=40&md5=d20335664cec13d958c358de04a8e248","Conference paper","Final","","Scopus","2-s2.0-85144176920"
"Marrugo-Tobón, D.A.; Vitola, A.L.; Pena, J.C.; Duque, J.; Villa, J.L.","Marrugo-Tobón, Duvan Andres (57221469260); Vitola, Angie L. (57221468831); Pena, Juan C. (57422329900); Duque, Jorge Eliecer (57205658483); Villa, J. L. (7005142049)","57221469260; 57221468831; 57422329900; 57205658483; 7005142049","Full State Feedback of DC-Motor Position and Speed Control Using LQR and Kalman Filter","2022","Communications in Computer and Information Science","1685 CCIS","","","400","411","0","2","10.1007/978-3-031-20611-5_33","https://www.scopus.com/inward/record.uri?eid=2-s2.0-85144172076&doi=10.1007%2F978-3-031-20611-5_33&partnerID=40&md5=b88a5ded03d2d9c61bc4d1bbf71e768c","Conference paper","Final","","Scopus","2-s2.0-85144172076"
"Dominguez-Jimenez, J.A.; Rueda, L.; Henao, N.; Agbossou, K.; Campillo, J.","Dominguez-Jimenez, J. A. (56682770100); Rueda, Luis (57202046718); Henao, Nilson (55366621800); Agbossou, Kodjo A. (56238417000); Campillo, Javier E. (55609096600)","56682770100; 57202046718; 55366621800; 56238417000; 55609096600","Distributed Co-simulation for Smart Homes Energy Management in the Presence of Electrical Thermal Storage","2022","IECON Proceedings (Industrial Electronics Conference)","2022-October","","","","","0","9","10.1109/IECON49645.2022.9969092","https://www.scopus.com/inward/record.uri?eid=2-s2.0-85143903201&doi=10.1109%2FIECON49645.2022.9969092&partnerID=40&md5=b4cb8bb4813ea5b6d215d512cd33832b","Conference paper","Final","","Scopus","2-s2.0-85143903201"
"Baltar-Moreno, A.; Puello-Sarabia, C.; Carrazco-Delgado, B.F.","Baltar-Moreno, Adolfo (57216868622); Puello-Sarabia, Cielo (57989865300); Carrazco-Delgado, Brenda Fernanda (57989317800)","57216868622; 57989865300; 57989317800","Narrative review of the HPV vaccine case in El Carmen de Bolivar, Colombia (2014-2021); Revisão narrativa do caso da vacina contra o HPV em El Carmen de Bolívar, Colômbia (2014-2021); Revisión narrativa del caso de la vacuna contra el VPH en El Carmen de Bolívar, Colombia (2014-2021)","2022","Revista Gerencia y Politicas de Salud","21","","","","","0","1","10.11144/Javeriana.rgps21.rncv","https://www.scopus.com/inward/record.uri?eid=2-s2.0-85143131282&doi=10.11144%2FJaveriana.rgps21.rncv&partnerID=40&md5=698cfb75824ef73cbf8440c1dd77c3c4","Review","Final","All Open Access; Gold Open Access","Scopus","2-s2.0-85143131282"
"P, D.S.; Serrano, J.E.; González, E.","P, Daniel S.Valencia (57284604300); Serrano, Jairo E. (57220927199); González, Enrique Guerrero (7402466812)","57284604300; 57220927199; 7402466812","SIMALL: Emotional BDI Model for Customer Simulation in a Mall","2022","Communications in Computer and Information Science","1594 CCIS","","","3","18","0","3","10.1007/978-3-031-19951-6_1","https://www.scopus.com/inward/record.uri?eid=2-s2.0-85142764370&doi=10.1007%2F978-3-031-19951-6_1&partnerID=40&md5=bd8276e5336cd4605dfb5a05363cac9e","Conference paper","Final","","Scopus","2-s2.0-85142764370"
"Henriquez, Y.; Parra-Rodríguez, C.; Carrillo-Ramos, A.","Henriquez, Yuranis (57982471000); Parra-Rodríguez, Carlos Alberto (36998476800); Carrillo-Ramos, Angela (55666303200)","57982471000; 36998476800; 55666303200","ALPY PLUS - Adaptive Model Oriented to Pathway Planning in Virtual Learning System","2022","Communications in Computer and Information Science","1594 CCIS","","","83","100","0","1","10.1007/978-3-031-19951-6_6","https://www.scopus.com/inward/record.uri?eid=2-s2.0-85142682869&doi=10.1007%2F978-3-031-19951-6_6&partnerID=40&md5=29415138f37639204a2b7afed27afe6e","Conference paper","Final","","Scopus","2-s2.0-85142682869"
"Suarez, O.J.; MacIas-Garcia, E.; Vega, C.J.; Peñaloza, Y.C.; Díaz, N.H.; Garrido, V.M.","Suarez, Oscar J. (57201349175); MacIas-Garcia, Edgar (57219549683); Vega, Carlos J. (56562603000); Peñaloza, Yersica C. (57580976200); Díaz, Nicolás Hernández (57220077564); Garrido, Victor M. (57212456661)","57201349175; 57219549683; 56562603000; 57580976200; 57220077564; 57212456661","Automatic seeds segmentation and classification using a novel method based on pixel intensity thresholds and convolutional neural networks","2022","","","","","","","0","2","10.1109/ColCACI56938.2022.9905375","https://www.scopus.com/inward/record.uri?eid=2-s2.0-85141399032&doi=10.1109%2FColCACI56938.2022.9905375&partnerID=40&md5=899e822e4344d0b5ceadb25843f1bcaa","Conference paper","Final","","Scopus","2-s2.0-85141399032"
"Gutiérrez-Ruiz, K.; Pérez, I.N.","Gutiérrez-Ruiz, Karol Patricia (57192930752); Pérez, Isabel Negrín (57944478300)","57192930752; 57944478300","Perceived stress during social isolation due to COVID-19 and cognitive impact on young university students; Estrès percebut durant l'aïllament social per covid-19 i el seu impacte cognitiu en joves universitaris; Estrés percibido durante el aislamiento social por COVID-19 y su impacto cognitivo en jóvenes universitarios","2022","Anuario de Psicologia","52","2","","146","154","0","2","10.1344/ANPSIC2022.52/2.34153","https://www.scopus.com/inward/record.uri?eid=2-s2.0-85140772370&doi=10.1344%2FANPSIC2022.52%2F2.34153&partnerID=40&md5=130db0d4f4e4b26ddb8416b61f3dfc4f","Article","Final","All Open Access; Gold Open Access","Scopus","2-s2.0-85140772370"
"Rubiano-Labrador, C.; Acevedo-Barrios, R.; Lazaro, A.G.; Bowie, L.W.; Támara Acosta, A.K.; Molina, B.M.","Rubiano-Labrador, Carolina (55649334800); Acevedo-Barrios, R. L. (56674579200); Lazaro, Alba García (57930522500); Bowie, Lilia Ward (57930953900); Támara Acosta, Ana Karina (57930807000); Molina, Blanca Mercado (57931525500)","55649334800; 56674579200; 57930522500; 57930953900; 57930807000; 57931525500","Pseudomonas strains from the Livingston Island, Antarctica: a source of cold-active hydrolytic enzymes","2022","Proceedings of the LACCEI international Multi-conference for Engineering, Education and Technology","2022-July","","","","","0","3","10.18687/LACCEI2022.1.1.713","https://www.scopus.com/inward/record.uri?eid=2-s2.0-85140043548&doi=10.18687%2FLACCEI2022.1.1.713&partnerID=40&md5=28a870c0c1d5564c95a693770644779f","Conference paper","Final","All Open Access; Bronze Open Access","Scopus","2-s2.0-85140043548"
"Cardenas-Escobar, A.Z.; Castilla Ávila, P.F.; de Mogollón, G.M.","Cardenas-Escobar, Alba Zulay (57930948900); Castilla Ávila, Pedro Fabián (57226182334); de Mogollón, Gilma Mestre (57930522400)","57930948900; 57226182334; 57930522400","Financial modelling in turbulent scenarios: A didactic for the financial valuation of companies and projects; Modelación financiera en escenarios turbulentos: Una didáctica para la valoración financiera de empresas y proyectos","2022","Proceedings of the LACCEI international Multi-conference for Engineering, Education and Technology","2022-July","","","","","0","0","","https://www.scopus.com/inward/record.uri?eid=2-s2.0-85140030464&partnerID=40&md5=833beee3c6cbcf52e0445a540940cf9d","Conference paper","Final","","Scopus","2-s2.0-85140030464"
"Magier, D.; Cárdenas, I.; Raúl, P.; Gualdrón, G.; Villa, J.L.","Magier, Dupperley (57931098100); Cárdenas, Ismael (57931098200); Raúl, Padrón C. (57211351906); Gualdrón, Carlos G. (57215557867); Villa, J. L. (7005142049)","57931098100; 57931098200; 57211351906; 57215557867; 7005142049","Control System for Project Management in a Construction Sector Company through the Earned Value Technique in the Caribbean; Sistema de Control para la Gerencia de Proyectos en una Compañía del Sector de la Construcción a través la Técnica del Valor Ganado en el Caribe","2022","Proceedings of the LACCEI international Multi-conference for Engineering, Education and Technology","2022-July","","","","","0","0","10.18687/LACCEI2022.1.1.387","https://www.scopus.com/inward/record.uri?eid=2-s2.0-85140023072&doi=10.18687%2FLACCEI2022.1.1.387&partnerID=40&md5=3561b77a7eb9e54962b9527e5a12c9f4","Conference paper","Final","All Open Access; Bronze Open Access","Scopus","2-s2.0-85140023072"
"Gómez-Pupo, S.M.; Fennix-Agudelo, M.A.; Patiño, A.; Patino-Saucedo, A.; Chavarro-Mesa, E.C.","Gómez-Pupo, Santiago María (57931414300); Fennix-Agudelo, Mary Andrea (57193855099); Patiño, Alberto (57190688459); Patino-Saucedo, Alberto (57205197204); Chavarro-Mesa, Edisson (57188841051)","57931414300; 57193855099; 57190688459; 57205197204; 57188841051","Convolutional neural networks for the recognition of diseases and pests in Cassava leaves (Manihot esculenta)","2022","Proceedings of the LACCEI international Multi-conference for Engineering, Education and Technology","2022-July","","","","","0","3","10.18687/LACCEI2022.1.1.759","https://www.scopus.com/inward/record.uri?eid=2-s2.0-85140007422&doi=10.18687%2FLACCEI2022.1.1.759&partnerID=40&md5=d4bbe3a9aa0f4565463e764db26b7a10","Conference paper","Final","All Open Access; Bronze Open Access","Scopus","2-s2.0-85140007422"
"José, P.S.; Mónica, A.N.; Martha, C.L.; Arellano-Cartagena, A.C.","José, Pérez Salas (57930736500); Mónica, Alcalá Narváez (57931174100); Martha, Carrillo Landazábal (57930736600); Arellano-Cartagena, William (58068069000)","57930736500; 57931174100; 57930736600; 58068069000","Family school climate and its relationship with academic performance: Application in rural educational institutions; Clima escolar familiar y su relación con el rendimiento académico: Aplicación en instituciones educativas rurales","2022","Revista de Ciencias Sociales","28","ESPECIAL 6","","110","125","0","6","10.31876/rcs.v28i.38826","https://www.scopus.com/inward/record.uri?eid=2-s2.0-85140005820&doi=10.31876%2Frcs.v28i.38826&partnerID=40&md5=9f3cd793bd06bd52c34660885b84959c","Article","Final","All Open Access; Gold Open Access; Green Accepted Open Access; Green Open Access","Scopus","2-s2.0-85140005820"
"Mendoza Díaz, A.M.; de Mogollón, G.M.; Gazabón Arrieta, F.G.; Cardenas-Escobar, A.Z.","Mendoza Díaz, Armando (57931099400); de Mogollón, Gilma Mestre (57930522400); Gazabón Arrieta, Fabian (57202852177); Cardenas-Escobar, Alba Zulay (57930948900)","57931099400; 57930522400; 57202852177; 57930948900","Assessment of the soft skills of the final degree students at UTB: A contrast between engineering and other faculties; Valoración de las habilidades blandas de los estudiantes de fin de carrera en la UTB: Un contraste de ingenierías y las otras facultades","2022","Proceedings of the LACCEI international Multi-conference for Engineering, Education and Technology","2022-July","","","","","0","0","10.18687/LACCEI2022.1.1.325","https://www.scopus.com/inward/record.uri?eid=2-s2.0-85140003108&doi=10.18687%2FLACCEI2022.1.1.325&partnerID=40&md5=244eca455f8983d2397b93b1c3508f35","Conference paper","Final","All Open Access; Bronze Open Access","Scopus","2-s2.0-85140003108"
"Agudelo, C.A.C.; Cardenas-Escobar, A.Z.; Fernández, A.M.C.; Quiroz, A.Ñ.","Agudelo, Camilo Andrés Cardona (57930967900); Cardenas-Escobar, Alba Zulay (57930948900); Fernández, Ana Milena Cardona (57931539800); Quiroz, Andrea Ñañez (57931402800)","57930967900; 57930948900; 57931539800; 57931402800","Proposal of a model for the use of industry 4.0 elements in asset-intensive industries; Propuesta de un modelo de uso de elementos de la industria 4.0 en industrias intensivas en activos","2022","Proceedings of the LACCEI international Multi-conference for Engineering, Education and Technology","2022-July","","","","","0","0","10.18687/LACCEI2022.1.1.412","https://www.scopus.com/inward/record.uri?eid=2-s2.0-85140000797&doi=10.18687%2FLACCEI2022.1.1.412&partnerID=40&md5=ed89f15168f8a6bf0725b64852775193","Conference paper","Final","All Open Access; Bronze Open Access","Scopus","2-s2.0-85140000797"
"Gualdrón, G.; González, A.; Keyner, G.","Gualdrón, Carlos G. (57215557867); González, Alejandra (57205516296); Keyner, Galera (57931249900)","57215557867; 57205516296; 57931249900","Comparative Management Analysis Knowledge in Colombian and Chilean SMEs: Theoretical Approach","2022","Proceedings of the LACCEI international Multi-conference for Engineering, Education and Technology","2022-July","","","","","0","0","10.18687/LACCEI2022.1.1.617","https://www.scopus.com/inward/record.uri?eid=2-s2.0-85139999161&doi=10.18687%2FLACCEI2022.1.1.617&partnerID=40&md5=ff91cfc72ceca823bcea5e6b4357259e","Conference paper","Final","All Open Access; Bronze Open Access","Scopus","2-s2.0-85139999161"
"Gualdrón, G.; Raúl, P.; Alfonso, N.; José, M.","Gualdrón, Carlos G. (57215557867); Raúl, Padrón C. (57211351906); Alfonso, Nunez (57930803200); José, Mejia (57773155300)","57215557867; 57211351906; 57930803200; 57773155300","Design of a governance model for a specific phase of projects in the refining and petrochemical sector in Cartagena-Colombia; Diseño de un modelo de gobierno para una fase especifica de los proyectos en el sector de refinación y petroquímica en Cartagena-Colombia","2022","Proceedings of the LACCEI international Multi-conference for Engineering, Education and Technology","2022-July","","","","","0","0","10.18687/LACCEI2022.1.1.383","https://www.scopus.com/inward/record.uri?eid=2-s2.0-85139996022&doi=10.18687%2FLACCEI2022.1.1.383&partnerID=40&md5=f72181565944b79592bd8c13dfff8749","Conference paper","Final","All Open Access; Bronze Open Access","Scopus","2-s2.0-85139996022"
"Fennix-Agudelo, M.A.; Sánchez-Quitian, Z.A.; Parra-Giraldo, C.M.; Zarza-Gonzalez, E.; Merchán-Castellanos, N.; Chavarro-Mesa, E.C.; Martinez-Santos, J.C.","Fennix-Agudelo, Mary Andrea (57193855099); Sánchez-Quitian, Zilpa Adriana (36060224900); Parra-Giraldo, Claudia M. (54414722600); Zarza-Gonzalez, Esteban (23092567400); Merchán-Castellanos, Nuri Andrea (57211112049); Chavarro-Mesa, Edisson (57188841051); Martinez-Santos, Juan Carlos (26325154200)","57193855099; 36060224900; 54414722600; 23092567400; 57211112049; 57188841051; 26325154200","MALDI-TOF MS for the identification of bacteria from Acropora cervicornis samples with White Band Disease","2022","Proceedings of the LACCEI international Multi-conference for Engineering, Education and Technology","2022-July","","","","","0","2","10.18687/LACCEI2022.1.1.714","https://www.scopus.com/inward/record.uri?eid=2-s2.0-85139995263&doi=10.18687%2FLACCEI2022.1.1.714&partnerID=40&md5=e31ef71b1490f7e7d876c56a59a7afd7","Conference paper","Final","All Open Access; Bronze Open Access","Scopus","2-s2.0-85139995263"
"Castellanos, H.M.; Villa, J.L.","Castellanos, Heliana Milena (59179042900); Villa, J. L. (7005142049)","59179042900; 7005142049","Design of a tool for the management of R+D+i projects in Universities; Diseño de una herramienta para la gestión de proyectos de I+D+i en Universidades","2022","Proceedings of the LACCEI international Multi-conference for Engineering, Education and Technology","2022-July","","","","","0","0","10.18687/LACCEI2022.1.1.672","https://www.scopus.com/inward/record.uri?eid=2-s2.0-85139992261&doi=10.18687%2FLACCEI2022.1.1.672&partnerID=40&md5=26a505dd8c2808a4867070a1eab54a8d","Conference paper","Final","All Open Access; Bronze Open Access","Scopus","2-s2.0-85139992261"
"Giraldo, M.P.R.; Cardenas-Escobar, A.Z.","Giraldo, María Paula Ramirez (57931095300); Cardenas-Escobar, Alba Zulay (57930948900)","57931095300; 57930948900","El mundo de las criptomonedas","2022","Proceedings of the LACCEI international Multi-conference for Engineering, Education and Technology","2022-July","","","","","0","0","10.18687/LACCEI2022.1.1.482","https://www.scopus.com/inward/record.uri?eid=2-s2.0-85139990748&doi=10.18687%2FLACCEI2022.1.1.482&partnerID=40&md5=d5f85f4ca6678ef00efb6febf0eef12f","Conference paper","Final","All Open Access; Bronze Open Access","Scopus","2-s2.0-85139990748"
"Mendoza, K.D.; Sierra, J.S.; Tello, A.; Galvis-Ramírez, V.; Romero, L.A.; Marrugo, A.G.","Mendoza, Kevin D. (57221460700); Sierra, Juan S. (57209048746); Tello, Alejandro (6603664598); Galvis-Ramírez, Virgilio (55963715000); Romero, Lenny A. (36142156300); Marrugo, Andrés G. (24329839300)","57221460700; 57209048746; 6603664598; 55963715000; 36142156300; 24329839300","Generative Adversarial Networks for Cell Segmentation in Human Corneal Endothelium","2022","","","","ITh3D.3","","","0","1","","https://www.scopus.com/inward/record.uri?eid=2-s2.0-85139550660&partnerID=40&md5=7774c04e64449d8724c0b128e1832321","Conference paper","Final","","Scopus","2-s2.0-85139550660"
"Rojas, R.R.; Martínez-Palomino, O.S.; Villalba-Acevedo, J.L.; Gómez Torres, A.E.","Rojas, Ronald R. (57212543326); Martínez-Palomino, Oriana Susana (58620428800); Villalba-Acevedo, Jorge Luis (57918628600); Gómez Torres, Alberto Emilio (57917842000)","57212543326; 58620428800; 57918628600; 57917842000","Design of an Instrument to Evaluate Organizational Design Characteristics Based on the Organizational Configuration Model","2022","International Journal of Interdisciplinary Organizational Studies","17","1","","83","101","0","0","10.18848/2324-7649/CGP/v17i01/83-101","https://www.scopus.com/inward/record.uri?eid=2-s2.0-85139432921&doi=10.18848%2F2324-7649%2FCGP%2Fv17i01%2F83-101&partnerID=40&md5=7473cae14eabb17a87c3cce01ab0a675","Review","Final","","Scopus","2-s2.0-85139432921"
"Gutiérrez-Ruiz, K.","Gutiérrez-Ruiz, Karol Patricia (57192930752)","57192930752","Psychometric properties of the Questionnaire of Myths about Giftedness in the Colombian population; Propiedades psicométricas del Cuestionario de Mitos sobre Altas Capacidades Intelectuales en población colombiana","2022","Revista Complutense de Educacion","33","4","","667","677","0","3","10.5209/rced.76486","https://www.scopus.com/inward/record.uri?eid=2-s2.0-85139180545&doi=10.5209%2Frced.76486&partnerID=40&md5=cc47e904c2d74eecc4459527e4d3f63a","Article","Final","All Open Access; Gold Open Access","Scopus","2-s2.0-85139180545"
"Quintero, F.J.; Vargas, R.; Romero, L.A.; Marrugo, A.G.","Quintero, Fernando J. (57221475394); Vargas, Raúl (57117284600); Romero, Lenny A. (36142156300); Marrugo, Andrés G. (24329839300)","57221475394; 57117284600; 36142156300; 24329839300","Modeling a Structured Light System with Open-Source Software","2022","","","","","","","0","0","","https://www.scopus.com/inward/record.uri?eid=2-s2.0-85139137985&partnerID=40&md5=1fa3aef2afe4b56e4abc7e35c91a7762","Conference paper","Final","","Scopus","2-s2.0-85139137985"
"Rodríguez, E.Y.; McKinley, J.R.; Ramírez, J.V.","Rodríguez, Eugenio Yime (57216294312); McKinley, Javier Roldán (12645152000); Ramírez, José Villa (57911869400)","57216294312; 12645152000; 57911869400","Calculated Torque Control of a Planar Parallel Robot 2-RR","2022","Journal of Autonomous Intelligence","5","1","","72","84","0","2","10.32629/jai.v5i1.508","https://www.scopus.com/inward/record.uri?eid=2-s2.0-85138997503&doi=10.32629%2Fjai.v5i1.508&partnerID=40&md5=57e24cc51c86f9d9377ff73970039f06","Article","Final","All Open Access; Gold Open Access","Scopus","2-s2.0-85138997503"
"Guzmán, Á.; Rueda, E.; Perez, F.R.; Marrugo, A.G.","Guzmán, Ángela M. (7102622287); Rueda, Edgar A. (24279113900); Perez, Freddy R. (22963494000); Marrugo, Andrés G. (24329839300)","7102622287; 24279113900; 22963494000; 24329839300","La óptica en Colombia: introducción al número especial","2022","Optica Pura y Aplicada","55","1","","1","3","0","0","10.7149/OPA.55.1.5511","https://www.scopus.com/inward/record.uri?eid=2-s2.0-85137625991&doi=10.7149%2FOPA.55.1.5511&partnerID=40&md5=9832ffe0f48f14eeb9b94df6b742ebd6","Editorial","Final","All Open Access; Gold Open Access","Scopus","2-s2.0-85137625991"
"Arroyave, J.; Garcés-Prettel, M.","Arroyave, Jesús Antonio (57218461329); Garcés-Prettel, Miguel Efrén (57193012270)","57218461329; 57193012270","Conceptual Evolution of Peace Journalism: Origin, Development, Critiques and Contributions to Peace Studies; Evolucion conceptual del periodismo de paz: Origen, desarrollo, críticas y aportes a los estudios sobre paz","2022","Signo y Pensamiento","41","","A1","","","0","4","10.11144/Javeriana.syp41.ecpp","https://www.scopus.com/inward/record.uri?eid=2-s2.0-85136720853&doi=10.11144%2FJaveriana.syp41.ecpp&partnerID=40&md5=c91f614028d70db9995afe5b298924a7","Article","Final","All Open Access; Gold Open Access","Scopus","2-s2.0-85136720853"
"Rodríguez-Díaz, A.; Díaz-Mendoza, C.; Pasqualino, J.; Bahamón-Restrepo, A.","Rodríguez-Díaz, Andrés (57826094100); Díaz-Mendoza, Claudia (55258973100); Pasqualino, Jorgelina C. (14622047600); Bahamón-Restrepo, Andrés (57224767782)","57826094100; 55258973100; 14622047600; 57224767782","Comparative Analysis of The Solid Waste Management Plans of Bogotá D.C and Mexico City; Análise Comparativa Dos Planos De Gestão de Resíduos Sólidos de Bogotá D.C E Cidade do México; Análisis comparativo de los planes de gestión de residuos sólidos de Bogotá D.C y Ciudad de México","2022","Produccion y Limpia","17","1","","111","135","0","2","10.22507/10.22507/PML.V17N1A7","https://www.scopus.com/inward/record.uri?eid=2-s2.0-85135233433&doi=10.22507%2F10.22507%2FPML.V17N1A7&partnerID=40&md5=0d5f6cb4b2a66f29d9badb2d4ac2e89b","Article","Final","All Open Access; Gold Open Access","Scopus","2-s2.0-85135233433"
"Zuluaga-Ortiz, R.; Delahoz-Domínguez, E.; Periñan-Luna, A.; Escorcia Guzmán, J.; Moreira-Villegas, F.; Arteta, A.","Zuluaga-Ortiz, Rohemi Alfredo (57216439951); Delahoz-Domínguez, Enrique J. (57220073247); Periñan-Luna, Arantxa (57821978600); Escorcia Guzmán, Jey (57217330914); Moreira-Villegas, Francisco (57821219600); Arteta, Ana Lucia (57201320511)","57216439951; 57220073247; 57821978600; 57217330914; 57821219600; 57201320511","Evaluation of Educational Quality Under a Six Sigma Approach to Engineering Degrees in Colombia","2022","Lecture Notes in Computer Science","13293 LNCS","","","172","188","0","0","10.1007/978-3-031-10539-5_13","https://www.scopus.com/inward/record.uri?eid=2-s2.0-85135051930&doi=10.1007%2F978-3-031-10539-5_13&partnerID=40&md5=bf87351caed38343fd25b3931b7b00e9","Conference paper","Final","All Open Access; Green Accepted Open Access; Green Open Access","Scopus","2-s2.0-85135051930"
"Medina-Hernández, E.J.; Muñiz-Olite, J.L.; Llerena, E.B.","Medina-Hernández, Edith Johana (57354189300); Muñiz-Olite, Jorge Luis (57758796500); Llerena, Evelyn Barco (57814452500)","57354189300; 57758796500; 57814452500","Multidimensional analysis of the evolution of the COVID-19 pandemic in countries of the Americas; Análise multidimensional da evolução da pandemia da COVID-19 em países das Américas; Análisis multidimensional de la evolución de la pandemia de la COVID-19 en países de las Américas","2022","Revista Panamericana de Salud Publica/Pan American Journal of Public Health","46","","e49","","","0","7","10.26633/RPSP.2022.49","https://www.scopus.com/inward/record.uri?eid=2-s2.0-85134683981&doi=10.26633%2FRPSP.2022.49&partnerID=40&md5=c26bd8aa9228712b90783421950d6f87","Article","Final","All Open Access; Gold Open Access; Green Accepted Open Access; Green Open Access","Scopus","2-s2.0-85134683981"
"Galeano-Cabral, J.R.; Porto-Hernández, L.A.; Vargas, J.V.C.; Ordonez, J.C.","Galeano-Cabral, Jorge R. (57805169800); Porto-Hernández, Luis Ángel (57804909800); Vargas, José Viriato Coelho (7202699409); Ordonez, J. C. (57208458185)","57805169800; 57804909800; 7202699409; 57208458185","EXERGETIC OPTIMIZATION OF AN INTEGRATED MUNICIPAL SOLID WASTE INCINERATOR AND WASTEWATER TREATMENT PLANT","2022","International Journal of Energy for a Clean Environment","23","4","","95","108","0","4","10.1615/INTERJENERCLEANENV.2022040681","https://www.scopus.com/inward/record.uri?eid=2-s2.0-85134262258&doi=10.1615%2FINTERJENERCLEANENV.2022040681&partnerID=40&md5=875f9a78b275d2f59cc09ff20c85df90","Article","Final","","Scopus","2-s2.0-85134262258"
"Herrera-Barrios, A.; Puello, J.; Pasqualino, J.; Lambis-Miranda, H.A.","Herrera-Barrios, Adriana (57789527600); Puello, Juliana (55305485400); Pasqualino, Jorgelina C. (14622047600); Lambis-Miranda, Henry A. (57194689395)","57789527600; 55305485400; 14622047600; 57194689395","Agro-Industrial Waste from Cocoa Pod Husk (Theobroma cacao L.), as a Potential Raw Material for Preparation of Cellulose Nanocrystals","2022","Chemical Engineering Transactions","92","","","205","210","0","7","10.3303/CET2292035","https://www.scopus.com/inward/record.uri?eid=2-s2.0-85133697267&doi=10.3303%2FCET2292035&partnerID=40&md5=7608be83f61256ffc5bf8a690d3d1e43","Article","Final","","Scopus","2-s2.0-85133697267"
"Ojeda-Caicedo, V.V.; Osorio-Del-Valle, C.; Villa, J.L.; Contreras-Ortiz, S.H.","Ojeda-Caicedo, Vilma Viviana (57220077867); Osorio-Del-Valle, Cristina (57220068897); Villa, J. L. (7005142049); Contreras-Ortiz, Sonia H. (57210822856)","57220077867; 57220068897; 7005142049; 57210822856","Towards gender equality in engineering programs. A case study.","2022","","","","","","","0","5","10.1109/EDUNINE53672.2022.9782343","https://www.scopus.com/inward/record.uri?eid=2-s2.0-85132286211&doi=10.1109%2FEDUNINE53672.2022.9782343&partnerID=40&md5=fd4b476fdba0d6cf5abc953f7d0a5a33","Conference paper","Final","","Scopus","2-s2.0-85132286211"
"Delahoz-Domínguez; Rohemi, Z.-O.; Arantxa, P.-L.; Silvana, M.-B.","Delahoz-Domínguez (57730105400); Rohemi, Zuluaga Ortiz (57730411900); Arantxa, Periñan Luna (57729506000); Silvana, Mendoza Brand (57729801000)","57730105400; 57730411900; 57729506000; 57729801000","A Six Sigma Approach to Assessing the Quality of Higher Education in Colombia; Un enfoque de Seis Sigma para evaluar la calidad de la educación superior en Colombia","2022","Revista de Metodos Cuantitativos para la Economia y la Empresa","33","","","386","407","0","6","10.46661/REVMETODOSCUANTECONEMPRESA.5313","https://www.scopus.com/inward/record.uri?eid=2-s2.0-85131406585&doi=10.46661%2FREVMETODOSCUANTECONEMPRESA.5313&partnerID=40&md5=ce27b5e0c6d1dfe98a927552951784f1","Article","Final","All Open Access; Gold Open Access; Green Accepted Open Access; Green Open Access","Scopus","2-s2.0-85131406585"
"Gutiérrez-Ruiz, K.; Audivet, L.; Mosquera-Valoy, Y.","Gutiérrez-Ruiz, Karol Patricia (57192930752); Audivet, L. (57728632700); Mosquera-Valoy, Yoissy (57728207100)","57192930752; 57728632700; 57728207100","Differences in health-related quality of life, neuropsychological functions and emotional state between children and adolescents with mild traumatic brain injury and healthy controls; Diferencias en la calidad de vida relacionada con la salud, las funciones neuropsicológicas y el estado emocional entre niños y adolescentes con daño cerebral traumático leve y controles sanos","2022","Revista de Psicopatologia y Psicologia Clinica","27","1","","13","24","0","1","10.5944/rppc.27891","https://www.scopus.com/inward/record.uri?eid=2-s2.0-85131353281&doi=10.5944%2Frppc.27891&partnerID=40&md5=a2e592aaec30c7ccbaa7dd5fd84d0399","Article","Final","All Open Access; Gold Open Access","Scopus","2-s2.0-85131353281"
"Marrugo, A.G.; Bustos-González, A.; Rueda, E.","Marrugo, Andrés G. (24329839300); Bustos-González, Atilio (15755376200); Rueda, Edgar A. (24279113900)","24329839300; 15755376200; 24279113900","The state of optics research in Colombia: a scientometric analysis","2022","Optica Pura y Aplicada","55","1","51094","","","0","2","10.7149/OPA.55.1.51094","https://www.scopus.com/inward/record.uri?eid=2-s2.0-85130351174&doi=10.7149%2FOPA.55.1.51094&partnerID=40&md5=e2e1725a69f2c03cac56e6b27f3a5832","Article","Final","All Open Access; Gold Open Access","Scopus","2-s2.0-85130351174"
"Ferro, D.; Gil, J.; Jiménez, A.; Manrique, C.; Martínez, C.A.","Ferro, Daniela (57674358600); Gil, Jhon (57673820800); Jiménez, Ariel (55414044400); Manrique, Carlos Cohen (36909258600); Martínez, Carlos Alberto (57189620009)","57674358600; 57673820800; 55414044400; 36909258600; 57189620009","Estimation of lactation curves of Gyr cattle and some associated production parameters in the Colombian low tropic; Estimação de curvas de lactação de bovinos Gyr e alguns parâmetros associados no trópico baixo da Colômbia; Estimación de Curvas de lactancia de bovinos Gyr y algunos parámetros asociados en el trópico bajo Colombiano","2022","Revista Colombiana de Ciencias Pecuarias","35","1","","3","13","0","2","10.17533/udea.rccp.v35n1a01","https://www.scopus.com/inward/record.uri?eid=2-s2.0-85129767611&doi=10.17533%2Fudea.rccp.v35n1a01&partnerID=40&md5=5d16eb50d783ef769314f9ca4b0d779a","Article","Final","All Open Access; Gold Open Access; Green Accepted Open Access; Green Open Access","Scopus","2-s2.0-85129767611"
"Rosero-Prada, A.L.; de la Ossa, E.","Rosero-Prada, Ana Lucia (57639048500); de la Ossa, Elsy Domínguez (57223851529)","57639048500; 57223851529","New Scenarios, Actors, and Educational Practices Where Coexistence, Diversity, and Culture Are Built; Novos cenários, atores e práticas educativas onde a convivência, a diversidade e a cultura são construídas; Nuevos escenarios, actores y prácticas educativas donde se construye la convivencia, la diversidad y la cultura","2022","Revista Electronica Educare","26","2","","","","0","0","10.15359/ree.26-2.4","https://www.scopus.com/inward/record.uri?eid=2-s2.0-85128817584&doi=10.15359%2Free.26-2.4&partnerID=40&md5=0467eaf656d57a48d20ea6aaa7ec4bf7","Article","Final","All Open Access; Gold Open Access; Green Accepted Open Access; Green Open Access","Scopus","2-s2.0-85128817584"
"Gutiérrez-Ruiz, K.","Gutiérrez-Ruiz, Karol Patricia (57192930752)","57192930752","Knowledge and myths among Colombian teachers about high intellectual abilities; Conhecimentos e mitos de professores colombianos sobre altas habilidades intelectuais; Conocimientos y mitos de profesores colombianos sobre las altas capacidades intelectuales","2022","Revista Latinoamericana de Ciencias Sociales, Ninez y Juventud","20","2","","","","0","2","10.11600/RLCSNJ.20.2.4913","https://www.scopus.com/inward/record.uri?eid=2-s2.0-85128640364&doi=10.11600%2FRLCSNJ.20.2.4913&partnerID=40&md5=27b63a9ad9b85d6fcaa85120706fcb74","Article","Final","All Open Access; Gold Open Access","Scopus","2-s2.0-85128640364"
"Díaz, N.H.; Peñaloza, Y.C.; Rios, Y.Y.; Magre, L.A.","Díaz, Nicolás Hernández (57220077564); Peñaloza, Yersica C. (57580976200); Rios, Y. Yuliana (57204642964); Magre, Luz Alejandra (56682785300)","57220077564; 57580976200; 57204642964; 56682785300","Software to Assist Visually Impaired People During the Craps Game Using Machine Learning on Python Platform","2022","Communications in Computer and Information Science","1532 CCIS","","","175","189","0","1","10.1007/978-3-030-99170-8_13","https://www.scopus.com/inward/record.uri?eid=2-s2.0-85128483994&doi=10.1007%2F978-3-030-99170-8_13&partnerID=40&md5=ad376987107d743b9ed9162e355df6df","Conference paper","Final","","Scopus","2-s2.0-85128483994"
"Espinosa-Espinosa, A.E.","Espinosa-Espinosa, Aarón (57211108028)","57211108028","Citizen participation in popular festivals in Colombian Caribbean region: A Quantitative Analysis of Carnival of Barranquilla and Independence Feasts of Cartagena; Participação cidadã em festas populares no Caribe colombiano: análise quantitativa do Carnaval de Barranquilla e das Festas da Independência de Cartagena; La participación ciudadana en fiestas populares del Caribe colombiano: análisis cuantitativo del Carnaval de Barranquilla y las Fiestas de Independencia de Cartagena","2022","Memorias","","46","","49","80","0","1","10.14482/MEMOR.46.394.26","https://www.scopus.com/inward/record.uri?eid=2-s2.0-85127502855&doi=10.14482%2FMEMOR.46.394.26&partnerID=40&md5=f3bac6e81a83665124a36e4f6545d0eb","Article","Final","All Open Access; Gold Open Access","Scopus","2-s2.0-85127502855"
"Garcés-Prettel, M.; Vázquez-Miraz, P.; Santoya-Montes, Y.","Garcés-Prettel, Miguel Efrén (57193012270); Vázquez-Miraz, Pedro (57196040759); Santoya-Montes, Yanin (57216345199)","57193012270; 57196040759; 57216345199","JUSTIFICATION and STUDENTS’ ATTITUDES towards VIOLENCE in COLOMBIAN UNIVERSITIES; JUSTIFICAÇÃO E ATITUDES ESTUDANTIS EM RELAÇÃO À VIOLÊNCIA NAS UNIVERSIDADES COLOMBIANAS; JUSTIFICACIÓN Y ACTITUDES DEL ESTUDIANTADO FRENTE A LA VIOLENCIA EN UNIVERSIDADES COLOMBIANAS","2022","Pedagogia Social","","40","","131","147","0","3","10.7179/PSRI_2022.40.08","https://www.scopus.com/inward/record.uri?eid=2-s2.0-85126824189&doi=10.7179%2FPSRI_2022.40.08&partnerID=40&md5=e3ab743e201f0638835337408013f525","Article","Final","All Open Access; Gold Open Access; Green Accepted Open Access; Green Open Access","Scopus","2-s2.0-85126824189"
"Ahumada, R.; Ospina-Mateus, H.; Salas-Navarro, K.","Ahumada, Richard (57451981300); Ospina-Mateus, Holman (57194034904); Salas-Navarro, Katherinne (57193504630)","57451981300; 57194034904; 57193504630","Use of the rice and corn husk ashes as an innovative pozzolanic material in ceramic tile adhesive production","2022","Procedia Computer Science","198","","","572","577","0","10","10.1016/j.procs.2021.12.288","https://www.scopus.com/inward/record.uri?eid=2-s2.0-85124613867&doi=10.1016%2Fj.procs.2021.12.288&partnerID=40&md5=9b5fd16e7f7dcc0efcdfc31eb8b70b0b","Conference paper","Final","All Open Access; Gold Open Access; Green Accepted Open Access; Green Final Open Access; Green Open Access","Scopus","2-s2.0-85124613867"
"Ruiz Pérez, J.I.; Castro-Abril, P.; López-López, W.; Páez, D.; Méndez, L.; Castro-Molinares, S.; Yadira-Cepeda, Z.; Caicedo-Bucheli, M.A.; Amaris-Macías, M.; Moncayo, J.E.; Camelo-Mendoza, R.; Orduz-Gualdron, F.S.; Beltrán-Espitia, M.; Mongui, Z.L.; de la Ossa, E.; Alejo-Riveros, A.; Pérez-Cervantes, L.; Castillo, C.O.; Alvarado-Pinzón, L.; Jaime, A.R.-S.; Alejo-Castillo, E.; Orejuela, J.; Rocha, A.; Pérez-Arizabaleta, M.P.","Ruiz Pérez, José Ignacio (23493468400); Castro-Abril, Pablo (57221124290); López-López, Wilson (7004217890); Páez, Darío R. (7003627634); Méndez, Lander (57221115894); Castro-Molinares, Suly (57401952800); Yadira-Cepeda, Zulma (57402094600); Caicedo-Bucheli, María Alejandra (57402665100); Amaris-Macías, María (42860948500); Moncayo, Jorge Eduardo (57194437556); Camelo-Mendoza, Rossana Ninoska (57224072866); Orduz-Gualdron, Frank Steward (57402522000); Beltrán-Espitia, Manuel (57402381200); Mongui, Zulma Lorena (57402234300); de la Ossa, Elsy Domínguez (57223851529); Alejo-Riveros, Argemiro (57196299211); Pérez-Cervantes, Luís Eduardo (57402665200); Castillo, Carolina Orozco (57402522100); Alvarado-Pinzón, Laura (57219125878); Jaime, Alberto Restrepo Soto (57401811600); Alejo-Castillo, Edgar (57402665300); Orejuela, Johnny Javier (57214591182); Rocha, Areli Sarai (57200387066); Pérez-Arizabaleta, María Del Mar (57401953000)","23493468400; 57221124290; 7004217890; 7003627634; 57221115894; 57401952800; 57402094600; 57402665100; 42860948500; 57194437556; 57224072866; 57402522000; 57402381200; 57402234300; 57223851529; 57196299211; 57402665200; 57402522100; 57219125878; 57401811600; 57402665300; 57214591182; 57200387066; 57401953000","Colombian Truth Commission: Knowledge, perception, efficacy, and associated emotions; Commission de la vérité colombienne: Connaissance, perception, efficacité et émotions associées; Comissão colombiana da Verdade: Conhecimento, percepção, eficácia e emoções associadas; La Comisión de la Verdad en Colombia: conocimiento, percepción, eficacia y emociones asociadas","2022","Revista de Psicologia (Peru)","40","1","","119","154","0","4","10.18800/psico.202201.005","https://www.scopus.com/inward/record.uri?eid=2-s2.0-85122360135&doi=10.18800%2Fpsico.202201.005&partnerID=40&md5=0df6e4d87efa70ed8435681c3e5864a2","Article","Final","All Open Access; Gold Open Access; Green Accepted Open Access; Green Open Access","Scopus","2-s2.0-85122360135"
"Martinez Villadiego, K.; Arias Tapia, M.J.; Useche, J.; Escobar-Macias, D.","Martinez Villadiego, Keydis (57219398941); Arias Tapia, Mary Judith (57219403758); Useche, J. F. (24537991200); Escobar-Macias, Daniela (57221249794)","57219398941; 57219403758; 24537991200; 57221249794","Thermoplastic Starch (TPS)/Polylactic Acid (PLA) Blending Methodologies: A Review","2022","Journal of Polymers and the Environment","30","1","","75","91","0","130","10.1007/s10924-021-02207-1","https://www.scopus.com/inward/record.uri?eid=2-s2.0-85108086552&doi=10.1007%2Fs10924-021-02207-1&partnerID=40&md5=021e4d9281ce10f270c77ce638ff6803","Review","Final","","Scopus","2-s2.0-85108086552"
"Ramos-Vidal, I.; Palacio Sañudo, J.; de la Ossa, E.; Wehdking, I.","Ramos-Vidal, Ignacio (56703675400); Palacio Sañudo, Jorge Enrique (37100388900); de la Ossa, Elsy Domínguez (57223851529); Wehdking, Ingrid (57224309627)","56703675400; 37100388900; 57223851529; 57224309627","Which factors explain information exchange and user referral among program implementers?","2022","Journal of Community Psychology","50","1","","553","575","0","0","10.1002/jcop.22634","https://www.scopus.com/inward/record.uri?eid=2-s2.0-85107382186&doi=10.1002%2Fjcop.22634&partnerID=40&md5=eab5afad948ac2115b4df7f4d4d1675e","Article","Final","All Open Access; Gold Open Access","Scopus","2-s2.0-85107382186"
"Garcés-Prettel, M.; Santoya-Montes, Y.; Vázquez-Miraz, P.; Geney-Castro, E.","Garcés-Prettel, Miguel Efrén (57193012270); Santoya-Montes, Yanin (57216345199); Vázquez-Miraz, Pedro (57196040759); Geney-Castro, Elías (57427876200)","57193012270; 57216345199; 57196040759; 57427876200","Influence of Family Communication on Perceived Stress during the COVID-19 Pandemic; Influencia de la comunicación familiar en el estrés percibido durante la pandemia de COVID-19","2021","Salud Uninorte","37","3","","569","582","0","6","10.14482/sun.37.3.616.981","https://www.scopus.com/inward/record.uri?eid=2-s2.0-85123531972&doi=10.14482%2Fsun.37.3.616.981&partnerID=40&md5=565b31e2e51e3b84914546a48bba2f64","Article","Final","All Open Access; Gold Open Access","Scopus","2-s2.0-85123531972"
"Payares, E.D.; Martinez-Santos, J.C.","Payares, Esteban (57221228272); Martinez-Santos, Juan Carlos (26325154200)","57221228272; 26325154200","Parallel Quantum Computation Approach for Quantum Deep Learning and Classical-Quantum Models","2021","Journal of Physics: Conference Series","2090","1","012171","","","0","3","10.1088/1742-6596/2090/1/012171","https://www.scopus.com/inward/record.uri?eid=2-s2.0-85121488381&doi=10.1088%2F1742-6596%2F2090%2F1%2F012171&partnerID=40&md5=107be2ba3f0fb6f48529e4cc5af3d9b5","Conference paper","Final","All Open Access; Gold Open Access","Scopus","2-s2.0-85121488381"
"Argumedo-García, M.; Salas-Navarro, K.; Acevedo-Chedid, J.; Ospina-Mateus, H.","Argumedo-García, Mauricio (57391904600); Salas-Navarro, Katherinne (57193504630); Acevedo-Chedid, Jaime (57193533853); Ospina-Mateus, Holman (57194034904)","57391904600; 57193504630; 57193533853; 57194034904","Bibliometric analysis of the potential of technologies in the humanitarian supply Chain","2021","Journal of Open Innovation: Technology, Market, and Complexity","7","4","232","","","0","16","10.3390/joitmc7040232","https://www.scopus.com/inward/record.uri?eid=2-s2.0-85122023083&doi=10.3390%2Fjoitmc7040232&partnerID=40&md5=a6431453674aa9aa809a07aa692ef611","Review","Final","All Open Access; Gold Open Access; Green Accepted Open Access; Green Final Open Access; Green Open Access","Scopus","2-s2.0-85122023083"
"Carrillo, J.; Rodríguez, D.; Villar-Salinas, S.","Carrillo, Julian (28367475000); Rodríguez, Daniela (57223885423); Villar-Salinas, Sergio (57218294431)","28367475000; 57223885423; 57218294431","Contribution of CFRP to the shear strength of retrofitted lightly-reinforced concrete panels","2021","Journal of Building Engineering","44","","102722","","","0","7","10.1016/j.jobe.2021.102722","https://www.scopus.com/inward/record.uri?eid=2-s2.0-85106393384&doi=10.1016%2Fj.jobe.2021.102722&partnerID=40&md5=6becabb0aaae82a9f608a5f155c7f7b4","Article","Final","All Open Access; Gold Open Access","Scopus","2-s2.0-85106393384"
"Elena, G.V.M.; Netty, H.C.; de la Hoz Suárez, A.; Alex, M.A.","Elena, González Vergara Martha (57352407200); Netty, Huertas Cardozo (57352407300); de la Hoz Suárez, Aminta I. (36056051000); Alex, Morales Acosta (57352107300)","57352407200; 57352407300; 36056051000; 57352107300","Digital dissemination of objects: Cultural and tourist expressions in Colombia; Difusión digital de objetos: Expresiones culturales y turísticas en colombia","2021","Revista Venezolana de Gerencia","26","Special Issue 6","","155","172","0","4","10.52080/rvgluz.26.e6.10","https://www.scopus.com/inward/record.uri?eid=2-s2.0-85119876162&doi=10.52080%2Frvgluz.26.e6.10&partnerID=40&md5=c4b5d861c3e14a8ff64275608d0ae178","Article","Final","All Open Access; Gold Open Access","Scopus","2-s2.0-85119876162"
"Ramírez-Brewer, D.; Montoya Giraldo, O.D.; Useche, J.; Garcia-Zapateiro, L.","Ramírez-Brewer, David (57365816300); Montoya Giraldo, Oscar Danilo (56919564100); Useche, J. F. (24537991200); Garcia-Zapateiro, Luis Alberto (36679908400)","57365816300; 56919564100; 24537991200; 36679908400","Characterization and Modeling of the viscoelastic behavior of hydrocolloid-based films using classical and fractional rheological models","2021","Fluids","6","11","418","","","0","13","10.3390/fluids6110418","https://www.scopus.com/inward/record.uri?eid=2-s2.0-85120807198&doi=10.3390%2Ffluids6110418&partnerID=40&md5=1d771eae4a3d1dd35c841c22d8164cb7","Article","Final","All Open Access; Gold Open Access; Green Accepted Open Access; Green Open Access","Scopus","2-s2.0-85120807198"
"Aguirre-Mendoza, A.M.; Oyuela, S.; Espinoza-Roman, H.G.; Coronado-Hernández, O.E.; Fuertes-Miquel, V.S.; Paternina-Verona, D.A.","Aguirre-Mendoza, Andrés Miguel (57195569554); Oyuela, Sebastian (57327599800); Espinoza-Roman, Hector (57263942900); Coronado-Hernández, Oscar E. (57193337460); Fuertes-Miquel, Vicente S. (6507312882); Paternina-Verona, Duban A. (57327599900)","57195569554; 57327599800; 57263942900; 57193337460; 6507312882; 57327599900","2D CFD modeling of rapid water filling with air valves using openFOAM","2021","Water (Switzerland)","13","21","3104","","","0","20","10.3390/w13213104","https://www.scopus.com/inward/record.uri?eid=2-s2.0-85118716920&doi=10.3390%2Fw13213104&partnerID=40&md5=e1794268a76009e8f07aa298870acf5b","Article","Final","All Open Access; Gold Open Access; Green Accepted Open Access; Green Open Access","Scopus","2-s2.0-85118716920"
"Ospina-Mateus, H.; Quintana-Jiménez, L.A.; Lopez-Valdes, F.J.; Berrio-Garcia, S.; Barrero, L.H.; Sana, S.S.","Ospina-Mateus, Holman (57194034904); Quintana-Jiménez, Leonardo Augusto (57195939566); Lopez-Valdes, Francisco J. (23110963500); Berrio-Garcia, Shyrle (57215488018); Barrero, Lope H. (57208560675); Sana, Shib Sankar (15078194000)","57194034904; 57195939566; 23110963500; 57215488018; 57208560675; 15078194000","Extraction of decision rules using genetic algorithms and simulated annealing for prediction of severity of traffic accidents by motorcyclists","2021","Journal of Ambient Intelligence and Humanized Computing","12","11","","10051","10072","0","37","10.1007/s12652-020-02759-5","https://www.scopus.com/inward/record.uri?eid=2-s2.0-85099030274&doi=10.1007%2Fs12652-020-02759-5&partnerID=40&md5=c540cd05f877ed3e5ff291c8ac3faf52","Article","Final","","Scopus","2-s2.0-85099030274"
"Contreras-Ortiz, S.H.; Ojeda-Caicedo, V.V.; Marrugo-Salas, L.M.; Contreras, M.S.","Contreras-Ortiz, Sonia H. (57210822856); Ojeda-Caicedo, Vilma Viviana (57220077867); Marrugo-Salas, Lina Margarita (57392556500); Contreras, M. S. (57209627197)","57210822856; 57220077867; 57392556500; 57209627197","A Model for the Development of Programming Courses to Promote the Participation of Young Women in STEM","2021","ACM International Conference Proceeding Series","","","","126","132","0","4","10.1145/3486011.3486432","https://www.scopus.com/inward/record.uri?eid=2-s2.0-85122108657&doi=10.1145%2F3486011.3486432&partnerID=40&md5=3eae82b68ac6d0c90e4308aa0e661f48","Conference paper","Final","All Open Access; Gold Open Access","Scopus","2-s2.0-85122108657"
"Martínez-Conde, J.M.; Patiño, A.","Martínez-Conde, Jorge Mario (57657099300); Patiño, Alberto (57190688459)","57657099300; 57190688459","Learning the therapeutic use of drugs from the three-dimensional spatial information of their molecular structure with convolutional neural networks; Aprendizaje del uso terapéutico de fármacos a partir de la información espacial tridimensional de su estructura molecular con redes neuronales convolucionales","2021","DYNA (Colombia)","88","219","","247","255","0","1","10.15446/dyna.v88n219.92778","https://www.scopus.com/inward/record.uri?eid=2-s2.0-85129224650&doi=10.15446%2Fdyna.v88n219.92778&partnerID=40&md5=691dde74fe3b12913f902c007fceb86a","Article","Final","All Open Access; Gold Open Access","Scopus","2-s2.0-85129224650"
"Buelvas Hernández, A.; Fajardo Cuadro, J.; Barreto, D.; Carrillo Caballero, G.E.; Cárdenas Escorcia, Y.; Vidal-Tovar, C.R.; Gordon Hernández, Y.","Buelvas Hernández, Ana (59663414500); Fajardo Cuadro, Juan Gabriel (56581610900); Barreto, Deibys (57190756815); Carrillo Caballero, Gaylord Enrique (57193171659); Cárdenas Escorcia, Yulineth (57194679418); Vidal-Tovar, Carlos Ramón (57194709778); Gordon Hernández, Yimy (57202920823)","59663414500; 56581610900; 57190756815; 57193171659; 57194679418; 57194709778; 57202920823","Conventional and advanced exergoeconomic indicators of a nitric acid production plant concerning the cooling temperature in compression Train's intermediate stages","2021","Case Studies in Thermal Engineering","27","","101214","","","0","5","10.1016/j.csite.2021.101214","https://www.scopus.com/inward/record.uri?eid=2-s2.0-85111973606&doi=10.1016%2Fj.csite.2021.101214&partnerID=40&md5=c0940ff89ae2e5ffab0842f61d38eb1c","Article","Final","All Open Access; Gold Open Access; Green Final Open Access; Green Open Access","Scopus","2-s2.0-85111973606"
"Vázquez-Miraz, P.","Vázquez-Miraz, Pedro (57196040759)","57196040759","Teaching of creativity to psychology students at the Universidad Tecnológica de Bolívar (Cartagena, Colombia); La enseñanza de la creatividad en alumnos de psicología de la Universidad Tecnológica de Bolívar (Cartagena, Colombia)","2021","Artseduca","","30","","131","142","0","1","10.6035/ARTSEDUCA.5640","https://www.scopus.com/inward/record.uri?eid=2-s2.0-85116150803&doi=10.6035%2FARTSEDUCA.5640&partnerID=40&md5=e72f5992a7cfab3958a35374178ca103","Article","Final","All Open Access; Gold Open Access; Green Accepted Open Access; Green Open Access","Scopus","2-s2.0-85116150803"
"Chavarro-Mesa, E.C.; Herrera-Blanco, N.A.; Beltrán-Acosta, C.R.; Cotes-Prado, A.M.; Angel-Diaz, J.E.","Chavarro-Mesa, Edisson (57188841051); Herrera-Blanco, Néstor Andrés (57338101600); Beltrán-Acosta, Camilo Rubén (57211452678); Cotes-Prado, Alba Marina (15047666500); Angel-Diaz, Jorge Evelio (56168874900)","57188841051; 57338101600; 57211452678; 15047666500; 56168874900","Genetic diversity of Rhizoctonia solani AG-3PT, the etiological cause of stem canker and black scurf in Colombian potatoes; Diversidad genética de Rhizoctonia solani GA-3PT, causa etiológica del chancro del tallo y la sarna de la papa en Colombia","2021","Ciencia Tecnologia Agropecuaria","22","3","e1888","","","0","2","10.21930/RCTA.VOL22_NUM3_ART:1888","https://www.scopus.com/inward/record.uri?eid=2-s2.0-85119071847&doi=10.21930%2FRCTA.VOL22_NUM3_ART%3A1888&partnerID=40&md5=662ec85715ae4b48b2c756b91b766878","Article","Final","All Open Access; Gold Open Access","Scopus","2-s2.0-85119071847"
"López Fernández, R.L.; Almeida, L.E.; Vera Zapata, J.A.; Quintana Álvarez, M.R.Q.","López Fernández, Raúl (56729894400); Almeida, Lázaro Emilio Nieto (57222737020); Vera Zapata, Juan Antonio (57280880900); Quintana Álvarez, Moisés R. (57280248200)","56729894400; 57222737020; 57280880900; 57280248200","Learning modes in current contexts to improve the teaching process; Modos de aprendizaje en los contextos actuales para mejorar el proceso de enseñanza","2021","Universidad y Sociedad","13","5","","542","550","0","4","","https://www.scopus.com/inward/record.uri?eid=2-s2.0-85116138122&partnerID=40&md5=463d1c23de333a6a8dca0981311b8122","Article","Final","","Scopus","2-s2.0-85116138122"
"Hurtado-Misal, A.D.; Hernández-Sanjuan, D.; Coronado-Hernández, O.E.; Espinoza-Roman, H.G.; Fuertes-Miquel, V.S.","Hurtado-Misal, Aris D. (57263767300); Hernández-Sanjuan, Daniela (57262682200); Coronado-Hernández, Oscar E. (57193337460); Espinoza-Roman, Hector (57263942900); Fuertes-Miquel, Vicente S. (6507312882)","57263767300; 57262682200; 57193337460; 57263942900; 6507312882","Analysis of sub-atmospheric pressures during emptying of an irregular pipeline without an air valve using a 2d cfd model","2021","Water (Switzerland)","13","18","2526","","","0","13","10.3390/w13182526","https://www.scopus.com/inward/record.uri?eid=2-s2.0-85115174779&doi=10.3390%2Fw13182526&partnerID=40&md5=8bfe2820fd18d7d6233089f0da3add42","Article","Final","All Open Access; Gold Open Access; Green Accepted Open Access; Green Open Access","Scopus","2-s2.0-85115174779"
"Giraldo-Guzmán, J.; Kotas, M.; Castells, F.; Contreras-Ortiz, S.H.; Urina-Triana, M.","Giraldo-Guzmán, Jader Alexander (56520286300); Kotas, Marian P. (55985160800); Castells, Francisco J. (7003612212); Contreras-Ortiz, Sonia H. (57210822856); Urina-Triana, Miguel Alberto (6506505835)","56520286300; 55985160800; 7003612212; 57210822856; 6506505835","Estimation of PQ distance dispersion for atrial fibrillation detection","2021","Computer Methods and Programs in Biomedicine","208","","106167","","","0","7","10.1016/j.cmpb.2021.106167","https://www.scopus.com/inward/record.uri?eid=2-s2.0-85107668437&doi=10.1016%2Fj.cmpb.2021.106167&partnerID=40&md5=1dc0196faf4dc4e74ae3081f3f5a53e7","Article","Final","All Open Access; Gold Open Access; Green Accepted Open Access; Green Open Access","Scopus","2-s2.0-85107668437"
"Vásquez, J.; Aguirre, S.; Puertas, E.; Bruno, G.; Priarone, P.C.; Settineri, L.","Vásquez, Jenifer (57205400052); Aguirre, Santiago E. (55893282900); Puertas, Edwin (57202285682); Bruno, Giulia (22033901600); Priarone, Paolo Claudio (36993195100); Settineri, Luca (6602463988)","57205400052; 55893282900; 57202285682; 22033901600; 36993195100; 6602463988","A sustainability maturity model for micro, small and medium-sized enterprises (MSMEs) based on a data analytics evaluation approach","2021","Journal of Cleaner Production","311","","127692","","","0","66","10.1016/j.jclepro.2021.127692","https://www.scopus.com/inward/record.uri?eid=2-s2.0-85107140621&doi=10.1016%2Fj.jclepro.2021.127692&partnerID=40&md5=a30c6ff223786f596f307dcccee2904e","Article","Final","All Open Access; Gold Open Access","Scopus","2-s2.0-85107140621"
"Ocampo Batlle, E.A.; Escobar Palacio, J.C.; Silva Lora, E.E.; Bortoni, E.; Nogueira, L.A.; Carrillo Caballero, G.E.; Vitoriano Julio, A.A.; Cárdenas Escorcia, Y.","Ocampo Batlle, Eric Alberto (57204692948); Escobar Palacio, José Carlos (57202969334); Silva Lora, Electo Eduardo (35606579500); Bortoni, Edson C. (6506602516); Nogueira, Luiz Augusto Horta (57131351600); Carrillo Caballero, Gaylord Enrique (57193171659); Vitoriano Julio, Alisson Aparecido (59416280800); Cárdenas Escorcia, Yulineth (57194679418)","57204692948; 57202969334; 35606579500; 6506602516; 57131351600; 57193171659; 59416280800; 57194679418","Energy, economic, and environmental assessment of the integrated production of palm oil biodiesel and sugarcane ethanol","2021","Journal of Cleaner Production","311","","127638","","","0","38","10.1016/j.jclepro.2021.127638","https://www.scopus.com/inward/record.uri?eid=2-s2.0-85107113445&doi=10.1016%2Fj.jclepro.2021.127638&partnerID=40&md5=5fcf69b0b32ec4218fd3a08cfe815395","Article","Final","","Scopus","2-s2.0-85107113445"
"Jiménez-Uribe, D.A.; Daniels, D.; Fleming, Z.L.; Vélez-Pereira, A.M.","Jiménez-Uribe, Dámaris A. (57211917175); Daniels, Darwin (57211917103); Fleming, Zoë L. (8581789300); Vélez-Pereira, Andrés M. (55817731200)","57211917175; 57211917103; 8581789300; 55817731200","Road traffic noise on the santa marta city tourist route","2021","Applied Sciences (Switzerland)","11","16","7196","","","0","2","10.3390/app11167196","https://www.scopus.com/inward/record.uri?eid=2-s2.0-85112068594&doi=10.3390%2Fapp11167196&partnerID=40&md5=88b5e928a965c22132fff6e3a3f29d2b","Article","Final","All Open Access; Gold Open Access; Green Accepted Open Access; Green Open Access","Scopus","2-s2.0-85112068594"
"Vesga-Ramírez, A.; Sanabria-Gómez, J.D.; Sierra-Porta, D.; Arana-Salinas, L.; Asorey, H.; Kudryavtsev, V.A.; Calderón-Ardila, R.; Núñez, L.A.","Vesga-Ramírez, Alejandra (57219527685); Sanabria-Gómez, José David (57223208380); Sierra-Porta, D. (57191333650); Arana-Salinas, Lilia (8323162000); Asorey, Hernan G. (35276880300); Kudryavtsev, Vitaly A. (55168152700); Calderón-Ardila, R. (57217101274); Núñez, L. A. (7102162793)","57219527685; 57223208380; 57191333650; 8323162000; 35276880300; 55168152700; 57217101274; 7102162793","Simulated Annealing for volcano muography","2021","Journal of South American Earth Sciences","109","","103248","","","0","15","10.1016/j.jsames.2021.103248","https://www.scopus.com/inward/record.uri?eid=2-s2.0-85102076328&doi=10.1016%2Fj.jsames.2021.103248&partnerID=40&md5=d5f41ef6444dafda803c44cbee58a70d","Article","Final","All Open Access; Green Accepted Open Access; Green Open Access","Scopus","2-s2.0-85102076328"
"Penã-Rodríguez, J.; Vásquez-Ramírez, A.; Sanabria-Gómez, J.D.; Núñez, L.A.; Sierra-Porta, D.; Asorey, H.","Penã-Rodríguez, Jésus (57110339100); Vásquez-Ramírez, Adriana (57204527427); Sanabria-Gómez, José David (57223208380); Núñez, L. A. (7102162793); Sierra-Porta, D. (57191333650); Asorey, Hernan G. (35276880300)","57110339100; 57204527427; 57223208380; 7102162793; 57191333650; 35276880300","Calibration and first measurements of MuTe: a hybrid Muon Telescope for geological structures","2021","Proceedings of Science","358","","381","","","0","0","","https://www.scopus.com/inward/record.uri?eid=2-s2.0-85214061580&partnerID=40&md5=cafa01c5e2047275f4957e381c903b90","Conference paper","Final","","Scopus","2-s2.0-85214061580"
"Fraguas, J.B.","Fraguas, Javier Bernabé (57949227200)","57949227200","SOCIAL MEDIA AS A TOOL FOR COMMUNICATING HUMAN RIGHTS. CASE STUDY: AMNESTY INTERNATIONAL","2021","Janus.net","2021","","","61","77","0","0","10.26619/1647-7251.DT21.5","https://www.scopus.com/inward/record.uri?eid=2-s2.0-85140982311&doi=10.26619%2F1647-7251.DT21.5&partnerID=40&md5=6a526550f6928619225f28628e7bfba3","Article","Final","All Open Access; Gold Open Access; Green Accepted Open Access; Green Open Access","Scopus","2-s2.0-85140982311"
"Santos, O.D.G.; Barraza, J.D.G.; Ariza, E.L.; Cabrera Tovar, J.H.T.","Santos, Oscar Daniel G. (57490516400); Barraza, Juan Antonio (57192395610); Ariza, Emiliano L. (56576333500); Cabrera Tovar, Jairo Humberto (57193252278)","57490516400; 57192395610; 56576333500; 57193252278","Analysis of Alternatives for the Selection of Offshore Production Platforms. Application in the Colombian Caribbean; Análisis de alternativas para la selección de plataformas de producción offshore. Aplicación en el Caribe Colombiano","2021","Fuentes el Reventon Energetico","19","2","","7","17","0","0","10.18273/REVFUE.V19N2-2021002","https://www.scopus.com/inward/record.uri?eid=2-s2.0-85126452384&doi=10.18273%2FREVFUE.V19N2-2021002&partnerID=40&md5=52f9063100b4de3f32b16c395662b890","Article","Final","All Open Access; Gold Open Access","Scopus","2-s2.0-85126452384"
"Vázquez-Miraz, P.","Vázquez-Miraz, Pedro (57196040759)","57196040759","The Implementation of the Historical Memory Law in the City of Corunna; La implementación de la ley de memoria histórica en la ciudad de la coruña1","2021","Futuro del Pasado","12","","","551","567","0","1","10.14201/FDP202112551567","https://www.scopus.com/inward/record.uri?eid=2-s2.0-85111983068&doi=10.14201%2FFDP202112551567&partnerID=40&md5=5cfa9006ce712943e0c8b351a1da24da","Review","Final","All Open Access; Gold Open Access; Green Accepted Open Access; Green Open Access","Scopus","2-s2.0-85111983068"
"Vázquez-Miraz, P.; Gutiérrez-Ruiz, K.; Fernández, J.; Ramírez, P.; Espinosa, P.; de la Ossa, E.","Vázquez-Miraz, Pedro (57196040759); Gutiérrez-Ruiz, Karol Patricia (57192930752); Fernández, Jully (57226103271); Ramírez, Paola (57226099210); Espinosa, Prisca (57226107536); de la Ossa, Elsy Domínguez (57223851529)","57196040759; 57192930752; 57226103271; 57226099210; 57226107536; 57223851529","Analysis of the relationship between bullying behavior and executive functions in schoolchildren; Análisis de la relación entre la conducta de bullying y las funciones ejecutivas en niños y adolescentes escolarizados1","2021","Revista Complutense de Educacion","32","3","","477","486","0","4","10.5209/rced.70652","https://www.scopus.com/inward/record.uri?eid=2-s2.0-85110409598&doi=10.5209%2Frced.70652&partnerID=40&md5=5ac16287af7b194f38b282b16b9f7e0e","Article","Final","All Open Access; Gold Open Access","Scopus","2-s2.0-85110409598"
"Baltar-Moreno, A.","Baltar-Moreno, Adolfo (57216868622)","57216868622","What is photography and where is it going?; ¿Qué es y hacia dónde va la fotografía?","2021","Icono14","19","2","","411","413","0","0","10.7195/RI14.V19I2.1738","https://www.scopus.com/inward/record.uri?eid=2-s2.0-85110373625&doi=10.7195%2FRI14.V19I2.1738&partnerID=40&md5=826d478f981bcebab3095b05c7d19593","Note","Final","All Open Access; Gold Open Access; Green Accepted Open Access; Green Open Access","Scopus","2-s2.0-85110373625"
"Meza, J.; Romero, L.A.; Marrugo, A.G.","Meza, Jhacson (57204065355); Romero, Lenny A. (36142156300); Marrugo, Andrés G. (24329839300)","57204065355; 36142156300; 24329839300","MarkerPose: Robust real-time planar target tracking for accurate stereo pose estimation","2021","IEEE Computer Society Conference on Computer Vision and Pattern Recognition Workshops","","","","1282","1290","0","12","10.1109/CVPRW53098.2021.00141","https://www.scopus.com/inward/record.uri?eid=2-s2.0-85116040620&doi=10.1109%2FCVPRW53098.2021.00141&partnerID=40&md5=3c9ac1ac311ddf9a4b54ee9475740ced","Conference paper","Final","All Open Access; Green Accepted Open Access; Green Open Access","Scopus","2-s2.0-85116040620"
"Acevedo-Chedid, J.; Salas-Navarro, K.; Ospina-Mateus, H.; Villalobo, A.; Sana, S.S.","Acevedo-Chedid, Jaime (57193533853); Salas-Navarro, Katherinne (57193504630); Ospina-Mateus, Holman (57194034904); Villalobo, Alina (57223089382); Sana, Shib Sankar (15078194000)","57193533853; 57193504630; 57194034904; 57223089382; 15078194000","Production System in a Collaborative Supply Chain Considering Deterioration","2021","International Journal of Applied and Computational Mathematics","7","3","69","","","0","6","10.1007/s40819-021-00965-z","https://www.scopus.com/inward/record.uri?eid=2-s2.0-85104756567&doi=10.1007%2Fs40819-021-00965-z&partnerID=40&md5=3ceeaa3c3bd16aaac16658da231afc2f","Article","Final","All Open Access; Gold Open Access","Scopus","2-s2.0-85104756567"
"Marrugo, A.G.; Vargas, R.; Romero, L.A.; Zhang, S.","Marrugo, Andrés G. (24329839300); Vargas, Raúl (57117284600); Romero, Lenny A. (36142156300); Zhang, Song (12761761100)","24329839300; 57117284600; 36142156300; 12761761100","Method for large-scale structured-light system calibration","2021","Optics Express","29","11","","17316","17329","0","17","10.1364/OE.422327","https://www.scopus.com/inward/record.uri?eid=2-s2.0-85106361945&doi=10.1364%2FOE.422327&partnerID=40&md5=94ef08761654817be94353c3839fa0a6","Article","Final","All Open Access; Gold Open Access","Scopus","2-s2.0-85106361945"
"Pupo-Roncallo, O.; Campillo, J.; Ingham, D.; Ma, L.; Pourkashanian, M.","Pupo-Roncallo, O. R. (57211364524); Campillo, Javier E. (55609096600); Ingham, Derek Binns (35560744900); Ma, Lin (56727012700); Pourkashanian, Mohamed M. (7004225021)","57211364524; 55609096600; 35560744900; 56727012700; 7004225021","The role of energy storage and cross-border interconnections for increasing the flexibility of future power systems: The case of Colombia","2021","Smart Energy","2","","100016","","","0","35","10.1016/j.segy.2021.100016","https://www.scopus.com/inward/record.uri?eid=2-s2.0-85114294412&doi=10.1016%2Fj.segy.2021.100016&partnerID=40&md5=e1a46d4340be10bf0c39a2ed5f5c8142","Article","Final","All Open Access; Gold Open Access","Scopus","2-s2.0-85114294412"
"Meza, J.; Contreras-Ortiz, S.H.; Romero, L.A.; Marrugo, A.G.","Meza, Jhacson (57204065355); Contreras-Ortiz, Sonia H. (57210822856); Romero, Lenny A. (36142156300); Marrugo, Andrés G. (24329839300)","57204065355; 57210822856; 36142156300; 24329839300","Three-dimensional multimodal medical imaging system based on freehand ultrasound and structured light","2021","Optical Engineering","60","5","054106","","","0","19","10.1117/1.OE.60.5.054106","https://www.scopus.com/inward/record.uri?eid=2-s2.0-85107449778&doi=10.1117%2F1.OE.60.5.054106&partnerID=40&md5=7c4a41a28be048213159ea400670a208","Article","Final","All Open Access; Gold Open Access; Green Accepted Open Access; Green Open Access","Scopus","2-s2.0-85107449778"
"Ospina-Mateus, H.; Quintana-Jiménez, L.A.; Lopez-Valdes, F.J.; Sana, S.S.","Ospina-Mateus, Holman (57194034904); Quintana-Jiménez, Leonardo Augusto (57195939566); Lopez-Valdes, Francisco J. (23110963500); Sana, Shib Sankar (15078194000)","57194034904; 57195939566; 23110963500; 15078194000","Prediction of motorcyclist traffic crashes in Cartagena (Colombia): Development of a safety performance function","2021","RAIRO - Operations Research","55","3","","1257","1278","0","17","10.1051/ro/2021055","https://www.scopus.com/inward/record.uri?eid=2-s2.0-85105757228&doi=10.1051%2Fro%2F2021055&partnerID=40&md5=5e9da996d685192c363511df0b2929a6","Article","Final","All Open Access; Gold Open Access; Green Accepted Open Access; Green Open Access","Scopus","2-s2.0-85105757228"
"Barreto, D.; Fajardo Cuadro, J.; Carrillo Caballero, G.E.; Cárdenas Escorcia, Y.","Barreto, Deibys (57190756815); Fajardo Cuadro, Juan Gabriel (56581610900); Carrillo Caballero, Gaylord Enrique (57193171659); Cárdenas Escorcia, Yulineth (57194679418)","57190756815; 56581610900; 57193171659; 57194679418","Advanced Exergy and Exergoeconomic Analysis of a Gas Power System with Steam Injection and Air Cooling with a Compression Refrigeration Machine","2021","Energy Technology","9","5","2000993","","","0","17","10.1002/ente.202000993","https://www.scopus.com/inward/record.uri?eid=2-s2.0-85103119579&doi=10.1002%2Fente.202000993&partnerID=40&md5=36baae338123d52a742eb606b4a723aa","Article","Final","","Scopus","2-s2.0-85103119579"
"Cobos, T.L.","Cobos, Tania Lucía (57206773929)","57206773929","Origin and weight of news media outlets indexed on google news: An exploration of the editions from brazil, colombia, and mexico","2021","Brazilian Journalism Research","17","1","","28","63","0","8","10.25200/BJR.v17n1.2021.1331","https://www.scopus.com/inward/record.uri?eid=2-s2.0-85105787622&doi=10.25200%2FBJR.v17n1.2021.1331&partnerID=40&md5=1d32dff8806eb3173dcb879d19be8ba1","Review","Final","All Open Access; Gold Open Access","Scopus","2-s2.0-85105787622"
"Delahoz-Domínguez, E.; Mendoza-Brand, S.","Delahoz-Domínguez, Enrique J. (57220073247); Mendoza-Brand, Silvana (57211475213)","57220073247; 57211475213","A predictive model for the missing people problem","2021","Romanian Journal of Legal Medicine","29","1","","74","80","0","2","10.4323/rjlm.2021.74","https://www.scopus.com/inward/record.uri?eid=2-s2.0-85111040479&doi=10.4323%2Frjlm.2021.74&partnerID=40&md5=d792867e1a326902bdc1ee664ba036ac","Article","Final","All Open Access; Gold Open Access","Scopus","2-s2.0-85111040479"
"Velilla-Díaz, W.; Ricardo, L.; Palencia Díaz, A.; Zambrano, H.R.","Velilla-Díaz, Wilmer (57208803496); Ricardo, Luis (57222270932); Palencia Díaz, Argemiro (56801043600); Zambrano, Habib R. (6506826934)","57208803496; 57222270932; 56801043600; 6506826934","Fracture toughness estimation of single-crystal aluminum at nanoscale","2021","Nanomaterials","11","3","680","1","11","0","15","10.3390/nano11030680","https://www.scopus.com/inward/record.uri?eid=2-s2.0-85102131570&doi=10.3390%2Fnano11030680&partnerID=40&md5=9f5bb7ebfcb9bd32da3e7d2602105ae5","Article","Final","All Open Access; Gold Open Access; Green Final Open Access; Green Open Access","Scopus","2-s2.0-85102131570"
"Puertas, E.; Moreno-Sandoval, L.G.; Redondo, J.; Alvarado Valencia, J.A.; Pomares-Quimbaya, A.","Puertas, Edwin (57202285682); Moreno-Sandoval, Luis Gabriel (57194828933); Redondo, Javier (57221908680); Alvarado Valencia, Jorge Andrés (57211415779); Pomares-Quimbaya, Alexandra (24832026300)","57202285682; 57194828933; 57221908680; 57211415779; 24832026300","Detection of Sociolinguistic Features in Digital Social Networks for the Detection of Communities","2021","Cognitive Computation","13","2","","518","537","0","19","10.1007/s12559-021-09818-9","https://www.scopus.com/inward/record.uri?eid=2-s2.0-85100533991&doi=10.1007%2Fs12559-021-09818-9&partnerID=40&md5=5d0ad08c834d0d51d82ae1838b99a763","Article","Final","All Open Access; Gold Open Access","Scopus","2-s2.0-85100533991"
"Lee, B.; Pereira Batista, E.","Lee, Barry (58437260400); Pereira Batista, Enrique (57189892062)","58437260400; 57189892062","Algebraic multigrid for the nonlinear powerflow equations","2021","Numerical Linear Algebra with Applications","28","2","e2347","","","0","2","10.1002/nla.2347","https://www.scopus.com/inward/record.uri?eid=2-s2.0-85096648336&doi=10.1002%2Fnla.2347&partnerID=40&md5=a13a1b12ca5250da7a0ac43b0444a064","Article","Final","","Scopus","2-s2.0-85096648336"
"Martinez Villadiego, K.; Arias Tapia, M.J.; Useche, J.; Ledesma, Y.; Leyton, A.","Martinez Villadiego, Keydis (57219398941); Arias Tapia, Mary Judith (57219403758); Useche, J. F. (24537991200); Ledesma, Yorleys (57219404733); Leyton, Alexander (57219403074)","57219398941; 57219403758; 24537991200; 57219404733; 57219403074","Thermal and Morphological Characterization of Native and Plasticized Starches of Sweet Potato (Ipomoea batatas) and Diamante Yam (Dioscorea rotundata)","2021","Journal of Polymers and the Environment","29","3","","871","880","0","14","10.1007/s10924-020-01898-2","https://www.scopus.com/inward/record.uri?eid=2-s2.0-85092577748&doi=10.1007%2Fs10924-020-01898-2&partnerID=40&md5=211c1d453e2c0203fb692770c415276e","Article","Final","","Scopus","2-s2.0-85092577748"
"Cobos, T.L.","Cobos, Tania Lucía (57206773929)","57206773929","News media outlets and audiences: An exploration of consumption and their credibility and trust during the quarantine by covid-19 in Colombia; Medios noticiosos y audiencias: Una exploración al consumo y a la credibilidad y confianza en estos durante la cuarentena por covid-19 en Colombia","2021","Revista de Comunicacion","20","2","","113","129","0","5","10.26441/RC20.2-2021-A6","https://www.scopus.com/inward/record.uri?eid=2-s2.0-85116141143&doi=10.26441%2FRC20.2-2021-A6&partnerID=40&md5=bd1af522206ef5eff5f1001bf23bcbcb","Article","Final","All Open Access; Gold Open Access","Scopus","2-s2.0-85116141143"
"Salgado-Figueroa, E.S.","Salgado-Figueroa, Eduardo (57220184757)","57220184757","Towards class arbitration in the consumer law in Colombia. A reference to the AT&T mobility llC v. Concepcion case; Hacia el arbitraje colectivo en el Derecho del Consumidor en Colombia. Una Referencia al caso AT&T mobility llC v. Concepcion","2021","Juridicas","18","2","","89","102","0","0","10.17151/jurid.2021.18.2.6","https://www.scopus.com/inward/record.uri?eid=2-s2.0-85144647561&doi=10.17151%2Fjurid.2021.18.2.6&partnerID=40&md5=e7a191b77fad1aae33bb093c9f28947f","Article","Final","All Open Access; Gold Open Access","Scopus","2-s2.0-85144647561"
"Arrieta-Flórez, R.A.; Fernández, J.M.E.; Vargas, D.F.","Arrieta-Flórez, Rosaura (57257353100); Fernández, José Manuel Echavarren (57609501300); Vargas, Daniel Forero (57608975300)","57257353100; 57609501300; 57608975300","Public policy for early childhood and social determinants of Acute Respiratory Diseases in under-five children in Colombia. A multi-level analysis; Política pública para la primera infancia y determinantes sociales de las Enfermedades Respiratorias Agudas en menores de cinco años en Colombia. Un análisis multinivel*","2021","Revista Gerencia y Politicas de Salud","20","","","","","0","0","10.11144/Javeriana.rgps20.pppi","https://www.scopus.com/inward/record.uri?eid=2-s2.0-85128680803&doi=10.11144%2FJaveriana.rgps20.pppi&partnerID=40&md5=cd3e94a32145f45935a378526a1a8f64","Article","Final","All Open Access; Gold Open Access","Scopus","2-s2.0-85128680803"
"Giraldo-Guzmán, J.; Contreras-Ortiz, S.H.; Kotas, M.; Castells, F.; Moroń, T.","Giraldo-Guzmán, Jader Alexander (56520286300); Contreras-Ortiz, Sonia H. (57210822856); Kotas, Marian P. (55985160800); Castells, Francisco J. (7003612212); Moroń, Tomasz (57021964300)","56520286300; 57210822856; 55985160800; 7003612212; 57021964300","Automated Atrial Fibrillation Detection by ECG Signal Processing: A Review","2021","Critical Reviews in Biomedical Engineering","49","3","","31","50","0","2","10.1615/CRITREVBIOMEDENG.2022041650","https://www.scopus.com/inward/record.uri?eid=2-s2.0-85127710285&doi=10.1615%2FCRITREVBIOMEDENG.2022041650&partnerID=40&md5=e89a6fda33be45f0d80a0b8f58593a6d","Review","Final","All Open Access; Bronze Open Access; Green Accepted Open Access; Green Open Access","Scopus","2-s2.0-85127710285"
"Perez, C.E.B.; Serrano, J.E.; Martinez-Santos, J.C.","Perez, Carlos Eduardo Barrera (57647525900); Serrano, Jairo E. (57220927199); Martinez-Santos, Juan Carlos (26325154200)","57647525900; 57220927199; 26325154200","Cyberattacks Predictions Workflow using Machine Learning","2021","","","","","","","0","0","10.1109/ICMLANT53170.2021.9690527","https://www.scopus.com/inward/record.uri?eid=2-s2.0-85126754318&doi=10.1109%2FICMLANT53170.2021.9690527&partnerID=40&md5=2238f7dc0dd46f473c48814f66315b1f","Conference paper","Final","","Scopus","2-s2.0-85126754318"
"Gómez, S.; Sanchez, S.; González, D.; Marin, M.; Torres, C.","Gómez, Sandra (19834857300); Sanchez, Sindy (57484214300); González, Diana (57833782700); Marin, Maria (57484214500); Torres, Cesar (57483877000)","19834857300; 57484214300; 57833782700; 57484214500; 57483877000","Strategy of active case-finding for COVID-19 in Bogota city, 2020-2021","2021","","","","","","","0","1","10.1109/CASAP54985.2021.9703421","https://www.scopus.com/inward/record.uri?eid=2-s2.0-85126130211&doi=10.1109%2FCASAP54985.2021.9703421&partnerID=40&md5=cd0e083e5717a47f26d1b8647a086a5a","Conference paper","Final","","Scopus","2-s2.0-85126130211"
"Vázquez-Miraz, P.","Vázquez-Miraz, Pedro (57196040759)","57196040759","Indexing of Colombian psychology journals in Spanish scientific databases: an exploratory study; La indexación de las revistas de psicología de Colombia en las bases de datos científicas españolas: un estudio exploratorio*","2021","Universitas Psychologica","20","","","","","0","1","10.11144/Javeriana.upsy20.irpc","https://www.scopus.com/inward/record.uri?eid=2-s2.0-85125237271&doi=10.11144%2FJaveriana.upsy20.irpc&partnerID=40&md5=82c47205a08e28c74b9b326b5cbf3756","Article","Final","All Open Access; Gold Open Access","Scopus","2-s2.0-85125237271"
"Coronado-Hernández, O.E.; Ramos-Urzola, J.; Julio-Amigo, L.F.; Coronado-Hernandez, J.R.; Gatica, G.; Mercado-Caruso, N.","Coronado-Hernández, Oscar E. (57193337460); Ramos-Urzola, Julio (57452595000); Julio-Amigo, Luis F. (57452440600); Coronado-Hernandez, Jairo R. (54383095000); Gatica, Gustavo (55621116300); Mercado-Caruso, Nohora (57193502899)","57193337460; 57452595000; 57452440600; 54383095000; 55621116300; 57193502899","A preliminary analysis for selecting the best hydrological probability density functions of annual peak flows associated to various return periods in some rivers of Colombia","2021","Procedia Computer Science","198","","","560","565","0","1","10.1016/j.procs.2021.12.286","https://www.scopus.com/inward/record.uri?eid=2-s2.0-85124613158&doi=10.1016%2Fj.procs.2021.12.286&partnerID=40&md5=f41a647c222fe10a1d75a5b3972c0a34","Conference paper","Final","All Open Access; Gold Open Access; Green Final Open Access; Green Open Access","Scopus","2-s2.0-85124613158"
"Vidal-Tovar, C.R.; Gordon Hernández, Y.; Barreto, D.; Fajardo Cuadro, J.; Fragoso-Castilla, P.","Vidal-Tovar, Carlos Ramón (57194709778); Gordon Hernández, Yimy (57202920823); Barreto, Deibys (57190756815); Fajardo Cuadro, Juan Gabriel (56581610900); Fragoso-Castilla, Pedro J. (57201664957)","57194709778; 57202920823; 57190756815; 56581610900; 57201664957","STRATEGIES FOR THE IMPROVEMENT OF RESEARCH COMPETENCES IN THE PROFESSIONAL TRAINING OF ENGINEERS","2021","","9","","V009T09A020","","","0","0","10.1115/IMECE2021-69400","https://www.scopus.com/inward/record.uri?eid=2-s2.0-85124489415&doi=10.1115%2FIMECE2021-69400&partnerID=40&md5=1c3cd1320ca1086edcbe3603e3793f21","Conference paper","Final","All Open Access; Gold Open Access","Scopus","2-s2.0-85124489415"
"Fajardo Cuadro, J.; Guette, D.; Barreto, D.; Cardona, C.; Baldiris-Navarro, I.","Fajardo Cuadro, Juan Gabriel (56581610900); Guette, Dawing (57449012400); Barreto, Deibys (57190756815); Cardona, Camilo (57214332256); Baldiris-Navarro, Ildefonso (57213608990)","56581610900; 57449012400; 57190756815; 57214332256; 57213608990","CONVENTIONAL AND ADVANCED EXERGETIC ANALYSIS FOR THE COMBINED CYCLE OF POWER PLANT WITH GAS TURBINE OF A REFINERY","2021","","8B-2021","","V08BT08A011","","","0","4","10.1115/IMECE2021-70521","https://www.scopus.com/inward/record.uri?eid=2-s2.0-85124479151&doi=10.1115%2FIMECE2021-70521&partnerID=40&md5=9da0b537643df4d1983e94b396476e7f","Conference paper","Final","","Scopus","2-s2.0-85124479151"
"Fajardo Cuadro, J.; Negrette, C.; Yabrudy, D.; Cardona, C.","Fajardo Cuadro, Juan Gabriel (56581610900); Negrette, Camilo (57449143900); Yabrudy, Daniel (57222075738); Cardona, Camilo (57214332256)","56581610900; 57449143900; 57222075738; 57214332256","ADVANCED EXERGETIC ANALYSIS OF PREHEAT TRAIN OF A CRUDE OIL DISTILLATION UNIT","2021","","8B-2021","","V08BT08A007","","","0","3","10.1115/IMECE2021-69268","https://www.scopus.com/inward/record.uri?eid=2-s2.0-85124475708&doi=10.1115%2FIMECE2021-69268&partnerID=40&md5=8afd31e81adb23eca657ccb43029e6e8","Conference paper","Final","All Open Access; Gold Open Access","Scopus","2-s2.0-85124475708"
"Barreto, D.; Fajardo Cuadro, J.; Berrio, J.; Torres, R.; Gordon, Y.; Vidal-Tovar, C.R.","Barreto, Deibys (57190756815); Fajardo Cuadro, Juan Gabriel (56581610900); Berrio, Julián (57449231600); Torres, Rosa (57449343200); Gordon, Yimy (57449453300); Vidal-Tovar, Carlos Ramón (57194709778)","57190756815; 56581610900; 57449231600; 57449343200; 57449453300; 57194709778","CONTROL TEMPERATURE OF THE AIR CONDITIONING SYSTEM OF A VESSEL FROM EXERGOECONOMIC ANALYSIS","2021","","8A-2021","","V08AT08A001","","","0","0","10.1115/IMECE2021-68569","https://www.scopus.com/inward/record.uri?eid=2-s2.0-85124464608&doi=10.1115%2FIMECE2021-68569&partnerID=40&md5=1a3de03526a52f52a44068844fc41482","Conference paper","Final","All Open Access; Gold Open Access","Scopus","2-s2.0-85124464608"
"Marrugo-Tobón, D.A.; Vitola, A.L.; Villa, J.L.; Rodelo García, M.","Marrugo-Tobón, Duvan Andres (57221469260); Vitola, Angie L. (57221468831); Villa, J. L. (7005142049); Rodelo García, Margarita Rosa (57205662246)","57221469260; 57221468831; 7005142049; 57205662246","Design, Assembly and Working Modes of Spherical 3-RRR Coaxial Parallel Robot","2021","","","","","163","168","0","1","10.1109/CCAC51819.2021.9633325","https://www.scopus.com/inward/record.uri?eid=2-s2.0-85124152742&doi=10.1109%2FCCAC51819.2021.9633325&partnerID=40&md5=49e978b32f9d3cf5957c7910b3bd4dbe","Conference paper","Final","","Scopus","2-s2.0-85124152742"
"García-Pérez, A.; Hernández, M.A.; Lobo, C.M.","García-Pérez, Andrés (57219598631); Hernández, María Alejandra Millán (57219600202); Lobo, Cindy Marcela (57429767000)","57219598631; 57219600202; 57429767000","A mathematical model for the optimization of e-commerce logistics operations in the face of the spread of COVID-19","2021","","","","","","","0","0","10.1109/CONIITI53815.2021.9619625","https://www.scopus.com/inward/record.uri?eid=2-s2.0-85123576422&doi=10.1109%2FCONIITI53815.2021.9619625&partnerID=40&md5=479773b3d005d7b4919b94d5cce08ddc","Conference paper","Final","","Scopus","2-s2.0-85123576422"
"Vázquez-Miraz, P.; Vázquez-Miraz, J.","Vázquez-Miraz, Pedro (57196040759); Vázquez-Miraz, Jaime (57210157072)","57196040759; 57210157072","Francoist representations in the monetary issues of the reign of Juan Carlos I (1975-2014); REPRESENTACIONES FRANQUISTAS EN LAS EMISIONES MONETARIAS DEL REINADO DE JUAN CARLOS I (1975-2014)","2021","Revista Numismatica Hecate","","8","","262","275","0","0","","https://www.scopus.com/inward/record.uri?eid=2-s2.0-85123528934&partnerID=40&md5=2c584fa8b83a65e734f4027e45ee16d2","Article","Final","","Scopus","2-s2.0-85123528934"
"Cabarcas-Mena, Y.; Marrugo, A.G.; Contreras-Ortiz, S.H.","Cabarcas-Mena, Yina P. (57421989500); Marrugo, Andrés G. (24329839300); Contreras-Ortiz, Sonia H. (57210822856)","57421989500; 24329839300; 57210822856","Classification of Cognitive Evoked Potentials for ADHD Detection in Children using Recurrence Plots and CNNs","2021","","","","","","","0","3","10.1109/STSIVA53688.2021.9592021","https://www.scopus.com/inward/record.uri?eid=2-s2.0-85123302794&doi=10.1109%2FSTSIVA53688.2021.9592021&partnerID=40&md5=30fe2867983a7fb2cf982565ba920340","Conference paper","Final","","Scopus","2-s2.0-85123302794"
"Torres-Osorio, L.; Múnera-Gomez, M.; Fennix-Agudelo, M.A.; Chavarro-Mesa, E.C.","Torres-Osorio, Lenin Rafael (57422794100); Múnera-Gomez, Marlon (55910157300); Fennix-Agudelo, Mary Andrea (57193855099); Chavarro-Mesa, Edisson (57188841051)","57422794100; 55910157300; 57193855099; 57188841051","Virtual screening of new targets and inhibitors for Candida albicans infection control","2021","","","","","","","0","0","10.1109/CI-IBBI54220.2021.9626093","https://www.scopus.com/inward/record.uri?eid=2-s2.0-85123302505&doi=10.1109%2FCI-IBBI54220.2021.9626093&partnerID=40&md5=6ad66d356a94909bc899f89cde7d9148","Conference paper","Final","","Scopus","2-s2.0-85123302505"
"Pena, J.C.; Pacheco, J.A.; Marrugo, A.G.","Pena, Juan C. (57422329900); Pacheco, José A. (37665747400); Marrugo, Andrés G. (24329839300)","57422329900; 37665747400; 24329839300","Skin prick test wheal detection in 3D images via convolutional neural networks","2021","","","","","","","0","2","10.1109/CI-IBBI54220.2021.9626125","https://www.scopus.com/inward/record.uri?eid=2-s2.0-85123298376&doi=10.1109%2FCI-IBBI54220.2021.9626125&partnerID=40&md5=6a90a5ad6f81422acd238a2ec189d590","Conference paper","Final","All Open Access; Gold Open Access","Scopus","2-s2.0-85123298376"
"Giraldo-Guzmán, J.; Contreras-Ortiz, S.H.; Castells, F.; Kotas, M.","Giraldo-Guzmán, Jader Alexander (56520286300); Contreras-Ortiz, Sonia H. (57210822856); Castells, Francisco J. (7003612212); Kotas, Marian P. (55985160800)","56520286300; 57210822856; 7003612212; 55985160800","Spatio Temporal Filtering of Multi-lead ECG Signals for Atrial Arrhythmia Classification","2021","","","","","","","0","0","10.1109/CI-IBBI54220.2021.9626098","https://www.scopus.com/inward/record.uri?eid=2-s2.0-85123284132&doi=10.1109%2FCI-IBBI54220.2021.9626098&partnerID=40&md5=7ee966cf05fe731421e4ee25370542ba","Conference paper","Final","","Scopus","2-s2.0-85123284132"
"Cuadrado, J.; Martinez, E.; García, H.; Rojas, F.; Arguello, H.","Cuadrado, Juan (57422728000); Martinez, Elizabeth (58459662800); García, Hans (57192275191); Rojas, Fernando (58625491200); Arguello, Henry Fuentes (44061135000)","57422728000; 58459662800; 57192275191; 58625491200; 44061135000","Image Reconstruction Performance Analysis by Optical Implementation in Compressive Spectral Imaging","2021","","","","","","","0","0","10.1109/STSIVA53688.2021.9592017","https://www.scopus.com/inward/record.uri?eid=2-s2.0-85123273828&doi=10.1109%2FSTSIVA53688.2021.9592017&partnerID=40&md5=d93101bbb924d154ecd1c41dd0435635","Conference paper","Final","","Scopus","2-s2.0-85123273828"
"Elles, H.; Raúl, P.; Gualdrón, G.","Elles, Hugo (57655560900); Raúl, Padrón C. (57211351906); Gualdrón, Carlos G. (57215557867)","57655560900; 57211351906; 57215557867","Trends in the training of project managers in Colombia: Review of the offer at the level of specializations; Tendencias en la formación de Gerentes de Proyectos en Colombia: Revisión de la Oferta a Nivel de Especializaciones","2021","Proceedings of the LACCEI international Multi-conference for Engineering, Education and Technology","2021-July","","","","","0","0","10.18687/LACCEI2021.1.1.218","https://www.scopus.com/inward/record.uri?eid=2-s2.0-85122272600&doi=10.18687%2FLACCEI2021.1.1.218&partnerID=40&md5=50186d5ba1ef78029532e16e4bf4a922","Conference paper","Final","","Scopus","2-s2.0-85122272600"
"Espinosa-Espinosa, A.E.; Martos, L.P.; Aguado, L.A.","Espinosa-Espinosa, Aarón (57211108028); Martos, Luís Palma (59157946800); Aguado, Luis F. (57203302360)","57211108028; 59157946800; 57203302360","Who Participates in Popular Feasts and Festivals? An Empirical Approach from Cultural Economics Applied to the Carnival of Barranquilla (Colombia)","2021","Scientific Annals of Economics and Business","68","","","79","103","0","1","10.47743/SAEB-2021-0032","https://www.scopus.com/inward/record.uri?eid=2-s2.0-85122234663&doi=10.47743%2FSAEB-2021-0032&partnerID=40&md5=6afe1d0c41963da13084a2bb5351cbf9","Article","Final","All Open Access; Gold Open Access; Green Accepted Open Access; Green Open Access","Scopus","2-s2.0-85122234663"
"Serrano, J.E.; Gómez, J.C.M.; Silgado, I.Z.; Henriquez, Y.; Martinez-Santos, J.C.; Lasprilla, G.I.B.","Serrano, Jairo E. (57220927199); Gómez, Juan Carlos Mantilla (57677528500); Silgado, Isaac Zuñiga (57392254000); Henriquez, Yuranis (57982471000); Martinez-Santos, Juan Carlos (26325154200); Lasprilla, Gloria Isabel Bautista (57199861860)","57220927199; 57677528500; 57392254000; 57982471000; 26325154200; 57199861860","Development of Living Documents and Experimentation with the Physical World as Strategies for the Retention and Attraction of Undergraduate Students in Programming Courses; Desarrollo de Documentos Vivos y Experimentación con el Mundo Físico como Estrategias para la Retención y la Atracción de Estudiantes de Pregrado en los Cursos de Programación","2021","Proceedings of the LACCEI international Multi-conference for Engineering, Education and Technology","2021-July","","","","","0","0","10.18687/LACCEI2021.1.1.381","https://www.scopus.com/inward/record.uri?eid=2-s2.0-85122043898&doi=10.18687%2FLACCEI2021.1.1.381&partnerID=40&md5=27ab9e3b3510b5f415c9a7477dc4fe6b","Conference paper","Final","All Open Access; Gold Open Access","Scopus","2-s2.0-85122043898"
"Gualdrón, G.; Bohorquez, J.; Perez, K.","Gualdrón, Carlos G. (57215557867); Bohorquez, José (57391739900); Perez, Kendra (57392385200)","57215557867; 57391739900; 57392385200","Design of the Competitive Advantage & Strategic Plan for the Microenterprise Chepas Franciscanas in Bolivar-Colombia","2021","Proceedings of the LACCEI international Multi-conference for Engineering, Education and Technology","2021-July","","","","","0","0","10.18687/LACCEI2021.1.1.274","https://www.scopus.com/inward/record.uri?eid=2-s2.0-85122041988&doi=10.18687%2FLACCEI2021.1.1.274&partnerID=40&md5=1d64120b29c97b0110a36650b59355ec","Conference paper","Final","All Open Access; Gold Open Access","Scopus","2-s2.0-85122041988"
"Alvaro, A.; Gualdrón, G.; Raúl, P.","Alvaro, Acuña (57391624400); Gualdrón, Carlos G. (57215557867); Raúl, Padrón C. (57211351906)","57391624400; 57215557867; 57211351906","Framework of good practices for the initiation and planning in the management of projects in the Housing Fund for Social Interest in Corvivienda, Cartagena de Indias D.T. and C.; Marco de Buenas Prácticas para la Iniciación y Planeación en Gestión de Proyectos de viviendas de interés social en Corvivienda, Cartagena de Indias D.T y C","2021","Proceedings of the LACCEI international Multi-conference for Engineering, Education and Technology","2021-July","","","","","0","0","10.18687/LACCEI2021.1.1.225","https://www.scopus.com/inward/record.uri?eid=2-s2.0-85122010843&doi=10.18687%2FLACCEI2021.1.1.225&partnerID=40&md5=59db07084683a9c689645c3b0d4e11e2","Conference paper","Final","All Open Access; Gold Open Access","Scopus","2-s2.0-85122010843"
"Giraldo, Y.A.; Villa, J.L.","Giraldo, Yuliana Andrea (57391489900); Villa, J. L. (7005142049)","57391489900; 7005142049","Diagnosis of the impact of work stress on construction project teams; DIAGNÓSTICO SOBRE EL IMPACTO DEL ESTRÉS LABORAL EN LOS EQUIPOS DE PROYECTOS DE CONSTRUCCIÓN","2021","Proceedings of the LACCEI international Multi-conference for Engineering, Education and Technology","2021-July","","","","","0","0","10.18687/LACCEI2021.1.1.88","https://www.scopus.com/inward/record.uri?eid=2-s2.0-85122009236&doi=10.18687%2FLACCEI2021.1.1.88&partnerID=40&md5=ff7d43951fac16931102df6ebbe8d642","Conference paper","Final","All Open Access; Gold Open Access","Scopus","2-s2.0-85122009236"
"Gisela, M.; Gualdrón, G.; Raúl, P.","Gisela, Meza (57392131200); Gualdrón, Carlos G. (57215557867); Raúl, Padrón C. (57211351906)","57392131200; 57215557867; 57211351906","Design of a knowledge management system for project management of a Chamber of Commerce in the Caribbean Region in Colombia; Diseño del Sistema de Gestión del Conocimiento para la Gestión de Proyectos de una Cámara de Comercio en la Región Caribe-Colombia","2021","Proceedings of the LACCEI international Multi-conference for Engineering, Education and Technology","2021-July","","","","","0","0","10.18687/LACCEI2021.1.1.240","https://www.scopus.com/inward/record.uri?eid=2-s2.0-85122007157&doi=10.18687%2FLACCEI2021.1.1.240&partnerID=40&md5=0e4e500f6c09de005b1f426e04f69e10","Conference paper","Final","All Open Access; Gold Open Access","Scopus","2-s2.0-85122007157"
"Mejia, M.S.; Jimenez, C.C.; Martinez-Santos, J.C.","Mejia, Maryori Sabalza (57290746500); Jimenez, Carolina Campillo (57290917700); Martinez-Santos, Juan Carlos (26325154200)","57290746500; 57290917700; 26325154200","Validation Machine Learning Models to Predict Score on Graduate Tests based on High School Test and other Factors, Case Study: Colombia","2021","Proceedings of the LACCEI international Multi-conference for Engineering, Education and Technology","2021-July","","","","","0","0","10.18687/LACCEI2021.1.1.343","https://www.scopus.com/inward/record.uri?eid=2-s2.0-85121996141&doi=10.18687%2FLACCEI2021.1.1.343&partnerID=40&md5=9b38c0da7730fb2758ce5a7e043ec29d","Conference paper","Final","","Scopus","2-s2.0-85121996141"
"Castellanos, L.S.; Sabalza, E.V.; Gualdrón, G.","Castellanos, Luis Sampayo (57371746800); Sabalza, Elianeth Villarreal (57371746900); Gualdrón, Carlos G. (57215557867)","57371746800; 57371746900; 57215557867","Proposal of a salary structure for positions at Productos Caribe S.A.S in Cartagena-Colombia","2021","","","","","2294","2305","0","0","","https://www.scopus.com/inward/record.uri?eid=2-s2.0-85121137318&partnerID=40&md5=f3fedab77f01760d79215422d9ad4dfc","Conference paper","Final","","Scopus","2-s2.0-85121137318"
"Gualdrón, G.; de Meza, A.; Fuentes, C.","Gualdrón, Carlos G. (57215557867); de Meza, Adrian (57372045300); Fuentes, Camila (57372504800)","57215557867; 57372045300; 57372504800","Design of a strategic planning for the company metalproffice S.A.S in Cartagena-Colombia","2021","","","","","2306","2318","0","0","","https://www.scopus.com/inward/record.uri?eid=2-s2.0-85121118716&partnerID=40&md5=d67f3c0d87ac094775b37314b8948af4","Conference paper","Final","","Scopus","2-s2.0-85121118716"
"Tapiero-Ortiz, A.L.; López-Cardona, N.; Guevara-Castro, A.; Rodríguez-Triana, S.M.; Chavarro-Mesa, E.C.; Angel-Diaz, J.E.","Tapiero-Ortiz, Anibal Leonidas (57217146961); López-Cardona, Nathali (57217143117); Guevara-Castro, Alejandra (57222143999); Rodríguez-Triana, Sandra Milena (57366692000); Chavarro-Mesa, Edisson (57188841051); Angel-Diaz, Jorge Evelio (56168874900)","57217146961; 57217143117; 57222143999; 57366692000; 57188841051; 56168874900","Phakopsora pachyrhizi is the major pathogen associated with soybean rust in Colombia; Phakopsora pachyrhizi é o agente causal da ferrugem da soja na Colômbia","2021","Summa Phytopathologica","47","3","","149","156","0","0","10.1590/0100-5405/245533","https://www.scopus.com/inward/record.uri?eid=2-s2.0-85120789444&doi=10.1590%2F0100-5405%2F245533&partnerID=40&md5=b47c81951bedbefd6696ee1d67b93e36","Article","Final","All Open Access; Gold Open Access","Scopus","2-s2.0-85120789444"
"Acevedo-Barrios, R.; Olivero-Verbel, J.","Acevedo-Barrios, R. L. (56674579200); Olivero-Verbel, Jesus T.V. (9736353600)","56674579200; 9736353600","Perchlorate Contamination: Sources, Effects, and Technologies for Remediation","2021","Reviews of Environmental Contamination and Toxicology","256","","","103","120","0","18","10.1007/398_2021_66","https://www.scopus.com/inward/record.uri?eid=2-s2.0-85120578773&doi=10.1007%2F398_2021_66&partnerID=40&md5=7c0c15c596c11178e1b0b786b61a1d49","Book chapter","Final","All Open Access; Gold Open Access","Scopus","2-s2.0-85120578773"
"Perilla Granados, J.S.A.P.","Perilla Granados, Juan Sebastian Alejandro (57023375100)","57023375100","The centennials as a antiformalism challenge for law schools; Os centenais como um desafio antiformalista para as escolas de direito; Los centennials como un reto antiformalista para las facultades de derecho","2021","Revista Pedagogia Universitaria y Didactica del Derecho","8","1","","11","28","0","6","10.5354/0719-5885.2021.61529","https://www.scopus.com/inward/record.uri?eid=2-s2.0-85118866251&doi=10.5354%2F0719-5885.2021.61529&partnerID=40&md5=34d02ad81f56384fa9037f94d7420e75","Article","Final","All Open Access; Gold Open Access","Scopus","2-s2.0-85118866251"
"Barrios, E.; Pineda, J.; Romero, L.A.; Millán, M.S.; Marrugo, A.G.","Barrios, Erik M. (57209542195); Pineda, Jesus (57192270016); Romero, Lenny A. (36142156300); Millán, María S. (7201466399); Marrugo, Andrés G. (24329839300)","57209542195; 57192270016; 36142156300; 7201466399; 24329839300","Skin color correction via convolutional neural networks in 3D fringe projection profilometry","2021","Proceedings of SPIE - The International Society for Optical Engineering","11804","","118041P","","","0","1","10.1117/12.2594331","https://www.scopus.com/inward/record.uri?eid=2-s2.0-85117727735&doi=10.1117%2F12.2594331&partnerID=40&md5=7fe86672563692feb4cd590529e88099","Conference paper","Final","","Scopus","2-s2.0-85117727735"
"Espinosa-Espinosa, A.E.; Martos, L.P.; Heredia-Carroza, J.; Rodríguez-Puello, G.","Espinosa-Espinosa, Aarón (57211108028); Martos, Luís Palma (59157946800); Heredia-Carroza, Jesus (57207991049); Rodríguez-Puello, Gabriel O. (57218291635)","57211108028; 59157946800; 57207991049; 57218291635","Sporting participation in colombia: An empirical approach from economics, 2008-2015; Participação em atividades esportivas na colômbia: Uma abordagem empírica a partir da economia, 2008-2015; La participación en actividades deportivas en colombia: Enfoque empírico desde la economía, 2008-2015","2021","Revista de Economia del Rosario","24","2","","","","0","0","10.12804/revistas.urosario.edu.co/economia/a.10472","https://www.scopus.com/inward/record.uri?eid=2-s2.0-85117489399&doi=10.12804%2Frevistas.urosario.edu.co%2Feconomia%2Fa.10472&partnerID=40&md5=e7fbce56e139d0003c6571f5bcf85393","Article","Final","All Open Access; Gold Open Access; Green Accepted Open Access; Green Open Access","Scopus","2-s2.0-85117489399"
"Barrios, E.; Sierra, E.; Romero, L.A.; Millán, M.S.; Marrugo, A.G.","Barrios, Erik M. (57209542195); Sierra, Enrique (56682678200); Romero, Lenny A. (36142156300); Millán, María S. (7201466399); Marrugo, Andrés G. (24329839300)","57209542195; 56682678200; 36142156300; 7201466399; 24329839300","Detection and removal of dust artifacts in retinal images via sparse-based inpainting","2021","Optica Pura y Aplicada","54","3","","1","14","0","2","10.7149/OPA.54.3.51060","https://www.scopus.com/inward/record.uri?eid=2-s2.0-85117406718&doi=10.7149%2FOPA.54.3.51060&partnerID=40&md5=1bc779c61369dd425b63574ac497cb97","Article","Final","All Open Access; Gold Open Access; Green Accepted Open Access; Green Open Access","Scopus","2-s2.0-85117406718"
"Kobakhidze, M.N.; Hui, J.; Chui, J.; González, A.","Kobakhidze, Magda Nutsa (55906702400); Hui, Janisa (57291545100); Chui, Janice (57292682300); González, Alejandra (57205516296)","55906702400; 57291545100; 57292682300; 57205516296","Research Disruptions, New Opportunities: Re-Imagining Qualitative Interview Study During the COVID-19 Pandemic","2021","International Journal of Qualitative Methods","20","","","","","0","49","10.1177/16094069211051576","https://www.scopus.com/inward/record.uri?eid=2-s2.0-85116874746&doi=10.1177%2F16094069211051576&partnerID=40&md5=5b263b6afc03065bde454beb6e565b77","Article","Final","All Open Access; Gold Open Access","Scopus","2-s2.0-85116874746"
"Mendoza-Ortega, G.P.; Soto-DelaVega, M.; Ruiz-Meza, J.; Salgado, R.; Torregroza, A.","Mendoza-Ortega, Gean Pablo (57204844071); Soto-DelaVega, Manuel (57291105700); Ruiz-Meza, José (57216759290); Salgado, R. Daniel (57204844958); Torregroza, Angélica M. (56367530800)","57204844071; 57291105700; 57216759290; 57204844958; 56367530800","Scenario-Based Model for the Location of Multiple Uncapacitated Facilities: Case Study in an Agro-Food Supply Chain","2021","Communications in Computer and Information Science","1431 CCIS","","","386","398","0","2","10.1007/978-3-030-86702-7_33","https://www.scopus.com/inward/record.uri?eid=2-s2.0-85116852679&doi=10.1007%2F978-3-030-86702-7_33&partnerID=40&md5=7992da1f060c44eb70ea4a03f47333cd","Conference paper","Final","","Scopus","2-s2.0-85116852679"
"Acuña, L.C.; Narváez, R.; Salas, C.; Magre, L.A.; González-Campo, M.J.","Acuña, Leonardo Castellanos (57220920906); Narváez, Ray (57290041700); Salas, Carlos (57290914200); Magre, Luz Alejandra (56682785300); González-Campo, María José (57220072394)","57220920906; 57290041700; 57290914200; 56682785300; 57220072394","Smart UTB: An IoT Platform for Smart Campus","2021","Communications in Computer and Information Science","1431 CCIS","","","239","249","0","8","10.1007/978-3-030-86702-7_21","https://www.scopus.com/inward/record.uri?eid=2-s2.0-85116816238&doi=10.1007%2F978-3-030-86702-7_21&partnerID=40&md5=991aae6959a360dfadfa6e33aa8c416b","Conference paper","Final","All Open Access; Gold Open Access","Scopus","2-s2.0-85116816238"
"Mejia, M.S.; Jimenez, C.C.; Martinez-Santos, J.C.","Mejia, Maryori Sabalza (57290746500); Jimenez, Carolina Campillo (57290917700); Martinez-Santos, Juan Carlos (26325154200)","57290746500; 57290917700; 26325154200","Career Recommendation System for Validation of Multiple Intelligence to High School Students","2021","Communications in Computer and Information Science","1431 CCIS","","","110","120","0","5","10.1007/978-3-030-86702-7_10","https://www.scopus.com/inward/record.uri?eid=2-s2.0-85116807300&doi=10.1007%2F978-3-030-86702-7_10&partnerID=40&md5=93ca26fc9fb224adab2438bece98d2b1","Conference paper","Final","","Scopus","2-s2.0-85116807300"
"Gomez, E.; Duque, J.; Rojas, A.J.; Jaik, C.C.; Pertúz, J.A.","Gomez, Eduardo (57212006168); Duque, Jorge Eliecer (57205658483); Rojas, Alvaro José (57290416300); Jaik, Cristian Camilo (57290063800); Pertúz, José Ángel (57216632182)","57212006168; 57205658483; 57290416300; 57290063800; 57216632182","Agro-Smart Caribe: Soil Moisture Measurement System","2021","Communications in Computer and Information Science","1431 CCIS","","","422","434","0","1","10.1007/978-3-030-86702-7_36","https://www.scopus.com/inward/record.uri?eid=2-s2.0-85116760235&doi=10.1007%2F978-3-030-86702-7_36&partnerID=40&md5=a4fcd96066d6cf2c5721804fea1c8204","Conference paper","Final","All Open Access; Gold Open Access","Scopus","2-s2.0-85116760235"
"P, D.S.; Serrano, J.E.; González, E.","P, Daniel S.Valencia (57284604300); Serrano, Jairo E. (57220927199); González, Enrique Guerrero (7402466812)","57284604300; 57220927199; 7402466812","SIMALL Demonstration: Emotional BDI Simulation of a Mall","2021","Lecture Notes in Computer Science","12946 LNAI","","","394","397","0","0","10.1007/978-3-030-85739-4_40","https://www.scopus.com/inward/record.uri?eid=2-s2.0-85116337376&doi=10.1007%2F978-3-030-85739-4_40&partnerID=40&md5=8c745946554c201915f7b7e14c143c7a","Conference paper","Final","","Scopus","2-s2.0-85116337376"
"Muto, T.J.; Buitrago Bolivar, E.B.; Serrano, J.E.; González, E.","Muto, Tito Julio (57218263627); Buitrago Bolivar, Elías (35202900000); Serrano, Jairo E. (57220927199); González, Enrique Guerrero (7402466812)","57218263627; 35202900000; 57220927199; 7402466812","Multi-agent CHANS: BDI Farmer Intentions and Decision Making","2021","Lecture Notes in Computer Science","12946 LNAI","","","151","162","0","4","10.1007/978-3-030-85739-4_13","https://www.scopus.com/inward/record.uri?eid=2-s2.0-85116317552&doi=10.1007%2F978-3-030-85739-4_13&partnerID=40&md5=75c312c60c8303fcf801fc69b3f66865","Conference paper","Final","All Open Access; Gold Open Access","Scopus","2-s2.0-85116317552"
"Coronado-Hernandez, J.R.; Macías-Jiménez, M.A.; Chica-Llamas, J.D.; Zapata-Márquez, J.I.","Coronado-Hernandez, Jairo R. (54383095000); Macías-Jiménez, Mayra A. (57194563253); Chica-Llamas, Joned D. (57274355100); Zapata-Márquez, José I. (57275390500)","54383095000; 57194563253; 57274355100; 57275390500","Assessment of Organizational Policies in a Retail Store Based on a Simulation Model","2021","Lecture Notes in Computer Science","12883 LNCS","","","245","258","0","1","10.1007/978-3-030-84340-3_20","https://www.scopus.com/inward/record.uri?eid=2-s2.0-85115870914&doi=10.1007%2F978-3-030-84340-3_20&partnerID=40&md5=d9c361c9df8ca1aa5bf8f85c0381bae9","Conference paper","Final","All Open Access; Gold Open Access; Green Accepted Open Access; Green Open Access","Scopus","2-s2.0-85115870914"
"Ospina-Mateus, H.; Quintana-Jiménez, L.A.; Lopez-Valdes, F.J.","Ospina-Mateus, Holman (57194034904); Quintana-Jiménez, Leonardo Augusto (57195939566); Lopez-Valdes, Francisco J. (23110963500)","57194034904; 57195939566; 23110963500","The rider behavior questionnaire to explore associations of motorcycle taxi crashes in Cartagena (Colombia)","2021","Traffic Injury Prevention","22","S1","","S99","S103","0","15","10.1080/15389588.2021.1970749","https://www.scopus.com/inward/record.uri?eid=2-s2.0-85114625859&doi=10.1080%2F15389588.2021.1970749&partnerID=40&md5=cf206b4bdc976e9ed2041c8f3b1137e7","Article","Final","All Open Access; Gold Open Access","Scopus","2-s2.0-85114625859"
"Puertas, E.; Martinez-Santos, J.C.","Puertas, Edwin (57202285682); Martinez-Santos, Juan Carlos (26325154200)","57202285682; 26325154200","Phonetic detection for Hate Speech Spreaders on Twitter","2021","CEUR Workshop Proceedings","2936","","","2118","2125","0","1","","https://www.scopus.com/inward/record.uri?eid=2-s2.0-85113524538&partnerID=40&md5=23d035bd746a0d3697b64e3b53d2ecee","Conference paper","Final","","Scopus","2-s2.0-85113524538"
"Alviz-Meza, A.; Duong, A.; Orozco, J.; Kafarov, V.; Cárdenas Escorcia, Y.; Carrillo Caballero, G.E.; Peña-Ballesteros, D.","Alviz-Meza, Anibal (57220922265); Duong, Adam (36715877100); Orozco, Juan C. (56119110600); Kafarov, Viatcheslav V. (59854072300); Cárdenas Escorcia, Yulineth (57194679418); Carrillo Caballero, Gaylord Enrique (57193171659); Peña-Ballesteros, Darío Yesid (57211314883)","57220922265; 36715877100; 56119110600; 59854072300; 57194679418; 57193171659; 57211314883","Study of early P91 dual corrosion in steam and simulated combustion gases from a gas-fired boiler","2021","Journal of Materials Research and Technology","13","","","271","282","0","6","10.1016/j.jmrt.2021.04.071","https://www.scopus.com/inward/record.uri?eid=2-s2.0-85111466558&doi=10.1016%2Fj.jmrt.2021.04.071&partnerID=40&md5=629fb2d673849b39a2a41bd391b75b0e","Article","Final","All Open Access; Gold Open Access; Green Accepted Open Access; Green Open Access","Scopus","2-s2.0-85111466558"
"Benjumea, E.; Sierra, J.S.; Meza, J.; Marrugo, A.G.","Benjumea, Eberto (57195681584); Sierra, Juan S. (57209048746); Meza, Jhacson (57204065355); Marrugo, Andrés G. (24329839300)","57195681584; 57209048746; 57204065355; 24329839300","Multi-target Attachment for Surgical Instrument Tracking","2021","Lecture Notes in Computer Science","12725 LNCS","","","345","354","0","5","10.1007/978-3-030-77004-4_33","https://www.scopus.com/inward/record.uri?eid=2-s2.0-85111390356&doi=10.1007%2F978-3-030-77004-4_33&partnerID=40&md5=1ed0ed5654c3f6aea26d7dc7afbdc499","Conference paper","Final","All Open Access; Gold Open Access","Scopus","2-s2.0-85111390356"
"Guevara, C.R.; Arias Amaya, F.A.","Guevara, Carlos R.Payares (57219506381); Arias Amaya, Fabián A. (57214792915)","57219506381; 57214792915","Classical Simple Lie 2-algebras of Odd Toral Rank and a Contragredient Lie 2-algebra of Toral Rank 4","2021","Revista de la Union Matematica Argentina","62","1","","123","139","0","1","10.33044/REVUMA.1555","https://www.scopus.com/inward/record.uri?eid=2-s2.0-85109962383&doi=10.33044%2FREVUMA.1555&partnerID=40&md5=697ffc1caddbc80130e60b755718c9e9","Article","Final","All Open Access; Gold Open Access","Scopus","2-s2.0-85109962383"
"Iriarte-Pupo, A.J.; Martínez, C.A.B.; Campo-Landines, K.C.; de la Ossa, E.","Iriarte-Pupo, Alberto Jesús (57223875991); Martínez, Carmen Alicia Barreto (57223868184); Campo-Landines, Kiara Coralia (57205565967); de la Ossa, Elsy Domínguez (57223851529)","57223875991; 57223868184; 57205565967; 57223851529","Spiritual intelligence as a strategy for dealing constructively with teaching work stress; La inteligencia espiritual como estrategia para afrontar de manera constructiva el estrés laboral docente","2021","Revista Electronica Interuniversitaria de Formacion del Profesorado","24","1","","101","113","0","2","10.6018/REIFOP.435581","https://www.scopus.com/inward/record.uri?eid=2-s2.0-85106306167&doi=10.6018%2FREIFOP.435581&partnerID=40&md5=626f5807285da1b454554241015637c6","Article","Final","All Open Access; Gold Open Access","Scopus","2-s2.0-85106306167"
"Espinosa-Espinosa, A.E.; Alvis-Arrieta, J.A.; Rojas, G.R.","Espinosa-Espinosa, Aarón (57211108028); Alvis-Arrieta, Jorge (58068307100); Rojas, Gina Ruz (57223872108)","57211108028; 58068307100; 57223872108","Cultural damage and reparation of victims in the Colombian armed conflict. The case of the black peasant community of San Cristóbal (Montes de María–Colombia)","2021","Social Identities","27","4","","498","515","0","5","10.1080/13504630.2021.1924657","https://www.scopus.com/inward/record.uri?eid=2-s2.0-85106230695&doi=10.1080%2F13504630.2021.1924657&partnerID=40&md5=def572b1837cd685f4eb41637b43fc99","Article","Final","All Open Access; Gold Open Access","Scopus","2-s2.0-85106230695"
"Payares, E.D.; Martinez-Santos, J.C.","Payares, Esteban (57221228272); Martinez-Santos, Juan Carlos (26325154200)","57221228272; 26325154200","Quantum machine learning for intrusion detection of distributed denial of service attacks: A comparative overview","2021","Proceedings of SPIE - The International Society for Optical Engineering","11699","","116990B","","","0","21","10.1117/12.2593297","https://www.scopus.com/inward/record.uri?eid=2-s2.0-85106191026&doi=10.1117%2F12.2593297&partnerID=40&md5=d0f2118beab683727d97d80ed3ad9ba1","Conference paper","Final","All Open Access; Gold Open Access","Scopus","2-s2.0-85106191026"
"Garcés-Prettel, M.; Navarro-Díaz, L.R.; Jaramillo Echeverri, L.G.; Santoya-Montes, Y.","Garcés-Prettel, Miguel Efrén (57193012270); Navarro-Díaz, Luis Ricardo (57222374668); Jaramillo Echeverri, Luis Guillermo (57057826700); Santoya-Montes, Yanin (57216345199)","57193012270; 57222374668; 57057826700; 57216345199","Social representations of media reception during the COVID-19 lockdown in Colombia: From messages to meanings","2021","Cadernos de Saude Publica","37","2","","","","0","11","10.1590/0102-311x00203520","https://www.scopus.com/inward/record.uri?eid=2-s2.0-85102487124&doi=10.1590%2F0102-311x00203520&partnerID=40&md5=e5f4613968fdf2afb558288f8da033de","Article","Final","All Open Access; Gold Open Access","Scopus","2-s2.0-85102487124"
"Acevedo-Chedid, J.; Grice-Reyes, J.; Ospina-Mateus, H.; Salas-Navarro, K.; Santander-Mercado, A.; Sana, S.S.","Acevedo-Chedid, Jaime (57193533853); Grice-Reyes, Jennifer (57222257547); Ospina-Mateus, Holman (57194034904); Salas-Navarro, Katherinne (57193504630); Santander-Mercado, Alcides R. (57185806100); Sana, Shib Sankar (15078194000)","57193533853; 57222257547; 57194034904; 57193504630; 57185806100; 15078194000","Soft-computing approaches for rescheduling problems in a manufacturing industry","2021","RAIRO - Operations Research","55","","","S2125","S2159","0","12","10.1051/ro/2020077","https://www.scopus.com/inward/record.uri?eid=2-s2.0-85102025615&doi=10.1051%2Fro%2F2020077&partnerID=40&md5=f5efbf406dddc9165c23dd0b5332bcab","Article","Final","All Open Access; Gold Open Access; Green Accepted Open Access; Green Final Open Access; Green Open Access","Scopus","2-s2.0-85102025615"
"Arroyo, I.S.","Arroyo, Ingrid Silva (57222048766)","57222048766","Freedom and opportunity. Distributive justice considerations in amartya sen and philippe van parijs; Libertad y oportunidad. Consideraciones sobre justicia distributiva en amartya sen y philippe van parijs","2021","Revista de Filosofia (Venezuela)","37","94","","154","163","0","0","","https://www.scopus.com/inward/record.uri?eid=2-s2.0-85101101216&partnerID=40&md5=350855e5849cd9255a4cb12b89706185","Article","Final","","Scopus","2-s2.0-85101101216"
"Rios, Y.Y.; Garcia-Rodriguez, J.; Sanchez, E.; Alanis, A.; Ruiz-Velázquez, E.; García, A.","Rios, Y. Yuliana (57204642964); Garcia-Rodriguez, J. A. (57196509941); Sanchez, E. (59825623800); Alanis, Alma Y. (56002655800); Ruiz-Velázquez, Eduardo (55995906700); García, Aldo Pardo (8646739700)","57204642964; 57196509941; 59825623800; 56002655800; 55995906700; 8646739700","Neuro-fuzzy control for artificial pancreas: In silico development and validation; Control neuro-fuzzy para ṕancreas artificial: Desarrollo y validacíon in-silico","2021","RIAI - Revista Iberoamericana de Automatica e Informatica Industrial","17","4","","390","400","0","0","10.4995/riai.2020.13035","https://www.scopus.com/inward/record.uri?eid=2-s2.0-85099921559&doi=10.4995%2Friai.2020.13035&partnerID=40&md5=e4d600903a91d93c45c426c035a679ea","Article","Final","All Open Access; Gold Open Access; Green Accepted Open Access; Green Open Access","Scopus","2-s2.0-85099921559"
"Paternina, L.; Arrieta, E.; Useche, J.","Paternina, Luis (58422936800); Arrieta, Edgardo (57241274300); Useche, J. F. (24537991200)","58422936800; 57241274300; 24537991200","A mlpg formulation for stress analysis in bi-dimensional elastic bodies","2021","Lecture Notes in Electrical Engineering","685 LNEE","","","606","614","0","0","10.1007/978-3-030-53021-1_61","https://www.scopus.com/inward/record.uri?eid=2-s2.0-85089716262&doi=10.1007%2F978-3-030-53021-1_61&partnerID=40&md5=e57802074c2c3b4851b819a95510950b","Conference paper","Final","","Scopus","2-s2.0-85089716262"
"Villar-Salinas, S.; Guzmán, A.; Carrillo, J.","Villar-Salinas, Sergio (57218294431); Guzmán, Andrés Fernando (51565554600); Carrillo, Julian (28367475000)","57218294431; 51565554600; 28367475000","Performance evaluation of structures with reinforced concrete columns retrofitted with steel jacketing","2021","Journal of Building Engineering","33","","101510","","","0","66","10.1016/j.jobe.2020.101510","https://www.scopus.com/inward/record.uri?eid=2-s2.0-85088659875&doi=10.1016%2Fj.jobe.2020.101510&partnerID=40&md5=05b587e802fa3f37f474faf45834194c","Article","Final","","Scopus","2-s2.0-85088659875"
"Cárdenas Escorcia, Y.; Carrillo Caballero, G.E.; Alviz-Meza, A.; Carrillo, G.","Cárdenas Escorcia, Yulineth (57194679418); Carrillo Caballero, Gaylord Enrique (57193171659); Alviz-Meza, Anibal (57220922265); Carrillo, Gaylord E. (59157979000)","57194679418; 57193171659; 57220922265; 59157979000","Variable control tool in MATLAB for energy transformation processes","2020","Journal of Physics: Conference Series","1708","1","012035","","","0","0","10.1088/1742-6596/1708/1/012035","https://www.scopus.com/inward/record.uri?eid=2-s2.0-85097909410&doi=10.1088%2F1742-6596%2F1708%2F1%2F012035&partnerID=40&md5=63357acfbead3f63c5fefde7e2541be9","Conference paper","Final","All Open Access; Gold Open Access","Scopus","2-s2.0-85097909410"
"Carrillo Caballero, G.E.; Carrillo, G.","Carrillo Caballero, Gaylord Enrique (57193171659); Carrillo, Gaylord E. (59157979000)","57193171659; 59157979000","Prediction of particle level behavior in atmospheric air based on laws of physics of motion and geographic interpolation","2020","Journal of Physics: Conference Series","1708","1","012033","","","0","0","10.1088/1742-6596/1708/1/012033","https://www.scopus.com/inward/record.uri?eid=2-s2.0-85097903328&doi=10.1088%2F1742-6596%2F1708%2F1%2F012033&partnerID=40&md5=b48224bc7daee90b038c4226588a5223","Conference paper","Final","All Open Access; Gold Open Access","Scopus","2-s2.0-85097903328"
"Cárdenas Escorcia, Y.; Carrillo Caballero, G.E.; Alviz-Meza, A.; Carrillo, G.","Cárdenas Escorcia, Yulineth (57194679418); Carrillo Caballero, Gaylord Enrique (57193171659); Alviz-Meza, Anibal (57220922265); Carrillo, Gaylord E. (59157979000)","57194679418; 57193171659; 57220922265; 59157979000","Fuzzy logic methodology to study the behavior of energy transformation processes based on statistics T2and Q","2020","Journal of Physics: Conference Series","1708","1","012034","","","0","0","10.1088/1742-6596/1708/1/012034","https://www.scopus.com/inward/record.uri?eid=2-s2.0-85097883642&doi=10.1088%2F1742-6596%2F1708%2F1%2F012034&partnerID=40&md5=788ede31e518df5af1a5d54d72f9e6ba","Conference paper","Final","All Open Access; Gold Open Access; Green Final Open Access; Green Open Access","Scopus","2-s2.0-85097883642"
"Jiménez-García, F.N.; Beleno, L.; De, J.; Muñiz-Olite, J.L.","Jiménez-García, Francy Nelly (23670354600); Beleno, Ligia (57221302842); De, Jairo (57221310216); Muñiz-Olite, Jorge Luis (57758796500)","23670354600; 57221302842; 57221310216; 57758796500","Didactic units in physics as learning enhancers for engineering students; Unidades didácticas en física como potenciadores del aprendizaje en estudiantes de ingeniería","2020","Formacion Universitaria","13","6","","143","154","0","1","10.4067/S0718-50062020000600143","https://www.scopus.com/inward/record.uri?eid=2-s2.0-85098757608&doi=10.4067%2FS0718-50062020000600143&partnerID=40&md5=dd02368d9e3df583064aecc152e37631","Article","Final","All Open Access; Gold Open Access","Scopus","2-s2.0-85098757608"
"Marún-Uparela, K.","Marún-Uparela, Katleen (57222278899)","57222278899","The cultural approach to development and cultural rights as a proposal for the resizing of collective reparation","2020","Juridicas","17","2","","90","105","0","2","10.17151/jurid.2020.17.2.5","https://www.scopus.com/inward/record.uri?eid=2-s2.0-85097890950&doi=10.17151%2Fjurid.2020.17.2.5&partnerID=40&md5=d749a05936d27cafc5b99753e855fdf0","Article","Final","All Open Access; Gold Open Access","Scopus","2-s2.0-85097890950"
"Rodelo García, M.; Villa, J.L.; Yime, E.","Rodelo García, Margarita Rosa (57205662246); Villa, J. L. (7005142049); Yime, Eugenio (22837432800)","57205662246; 7005142049; 22837432800","Trajectory-tracking control of a planar parallel robot using generalized predictive control with constraints","2020","Journal of Physics: Conference Series","1702","1","012003","","","0","1","10.1088/1742-6596/1702/1/012003","https://www.scopus.com/inward/record.uri?eid=2-s2.0-85097355128&doi=10.1088%2F1742-6596%2F1702%2F1%2F012003&partnerID=40&md5=924543c490eab04c2a1036bc60446df0","Conference paper","Final","All Open Access; Gold Open Access","Scopus","2-s2.0-85097355128"
"Narváez, A.; Useche, J.","Narváez, Alexander J. (57224404584); Useche, J. F. (24537991200)","57224404584; 24537991200","The Kriging integration method applied to the boundary element analysis of Poisson problems","2020","Engineering Analysis with Boundary Elements","121","","","1","20","0","9","10.1016/j.enganabound.2020.09.001","https://www.scopus.com/inward/record.uri?eid=2-s2.0-85090699817&doi=10.1016%2Fj.enganabound.2020.09.001&partnerID=40&md5=fbc4e6eb277ab53f19efa6925f4c4fdd","Article","Final","","Scopus","2-s2.0-85090699817"
"Magre, L.A.; Franco Ibanez, J.; Martinez-Santos, J.C.","Magre, Luz Alejandra (56682785300); Franco Ibanez, Jorge (57221564622); Martinez-Santos, Juan Carlos (26325154200)","56682785300; 57221564622; 26325154200","Leveraging Emergency Response System Using the Internet of Things. A Preliminary Approach","2020","","","","9299175","","","0","5","10.1109/CCE50788.2020.9299175","https://www.scopus.com/inward/record.uri?eid=2-s2.0-85099442198&doi=10.1109%2FCCE50788.2020.9299175&partnerID=40&md5=26e1f4940cb602387f98356320e6acc3","Conference paper","Final","","Scopus","2-s2.0-85099442198"
"Rodelo García, M.; Villa, J.L.; Yime, E.","Rodelo García, Margarita Rosa (57205662246); Villa, J. L. (7005142049); Yime, Eugenio (22837432800)","57205662246; 7005142049; 22837432800","Higher-order kinematic analyses of a planar parallel robot based on screw theory","2020","Journal of Physics: Conference Series","1671","1","012002","","","0","0","10.1088/1742-6596/1671/1/012002","https://www.scopus.com/inward/record.uri?eid=2-s2.0-85096975625&doi=10.1088%2F1742-6596%2F1671%2F1%2F012002&partnerID=40&md5=206e5718edc4fc783f051f153eb5e669","Conference paper","Final","All Open Access; Gold Open Access","Scopus","2-s2.0-85096975625"
"Rodríguez-Cabal, M.A.; Arias Londoo, A.; Ardila, J.G.; Grisales-Norea, L.F.; Castro, A.","Rodríguez-Cabal, Miguel Angel (57208634458); Arias Londoo, A. (57220114489); Ardila, J. G. (55229765400); Grisales-Norea, L. F. (57220120776); Castro, A. (57210977369)","57208634458; 57220114489; 55229765400; 57220120776; 57210977369","Overall heat transfer coefficient optimization in a spiral-plate heat exchanger","2020","Journal of Physics: Conference Series","1671","1","012012","","","0","2","10.1088/1742-6596/1671/1/012012","https://www.scopus.com/inward/record.uri?eid=2-s2.0-85096962772&doi=10.1088%2F1742-6596%2F1671%2F1%2F012012&partnerID=40&md5=103e73ced68ae9db82a689166c0bdd22","Conference paper","Final","All Open Access; Gold Open Access","Scopus","2-s2.0-85096962772"
"Hernandez, C.A.C.; Gonzalez, L.E.G.; Magre, L.A.","Hernandez, Carlos Andres Cristancho (57221468572); Gonzalez, Luis Eduardo Garcia (57221460543); Magre, Luz Alejandra (56682785300)","57221468572; 57221460543; 56682785300","Bibliobrabot: Design of a robotic arm assistant in library for the disabled people in wheelchair; Bibliobrabot: Diseño de un Brazo Robotico Asistente en Biblioteca para Discapacitados en Silla de Ruedas","2020","","","","9290293","","","0","0","10.1109/CIIMA50553.2020.9290293","https://www.scopus.com/inward/record.uri?eid=2-s2.0-85099265087&doi=10.1109%2FCIIMA50553.2020.9290293&partnerID=40&md5=bf13291ba1784c42306e10acd5d79064","Conference paper","Final","","Scopus","2-s2.0-85099265087"
"Arrieta, M.P.; Alarcon, Y.; Villa, J.L.","Arrieta, M. P. (57213687198); Alarcon, Y. (57221463655); Villa, J. L. (7005142049)","57213687198; 57221463655; 7005142049","Internet of Things Applied to Agricultural Irrigation Systems in Pasture Grasses","2020","","","","9290305","","","0","1","10.1109/CIIMA50553.2020.9290305","https://www.scopus.com/inward/record.uri?eid=2-s2.0-85099264819&doi=10.1109%2FCIIMA50553.2020.9290305&partnerID=40&md5=0f84e65e7b2685216bb95bea519ec92b","Conference paper","Final","","Scopus","2-s2.0-85099264819"
"Dominguez-Jimenez, J.A.; Rivera, A.; Botina, K.; Perdomo, G.A.; Montoya Giraldo, O.D.; Campillo, J.; Delahoz-Domínguez, E.","Dominguez-Jimenez, J. A. (56682770100); Rivera, A. (57203399571); Botina, K. (57221475160); Perdomo, G. A. (57221470001); Montoya Giraldo, Oscar Danilo (56919564100); Campillo, Javier E. (55609096600); Delahoz-Domínguez, Enrique J. (57220073247)","56682770100; 57203399571; 57221475160; 57221470001; 56919564100; 55609096600; 57220073247","Data-driven framework for the detection of non-technical losses in distribution grids","2020","","","","9290186","","","0","8","10.1109/CIIMA50553.2020.9290186","https://www.scopus.com/inward/record.uri?eid=2-s2.0-85099264230&doi=10.1109%2FCIIMA50553.2020.9290186&partnerID=40&md5=c13bfef21fea1c3abe780657c9d45bd0","Conference paper","Final","","Scopus","2-s2.0-85099264230"
"Villa, J.L.; Sanchez-Hernandez, S.","Villa, J. L. (7005142049); Sanchez-Hernandez, Sergio A. (57220070743)","7005142049; 57220070743","Implementing a Software-based Controller as a Strategy for Teaching Digital Control","2020","","","","9290314","","","0","0","10.1109/CIIMA50553.2020.9290314","https://www.scopus.com/inward/record.uri?eid=2-s2.0-85099260159&doi=10.1109%2FCIIMA50553.2020.9290314&partnerID=40&md5=890e152309580357e04ab8831db4cce4","Conference paper","Final","","Scopus","2-s2.0-85099260159"
"Marrugo-Tobón, D.A.; Vitola, A.L.; Villa, J.L.; Rodelo García, M.","Marrugo-Tobón, Duvan Andres (57221469260); Vitola, Angie L. (57221468831); Villa, J. L. (7005142049); Rodelo García, Margarita Rosa (57205662246)","57221469260; 57221468831; 7005142049; 57205662246","Kinematic and Workspace Analysis of Spherical 3RRR Coaxial Parallel Robot Based on Screw Theory","2020","","","","9290317","","","0","5","10.1109/CIIMA50553.2020.9290317","https://www.scopus.com/inward/record.uri?eid=2-s2.0-85099259970&doi=10.1109%2FCIIMA50553.2020.9290317&partnerID=40&md5=084f3da68773fc38a4081a0db007131a","Conference paper","Final","","Scopus","2-s2.0-85099259970"
"Quintero, F.J.; Mendoza, K.D.; Romero, L.A.; Marrugo, A.G.","Quintero, Fernando J. (57221475394); Mendoza, Kevin D. (57221460700); Romero, Lenny A. (36142156300); Marrugo, Andrés G. (24329839300)","57221475394; 57221460700; 36142156300; 24329839300","Development and implementation of an optical profilometer by laser triangulation; Desarrollo e implementación de un perfilómetro óptico por triangulación láser","2020","","","","9290307","","","0","2","10.1109/CIIMA50553.2020.9290307","https://www.scopus.com/inward/record.uri?eid=2-s2.0-85099251091&doi=10.1109%2FCIIMA50553.2020.9290307&partnerID=40&md5=4b5269012a78b6b726dee9cbad11767a","Conference paper","Final","","Scopus","2-s2.0-85099251091"
"Peña-Consuegra, J.; Jairo, U.V.; Pagnola, M.R.","Peña-Consuegra, Jorge (57221467539); Jairo, Useche V. (57221477762); Pagnola, Marcelo R. (14012202200)","57221467539; 57221477762; 14012202200","Key Aspects in the design of silicone/graphene-based strain sensors for structural monitoring","2020","","","","9290292","","","0","1","10.1109/CIIMA50553.2020.9290292","https://www.scopus.com/inward/record.uri?eid=2-s2.0-85099248595&doi=10.1109%2FCIIMA50553.2020.9290292&partnerID=40&md5=11e65a3f687da2e90c8f77dda363fe31","Conference paper","Final","","Scopus","2-s2.0-85099248595"
"Botina, K.; Corredor, K.; Duarte, S.; Perdomo, G.A.; Dominguez-Jimenez, J.A.; Delahoz-Domínguez, E.","Botina, K. (57221475160); Corredor, K. (57221458571); Duarte, S. (57221465300); Perdomo, G. A. (57221470001); Dominguez-Jimenez, J. A. (56682770100); Delahoz-Domínguez, Enrique J. (57220073247)","57221475160; 57221458571; 57221465300; 57221470001; 56682770100; 57220073247","Performance Benchmarking of Stochastic and Deterministic Representation Bases with Compressive Sensing in Computerized Tomography Images","2020","","","","9290294","","","0","0","10.1109/CIIMA50553.2020.9290294","https://www.scopus.com/inward/record.uri?eid=2-s2.0-85099231442&doi=10.1109%2FCIIMA50553.2020.9290294&partnerID=40&md5=6a862a51ec41bd8fbd073fa22c7181e8","Conference paper","Final","","Scopus","2-s2.0-85099231442"
"Baron, A.E.G.; Castro, A.; Rios, Y.Y.","Baron, Andres Eloy Garcia (57221470602); Castro, A. (57210977369); Rios, Y. Yuliana (57204642964)","57221470602; 57210977369; 57204642964","Chassis design for an autonomous electric vehicle for the city of Cartagena de Indias (Elevated Autonomous Transport System-Caribbean railway) using finite elements and the Shell technique; Diseño del chasis de un vehículo eléctrico autónomo para la ciudad de Cartagena de Indias (SETA-tren del Caribe) usando elementos finitos y la técnica de Shell","2020","","","","9290309","","","0","0","10.1109/CIIMA50553.2020.9290309","https://www.scopus.com/inward/record.uri?eid=2-s2.0-85099199237&doi=10.1109%2FCIIMA50553.2020.9290309&partnerID=40&md5=1af8ca41d080d0293108d516f0cac201","Conference paper","Final","","Scopus","2-s2.0-85099199237"
"Guzman-Sarmiento, S.; Mendoza-Carmona, J.; Meza-Martinez, J.; Contreras-Ortiz, S.H.","Guzman-Sarmiento, Samantha (57221465594); Mendoza-Carmona, Jhonavid (57221458765); Meza-Martinez, Jessica (57221482464); Contreras-Ortiz, Sonia H. (57210822856)","57221465594; 57221458765; 57221482464; 57210822856","Biomechanical Analysis of Common Postures during Mobile Phone Use","2020","","","","9290174","","","0","0","10.1109/CIIMA50553.2020.9290174","https://www.scopus.com/inward/record.uri?eid=2-s2.0-85099197992&doi=10.1109%2FCIIMA50553.2020.9290174&partnerID=40&md5=24889ca47e6dfb1a3c385035d24e380f","Conference paper","Final","","Scopus","2-s2.0-85099197992"
"Marrugo-Tobón, D.A.; Romero-Mercado, C.D.; Mendoza-Vanegas, K.; Magre, L.A.; Rios, Y.Y.","Marrugo-Tobón, Duvan Andres (57221469260); Romero-Mercado, Caleb D. (57221460194); Mendoza-Vanegas, K. (57221469769); Magre, Luz Alejandra (56682785300); Rios, Y. Yuliana (57204642964)","57221469260; 57221460194; 57221469769; 56682785300; 57204642964","Ergonomic Portable Measuring System Designed to Assist Patients with Metacarpal Injuries","2020","","","","9290299","","","0","0","10.1109/CIIMA50553.2020.9290299","https://www.scopus.com/inward/record.uri?eid=2-s2.0-85099196777&doi=10.1109%2FCIIMA50553.2020.9290299&partnerID=40&md5=ab6e204b01f9d8e643f041690c6ea9b0","Conference paper","Final","","Scopus","2-s2.0-85099196777"
"Maza, M.; Rodríguez-Arias, A.J.; Pasqualino, H.A.; Pasqualino, J.","Maza, Melandez (57221458513); Rodríguez-Arias, Harold A. (57204847841); Pasqualino, Harold A. (57221476242); Pasqualino, Jorgelina C. (14622047600)","57221458513; 57204847841; 57221476242; 14622047600","Validation of the Streeter-Phelps Model in Matlab to predict biochemical demand for oxygen DOB and dissolved oxygen OD","2020","","","","9290297","","","0","1","10.1109/CIIMA50553.2020.9290297","https://www.scopus.com/inward/record.uri?eid=2-s2.0-85099183902&doi=10.1109%2FCIIMA50553.2020.9290297&partnerID=40&md5=a22c73499433c7d57ca10f8427aa2025","Conference paper","Final","","Scopus","2-s2.0-85099183902"
"Ruiz, J.M.; Giraldo, J.A.; Duque, J.; Villa, J.L.","Ruiz, J. M. (57198663872); Giraldo, Jorge A. (57211584296); Duque, Jorge Eliecer (57205658483); Villa, J. L. (7005142049)","57198663872; 57211584296; 57205658483; 7005142049","Implementation of a two-tank multivariable process for control education","2020","","","","9290318","","","0","1","10.1109/CIIMA50553.2020.9290318","https://www.scopus.com/inward/record.uri?eid=2-s2.0-85099178509&doi=10.1109%2FCIIMA50553.2020.9290318&partnerID=40&md5=177c6fd07477bc0c701c7615aa5b3f4b","Conference paper","Final","","Scopus","2-s2.0-85099178509"
"Ballestas Ortega, O.; Villa, J.L.","Ballestas Ortega, Oscar De Jesús (57203997650); Villa, J. L. (7005142049)","57203997650; 7005142049","Failures Identification in Refrigeration Equipment","2020","","","","9290310","","","0","3","10.1109/CIIMA50553.2020.9290310","https://www.scopus.com/inward/record.uri?eid=2-s2.0-85099176924&doi=10.1109%2FCIIMA50553.2020.9290310&partnerID=40&md5=5d4b1490f50e23ade9424669a8d1b3e0","Conference paper","Final","","Scopus","2-s2.0-85099176924"
"Dominguez-Jimenez, J.A.; Montoya Giraldo, O.D.; Campillo, J.; Gil-González, W.","Dominguez-Jimenez, J. A. (56682770100); Montoya Giraldo, Oscar Danilo (56919564100); Campillo, Javier E. (55609096600); Gil-González, Walter Julian (57191493648)","56682770100; 56919564100; 55609096600; 57191493648","Economic dispatch in DC Microgrids considering different battery technologies: A Benchmark Study","2020","","","","9258675","","","0","1","10.1109/ROPEC50909.2020.9258675","https://www.scopus.com/inward/record.uri?eid=2-s2.0-85097990861&doi=10.1109%2FROPEC50909.2020.9258675&partnerID=40&md5=0e7652eb71c78f2f5b363276180c4dfe","Conference paper","Final","","Scopus","2-s2.0-85097990861"
"Montoya Giraldo, O.D.; Gil-González, W.; Serra, F.; Dominguez-Jimenez, J.A.; Campillo, J.; Hernandez, J.C.","Montoya Giraldo, Oscar Danilo (56919564100); Gil-González, Walter Julian (57191493648); Serra, Federico M. (37104976300); Dominguez-Jimenez, J. A. (56682770100); Campillo, Javier E. (55609096600); Hernandez, Jesus C. (55457479000)","56919564100; 57191493648; 37104976300; 56682770100; 55609096600; 55457479000","Direct Power Control Design for Charging Electric Vehicles: A Passivity-Based Control Approach","2020","","","","9258690","","","0","2","10.1109/ROPEC50909.2020.9258690","https://www.scopus.com/inward/record.uri?eid=2-s2.0-85097979403&doi=10.1109%2FROPEC50909.2020.9258690&partnerID=40&md5=d8f1069821681ea868d492e35e163276","Conference paper","Final","","Scopus","2-s2.0-85097979403"
"Vargas-Chaves, I.; Acevedo-Caicedo, F.; Salgado-Figueroa, E.S.","Vargas-Chaves, Iván (57188579768); Acevedo-Caicedo, Francisco J. (57220187377); Salgado-Figueroa, Eduardo (57220184757)","57188579768; 57220187377; 57220184757","Rural cooperatives: An opportunity to rethink the role of the State in the face of seed regulation effects in Colombia; Las cooperativas rurales: Una oportunidad para repensar el rol del Estado frente a los impactos de la regulación de semillas en Colombia","2020","Boletin de la Asociacion Internacional de Derecho Cooperativo","","57","","391","409","0","6","10.18543/BAIDC-57-2020PP391-408","https://www.scopus.com/inward/record.uri?eid=2-s2.0-85097150868&doi=10.18543%2FBAIDC-57-2020PP391-408&partnerID=40&md5=cfed18d7199e3008dbbf4663a755eb6e","Review","Final","","Scopus","2-s2.0-85097150868"
"Montoya Giraldo, O.D.; Gil-González, W.; Dominguez-Jimenez, J.A.; Molina-Cabrera, A.; Giral, D.A.","Montoya Giraldo, Oscar Danilo (56919564100); Gil-González, Walter Julian (57191493648); Dominguez-Jimenez, J. A. (56682770100); Molina-Cabrera, A. (55942766500); Giral, Diego Armando (36975442100)","56919564100; 57191493648; 56682770100; 55942766500; 36975442100","Global stabilization of a reaction wheel pendulum: A discrete-inverse optimal formulation approach via a control lyapunov function","2020","Symmetry","12","11","1771","1","13","0","3","10.3390/sym12111771","https://www.scopus.com/inward/record.uri?eid=2-s2.0-85094158788&doi=10.3390%2Fsym12111771&partnerID=40&md5=da91328844836c6f366a2726465eb577","Article","Final","All Open Access; Gold Open Access; Green Accepted Open Access; Green Open Access","Scopus","2-s2.0-85094158788"
"Lozano, H.; Raes, M.; Vargas, J.J.; Ballieu, A.; Grajales, H.; Manrique, C.; Beckers, J.F.; Kirschvink, N.","Lozano, Harvey (57202095307); Raes, Marianne (35105671200); Vargas, Jimmy J. (57219024558); Ballieu, Amelie (57219026368); Grajales, Henry A. (14833905000); Manrique, Carlos Cohen (36909258600); Beckers, Jeane François (7102969762); Kirschvink, Nathalie A. (6603883565)","57202095307; 35105671200; 57219024558; 57219026368; 14833905000; 36909258600; 7102969762; 6603883565","Onset of puberty and regularity of oestral cycles in ewe lambs of four breeds under high-altitude conditions in a non-seasonal country","2020","Tropical Animal Health and Production","52","6","","3395","3402","0","5","10.1007/s11250-020-02372-w","https://www.scopus.com/inward/record.uri?eid=2-s2.0-85091114715&doi=10.1007%2Fs11250-020-02372-w&partnerID=40&md5=1207478d375cb69282331240bab0c878","Article","Final","","Scopus","2-s2.0-85091114715"
"Díaz-Mendoza, C.; Mouthón-Bello, J.; Pérez-Herrera, N.L.; Escobar-Díaz, S.M.","Díaz-Mendoza, Claudia (55258973100); Mouthón-Bello, Javier A. (8693393400); Pérez-Herrera, Natalia Lucia (57218482617); Escobar-Díaz, Stephanie María (57218481547)","55258973100; 8693393400; 57218482617; 57218481547","Plastics and microplastics, effects on marine coastal areas: a review","2020","Environmental Science and Pollution Research","27","32","","39913","39922","0","64","10.1007/s11356-020-10394-y","https://www.scopus.com/inward/record.uri?eid=2-s2.0-85089298654&doi=10.1007%2Fs11356-020-10394-y&partnerID=40&md5=91c71e084ddc24341fd53f5bcbf841ad","Review","Final","","Scopus","2-s2.0-85089298654"
"Ariza, H.; Martinez-Santos, J.C.; Payares, E.D.; Medina-Reyes, M.F.M.; Dominguez-Jimenez, J.A.; Campillo, J.","Ariza, H. (59967742900); Martinez-Santos, Juan Carlos (26325154200); Payares, Esteban (57221228272); Medina-Reyes, María Fernanda (57221229836); Dominguez-Jimenez, J. A. (56682770100); Campillo, Javier E. (55609096600)","59967742900; 26325154200; 57221228272; 57221229836; 56682770100; 55609096600","A blockchain solution for operational parameters monitoring platform for DC microgrids","2020","","","","9272035","","","0","7","10.1109/ANDESCON50619.2020.9272035","https://www.scopus.com/inward/record.uri?eid=2-s2.0-85098587188&doi=10.1109%2FANDESCON50619.2020.9272035&partnerID=40&md5=e7845d978cb02ef3f8fd5469279be30e","Conference paper","Final","","Scopus","2-s2.0-85098587188"
"Gil-González, W.; Serra, F.; Dominguez-Jimenez, J.A.; Campillo, J.; Montoya Giraldo, O.D.","Gil-González, Walter Julian (57191493648); Serra, Federico M. (37104976300); Dominguez-Jimenez, J. A. (56682770100); Campillo, Javier E. (55609096600); Montoya Giraldo, Oscar Danilo (56919564100)","57191493648; 37104976300; 56682770100; 55609096600; 56919564100","Predictive power control for electric vehicle charging applications","2020","","","","9272192","","","0","3","10.1109/ANDESCON50619.2020.9272192","https://www.scopus.com/inward/record.uri?eid=2-s2.0-85098571619&doi=10.1109%2FANDESCON50619.2020.9272192&partnerID=40&md5=212696f1d77e43f5fd4b6f248f457a79","Conference paper","Final","","Scopus","2-s2.0-85098571619"
"Paternina, C.; Arnedo, R.; Dominguez-Jimenez, J.A.; Campillo, J.","Paternina, C. (57221230575); Arnedo, Rafael (57221226110); Dominguez-Jimenez, J. A. (56682770100); Campillo, Javier E. (55609096600)","57221230575; 57221226110; 56682770100; 55609096600","LoRAWAN network coverage testing design using open-source low-cost hardware","2020","","","","9272128","","","0","4","10.1109/ANDESCON50619.2020.9272128","https://www.scopus.com/inward/record.uri?eid=2-s2.0-85098566943&doi=10.1109%2FANDESCON50619.2020.9272128&partnerID=40&md5=cb37bc906d35287a38fca0b5bc37256b","Conference paper","Final","","Scopus","2-s2.0-85098566943"
"Mendoza Castellanos, L.S.; Galindo Noguera, A.L.; Gutierrez, E.I.; Carrillo Caballero, G.E.; Silva Lora, E.E.; Melian Cobas, V.R.","Mendoza Castellanos, Luis Sebastian (57193169160); Galindo Noguera, Ana Lisbeth (56002365900); Gutierrez, Elkin I. (57195591098); Carrillo Caballero, Gaylord Enrique (57193171659); Silva Lora, Electo Eduardo (35606579500); Melian Cobas, Vladimir Rafael (6504307714)","57193169160; 56002365900; 57195591098; 57193171659; 35606579500; 6504307714","Mathematical modeling of a system composed of parabolic trough solar collectors integrated with a hydraulic energy storage system","2020","Energy","208","","118255","","","0","11","10.1016/j.energy.2020.118255","https://www.scopus.com/inward/record.uri?eid=2-s2.0-85087873960&doi=10.1016%2Fj.energy.2020.118255&partnerID=40&md5=d4562f948eca3b038eb31fe93b055b99","Article","Final","","Scopus","2-s2.0-85087873960"
"Sierra-Porta, D.","Sierra-Porta, D. (57191333650)","57191333650","Analytic Approximations to Liénard Nonlinear Oscillators with Modified Energy Balance Method","2020","Journal of Vibration Engineering and Technologies","8","5","","713","720","0","5","10.1007/s42417-019-00170-9","https://www.scopus.com/inward/record.uri?eid=2-s2.0-85071469205&doi=10.1007%2Fs42417-019-00170-9&partnerID=40&md5=ccac2b5d8ad9143bd2e941fc3609fc8c","Article","Final","","Scopus","2-s2.0-85071469205"
"Acosta, A.D.M.; Sanchez-Hernandez, S.; Henao, J.C.G.","Acosta, Alex David Morales (57209252640); Sanchez-Hernandez, Sergio A. (57220070743); Henao, Julio C.Gonzalez (57220931008)","57209252640; 57220070743; 57220931008","Augmented Reality as Didactic Strategy for Facilitate the Learning of the Solar System","2020","","","","9256839","","","0","0","10.1109/GMAX49668.2020.9256839","https://www.scopus.com/inward/record.uri?eid=2-s2.0-85097892681&doi=10.1109%2FGMAX49668.2020.9256839&partnerID=40&md5=8ab5579db93aa722058729d22edd288a","Conference paper","Final","","Scopus","2-s2.0-85097892681"
"Vargas, A.J.O.; Serrano, J.E.; Acuña, L.C.; Martinez-Santos, J.C.","Vargas, Alvaro Jose Ortega (57220932136); Serrano, Jairo E. (57220927199); Acuña, Leonardo Castellanos (57220920906); Martinez-Santos, Juan Carlos (26325154200)","57220932136; 57220927199; 57220920906; 26325154200","Path Planning for Non-Playable Characters in Arcade Video Games using the Wavefront Algorithm","2020","","","","9256835","","","0","6","10.1109/GMAX49668.2020.9256835","https://www.scopus.com/inward/record.uri?eid=2-s2.0-85097882464&doi=10.1109%2FGMAX49668.2020.9256835&partnerID=40&md5=a61d785ab379a7fd12762e6c0eb973d2","Conference paper","Final","","Scopus","2-s2.0-85097882464"
"Vázquez-Miraz, P.; Rentería, C.; Martínez, M.J.; Zapata, K.","Vázquez-Miraz, Pedro (57196040759); Rentería, Camila (57219711167); Martínez, María José (57219715744); Zapata, Katherine (57219712411)","57196040759; 57219711167; 57219715744; 57219712411","Main difficulties of novel university students when preparing a scientific text; Principales dificultades del alumnado universitario novel a la hora de elaborar un texto científico","2020","Tejuelo. Didactica de la Lengua y la Literatura. Educacion","32","","","117","146","0","8","10.17398/1988-8430.32.117","https://www.scopus.com/inward/record.uri?eid=2-s2.0-85094890731&doi=10.17398%2F1988-8430.32.117&partnerID=40&md5=e718ad6a23b875c90f9f98e8b3adcf4c","Article","Final","All Open Access; Gold Open Access; Green Accepted Open Access; Green Open Access","Scopus","2-s2.0-85094890731"
"Penã-Rodríguez, J.; Pisco-Guabave, J.; Sierra-Porta, D.; Suárez-Durán, M.; Arenas-Flórez, M.; Pérez-Archila, L.M.; Sanabria-Gómez, J.D.; Asorey, H.; Núñez, L.A.","Penã-Rodríguez, Jésus (57110339100); Pisco-Guabave, J. (57219416102); Sierra-Porta, D. (57191333650); Suárez-Durán, Mauricio (53863979400); Arenas-Flórez, M. (57219414972); Pérez-Archila, Luis Miguel (57219411853); Sanabria-Gómez, José David (57223208380); Asorey, Hernan G. (35276880300); Núñez, L. A. (7102162793)","57110339100; 57219416102; 57191333650; 53863979400; 57219414972; 57219411853; 57223208380; 35276880300; 7102162793","Design and construction of MuTe: a hybrid Muon Telescope to study Colombian volcanoes","2020","Journal of Instrumentation","15","9","P09006","","","0","17","10.1088/1748-0221/15/09/P09006","https://www.scopus.com/inward/record.uri?eid=2-s2.0-85092651606&doi=10.1088%2F1748-0221%2F15%2F09%2FP09006&partnerID=40&md5=d46386c031253c52a107335c91caa574","Article","Final","All Open Access; Green Accepted Open Access; Green Open Access","Scopus","2-s2.0-85092651606"
"Dominguez-Jimenez, J.A.; Campillo, J.; Montoya Giraldo, O.D.; Delahoz-Domínguez, E.; Hernandez, J.C.","Dominguez-Jimenez, J. A. (56682770100); Campillo, Javier E. (55609096600); Montoya Giraldo, Oscar Danilo (56919564100); Delahoz-Domínguez, Enrique J. (57220073247); Hernandez, Jesus C. (55457479000)","56682770100; 55609096600; 56919564100; 57220073247; 55457479000","Seasonality effect analysis and recognition of charging behaviors of electric vehicles: A data science approach","2020","Sustainability (Switzerland)","12","18","7769","","","0","24","10.3390/SU12187769","https://www.scopus.com/inward/record.uri?eid=2-s2.0-85092412904&doi=10.3390%2FSU12187769&partnerID=40&md5=387b97bcb862cffaea36c56b8c013e21","Article","Final","All Open Access; Gold Open Access; Green Accepted Open Access; Green Open Access","Scopus","2-s2.0-85092412904"
"Marrugo, A.G.; Gao, F.; Zhang, S.","Marrugo, Andrés G. (24329839300); Gao, Feng (36819040800); Zhang, Song (12761761100)","24329839300; 36819040800; 12761761100","State-of-the-art active optical techniques for three-dimensional surface metrology: a review [Invited]","2020","Journal of the Optical Society of America A: Optics and Image Science, and Vision","37","9","","B60","B77","0","210","10.1364/JOSAA.398644","https://www.scopus.com/inward/record.uri?eid=2-s2.0-85090338687&doi=10.1364%2FJOSAA.398644&partnerID=40&md5=b394dfca6cc791efa947000903927d44","Article","Final","All Open Access; Gold Open Access; Green Accepted Open Access; Green Open Access","Scopus","2-s2.0-85090338687"
"Toro-González, D.; Cantillo, V.; Cantillo-Garcia, V.","Toro-González, Daniel (56380539800); Cantillo, Víctor (8273409900); Cantillo-Garcia, Víctor A. (57216917383)","56380539800; 8273409900; 57216917383","Factors influencing demand for public transport in Colombia","2020","Research in Transportation Business and Management","36","","100514","","","0","31","10.1016/j.rtbm.2020.100514","https://www.scopus.com/inward/record.uri?eid=2-s2.0-85086774191&doi=10.1016%2Fj.rtbm.2020.100514&partnerID=40&md5=20ec7a5a7dd4036addbbe2e2d4023f1a","Article","Final","","Scopus","2-s2.0-85086774191"
"Santoya-Montes, Y.; Gutiérrez-Ruiz, K.; Zequeira Cotes, R.; Puentes-Rozo, P.","Santoya-Montes, Yanin (57216345199); Gutiérrez-Ruiz, Karol Patricia (57192930752); Zequeira Cotes, Rodrigo (57219187454); Puentes-Rozo, Pedro J. (24588084200)","57216345199; 57192930752; 57219187454; 24588084200","Two Case Reports of Neuropsychological Functioning in Congenital Insensitivity to Pain with Anhidrosis (CIPA)","2020","Developmental Neuropsychology","45","6","","414","430","0","0","10.1080/87565641.2020.1825719","https://www.scopus.com/inward/record.uri?eid=2-s2.0-85091615314&doi=10.1080%2F87565641.2020.1825719&partnerID=40&md5=4b97f8e79c73fa88c61613ac22175dea","Article","Final","","Scopus","2-s2.0-85091615314"
"Chavarro-Mesa, E.C.; Delahoz-Domínguez, E.; Fennix-Agudelo, M.A.; Miranda-Castro, W.; Angel-Diaz, J.E.","Chavarro-Mesa, Edisson (57188841051); Delahoz-Domínguez, Enrique J. (57220073247); Fennix-Agudelo, Mary Andrea (57193855099); Miranda-Castro, Wendy (57193857478); Angel-Diaz, Jorge Evelio (56168874900)","57188841051; 57220073247; 57193855099; 57193857478; 56168874900","Preliminary machine learning model for citrus greening disease (Huanglongbing-HLB) prediction in Colombia","2020","","","","9247900","","","0","2","10.1109/ColCACI50549.2020.9247900","https://www.scopus.com/inward/record.uri?eid=2-s2.0-85097555435&doi=10.1109%2FColCACI50549.2020.9247900&partnerID=40&md5=65713ba87cc630e1e46b241c18e8a430","Conference paper","Final","","Scopus","2-s2.0-85097555435"
"Martinez, E.; Calderón, C.; García, H.; Arguello, H.","Martinez, Elizabeth (58459662800); Calderón, Camilo (57220752833); García, Hans (57192275191); Arguello, Henry Fuentes (44061135000)","58459662800; 57220752833; 57192275191; 44061135000","MRI Brain Tumour Segmentation using a CNN over a Multi-parametric Feature Extraction","2020","","","","9247926","","","0","4","10.1109/ColCACI50549.2020.9247926","https://www.scopus.com/inward/record.uri?eid=2-s2.0-85097527626&doi=10.1109%2FColCACI50549.2020.9247926&partnerID=40&md5=04a1e33f9eaba9ee5c563752f319c534","Conference paper","Final","","Scopus","2-s2.0-85097527626"
"Salas-Navarro, K.; Acevedo-Chedid, J.; Florez, W.F.; Ospina-Mateus, H.; Cárdenas-Barrón, L.E.; Sana, S.S.","Salas-Navarro, Katherinne (57193504630); Acevedo-Chedid, Jaime (57193533853); Florez, Whady F. (6602152047); Ospina-Mateus, Holman (57194034904); Cárdenas-Barrón, Leopoldo Eduardo (6506675064); Sana, Shib Sankar (15078194000)","57193504630; 57193533853; 6602152047; 57194034904; 6506675064; 15078194000","A COLLABORATIVE EPQ INVENTORY MODEL FOR A THREE-ECHELON SUPPLY CHAIN WITH MULTIPLE PRODUCTS CONSIDERING THE EFFECT OF MARKETING EFFORT ON DEMAND","2020","Journal of Industrial and Management Optimization","16","4","","1613","1633","0","15","10.3934/jimo.2019020","https://www.scopus.com/inward/record.uri?eid=2-s2.0-85097717968&doi=10.3934%2Fjimo.2019020&partnerID=40&md5=51a7dec3cd33b3791a01ee42a97023ba","Article","Final","","Scopus","2-s2.0-85097717968"
"Watson, P.; Winfree, J.; Toro-González, D.","Watson, Philip Scott (7402745536); Winfree, Jason A. (6507485919); Toro-González, Daniel (56380539800)","7402745536; 6507485919; 56380539800","Fiscal impacts and cross-border effects of a change in state liquor policy","2020","Journal of Food Distribution Research","51","2","","1","18","0","3","","https://www.scopus.com/inward/record.uri?eid=2-s2.0-85090651270&partnerID=40&md5=71d2a3e1aa45678b4de0822b19e846ce","Article","Final","","Scopus","2-s2.0-85090651270"
"Espinosa-Espinosa, A.E.; Madero-Jirado, M.; Rodríguez-Puello, G.; Díaz-Canedo, L.C.","Espinosa-Espinosa, Aarón (57211108028); Madero-Jirado, Maristella (57218297478); Rodríguez-Puello, Gabriel O. (57218291635); Díaz-Canedo, Luis C. (57218297655)","57211108028; 57218297478; 57218291635; 57218297655","Ethnicity, space and human development in poor urban communities: Commune 6 in cartagena de indias, Colombia; Etnicidad, espacio y desarrollo humano en comunidades pobres urbanas: La comuna 6 en cartagena de indias, Colombia","2020","Cuadernos de Economia (Colombia)","39","81","","635","665","0","8","10.15446/cuad.econ.v39n81.77333","https://www.scopus.com/inward/record.uri?eid=2-s2.0-85088659603&doi=10.15446%2Fcuad.econ.v39n81.77333&partnerID=40&md5=0d38e5ee59b7230f016ae5a671fe0baa","Article","Final","All Open Access; Gold Open Access","Scopus","2-s2.0-85088659603"
"Narváez, A.; Useche-Vivero, J.F.; Martínez-Trespalacios, J.A.; Castro-Suarez, J.R.","Narváez, Alexander J. (57224404584); Useche-Vivero, J. F. (57218164237); Martínez-Trespalacios, J. A. (57218161727); Castro-Suarez, John R. (39161075600)","57224404584; 57218164237; 57218161727; 39161075600","A Novel Full Boundary Element Formulation for Harmonic Analysis of Elastic Membranes Coupled to Acoustics Fluids","2020","IOP Conference Series: Materials Science and Engineering","844","1","012061","","","0","1","10.1088/1757-899X/844/1/012061","https://www.scopus.com/inward/record.uri?eid=2-s2.0-85088132545&doi=10.1088%2F1757-899X%2F844%2F1%2F012061&partnerID=40&md5=93c08ec0ead3c443882e6021838d1b48","Conference paper","Final","All Open Access; Gold Open Access","Scopus","2-s2.0-85088132545"
"Narváez, A.; Useche-Vivero, J.F.; Martínez-Trespalacios, J.A.; Castro-Suarez, J.R.","Narváez, Alexander J. (57224404584); Useche-Vivero, J. F. (57218164237); Martínez-Trespalacios, J. A. (57218161727); Castro-Suarez, John R. (39161075600)","57224404584; 57218164237; 57218161727; 39161075600","A Novel Full Boundary Element Formulation for Transient Analysis of Elastic Membranes Coupled to Acoustics Fluids","2020","IOP Conference Series: Materials Science and Engineering","844","1","012073","","","0","1","10.1088/1757-899X/844/1/012073","https://www.scopus.com/inward/record.uri?eid=2-s2.0-85088131580&doi=10.1088%2F1757-899X%2F844%2F1%2F012073&partnerID=40&md5=a5b2c39b53354dba906d1aa35f4ec4e9","Conference paper","Final","All Open Access; Gold Open Access","Scopus","2-s2.0-85088131580"
"Vidal-Tovar, C.R.; Valle-Fuentes, H.; Rios-Dominguez, I.C.; Castro Alfaro, A.F.","Vidal-Tovar, Carlos Ramón (57194709778); Valle-Fuentes, Harold (57218158280); Rios-Dominguez, I. C. (57218161030); Castro Alfaro, Alain Fitzgerard (57189907125)","57194709778; 57218158280; 57218161030; 57189907125","Learning styles for algebra concepts: The case of engineering students at the Universidad de Santander (Valledupar, Colombia)","2020","IOP Conference Series: Materials Science and Engineering","844","1","012006","","","0","1","10.1088/1757-899X/844/1/012006","https://www.scopus.com/inward/record.uri?eid=2-s2.0-85088128865&doi=10.1088%2F1757-899X%2F844%2F1%2F012006&partnerID=40&md5=efba36736dacd4c7a23443a83dbd032d","Conference paper","Final","All Open Access; Gold Open Access","Scopus","2-s2.0-85088128865"
"Angulo Blanquicett, G.E.; Vidal-Tovar, C.R.; Rios-Dominguez, I.C.","Angulo Blanquicett, Giovanna Elvira (57218160207); Vidal-Tovar, Carlos Ramón (57194709778); Rios-Dominguez, I. C. (57218161030)","57218160207; 57194709778; 57218161030","Scientific reasoning skills and patterns of use of Information and Communication Technologies. the case of the students of the Universidad de Santander (Valledupar, Colombia)","2020","IOP Conference Series: Materials Science and Engineering","844","1","012007","","","0","0","10.1088/1757-899X/844/1/012007","https://www.scopus.com/inward/record.uri?eid=2-s2.0-85088115064&doi=10.1088%2F1757-899X%2F844%2F1%2F012007&partnerID=40&md5=1451d492680db12778389da734e47f2a","Conference paper","Final","All Open Access; Gold Open Access","Scopus","2-s2.0-85088115064"
"Sanchez-Hernandez, S.; Quiroz, M.A.; Sierra, L.R.; Morales, A.D.; Palencia, J.M.","Sanchez-Hernandez, Sergio A. (57220070743); Quiroz, M. A. (57218163713); Sierra, L. R. (57218167224); Morales, Alex D. (59454679600); Palencia, J. M. (57218170816)","57220070743; 57218163713; 57218167224; 59454679600; 57218170816","Design of a library using Matlab software for modeling and simulation of parabolic cylindrical solar collectors (CCP)","2020","IOP Conference Series: Materials Science and Engineering","844","1","012023","","","0","0","10.1088/1757-899X/844/1/012023","https://www.scopus.com/inward/record.uri?eid=2-s2.0-85088106292&doi=10.1088%2F1757-899X%2F844%2F1%2F012023&partnerID=40&md5=e31b27bd949b585f53184f542f5015c4","Conference paper","Final","All Open Access; Gold Open Access","Scopus","2-s2.0-85088106292"
"Castellanos-González, L.M.; Cabello Eras, J.J.; Sagastume, A.; Martínez, V.L.; Ortiz, A.E.","Castellanos-González, Luis Marcos (57218168527); Cabello Eras, Juan José (6505661068); Sagastume, Alexis (57902133300); Martínez, V. L. (57218166284); Ortiz, A. E. (57218164101)","57218168527; 6505661068; 57902133300; 57218166284; 57218164101","Causal Analysis of the Pinion Teeth Failure in a Limestone Reclaimer","2020","IOP Conference Series: Materials Science and Engineering","844","1","012027","","","0","0","10.1088/1757-899X/844/1/012027","https://www.scopus.com/inward/record.uri?eid=2-s2.0-85088089669&doi=10.1088%2F1757-899X%2F844%2F1%2F012027&partnerID=40&md5=961695ab52b418f32491726f1fe43688","Conference paper","Final","All Open Access; Gold Open Access; Green Final Open Access; Green Open Access","Scopus","2-s2.0-85088089669"
"Sanchez-Hernandez, S.; Romero, H.J.; Morales, A.D.","Sanchez-Hernandez, Sergio A. (57220070743); Romero, Henrique J. (57209262629); Morales, Alex D. (59454679600)","57220070743; 57209262629; 59454679600","A review: Comparison of performance metrics of pretrained models for object detection using the TensorFlow framework","2020","IOP Conference Series: Materials Science and Engineering","844","1","012024","","","0","102","10.1088/1757-899X/844/1/012024","https://www.scopus.com/inward/record.uri?eid=2-s2.0-85088087738&doi=10.1088%2F1757-899X%2F844%2F1%2F012024&partnerID=40&md5=90d76a5b01a839527046a0fd73ce82e9","Conference paper","Final","All Open Access; Gold Open Access","Scopus","2-s2.0-85088087738"
"Romero-Mercado, C.D.; Naufal, C.; Meza, J.; Marrugo, A.G.","Romero-Mercado, Caleb D. (57221460194); Naufal, Camilo (57217629626); Meza, Jhacson (57204065355); Marrugo, Andrés G. (24329839300)","57221460194; 57217629626; 57204065355; 24329839300","A validation strategy for a target-based vision tracking system with an industrial robot","2020","Journal of Physics: Conference Series","1547","1","012018","","","0","7","10.1088/1742-6596/1547/1/012018","https://www.scopus.com/inward/record.uri?eid=2-s2.0-85087457838&doi=10.1088%2F1742-6596%2F1547%2F1%2F012018&partnerID=40&md5=c6a6fe8b72cb7eebd090c86a8f418586","Conference paper","Final","All Open Access; Gold Open Access","Scopus","2-s2.0-85087457838"
"Alvarez-Canchila, O.I.; Arroyo-Pérez, D.E.; Patino-Saucedo, A.; Rostro-Gonzalez, H.; Patiño, A.","Alvarez-Canchila, O. I. (57217632400); Arroyo-Pérez, D. E. (57217629479); Patino-Saucedo, Alberto (57205197204); Rostro-Gonzalez, Horacio (56013673200); Patiño, Alberto (57190688459)","57217632400; 57217629479; 57205197204; 56013673200; 57190688459","Colombian fruit and vegetables recognition using convolutional neural networks and transfer learning","2020","Journal of Physics: Conference Series","1547","1","012020","","","0","9","10.1088/1742-6596/1547/1/012020","https://www.scopus.com/inward/record.uri?eid=2-s2.0-85087439300&doi=10.1088%2F1742-6596%2F1547%2F1%2F012020&partnerID=40&md5=a95737c5f98933a5e735224d86ab1758","Conference paper","Final","All Open Access; Gold Open Access","Scopus","2-s2.0-85087439300"
"Arroyo-Pérez, D.E.; Alvarez-Canchila, O.I.; Patĩo-Saucedo, A.; Rostro-Gonzalez, H.; Patiño, A.","Arroyo-Pérez, D. E. (57217629479); Alvarez-Canchila, O. I. (57217632400); Patĩo-Saucedo, A. (57217630212); Rostro-Gonzalez, Horacio (56013673200); Patiño, Alberto (57190688459)","57217629479; 57217632400; 57217630212; 56013673200; 57190688459","Automatic recognition of Colombian car license plates using convolutional neural networks and Chars74k database","2020","Journal of Physics: Conference Series","1547","1","012024","","","0","1","10.1088/1742-6596/1547/1/012024","https://www.scopus.com/inward/record.uri?eid=2-s2.0-85087435956&doi=10.1088%2F1742-6596%2F1547%2F1%2F012024&partnerID=40&md5=16fef25d2be77e7df0b8b361e4ec9c0c","Conference paper","Final","All Open Access; Gold Open Access","Scopus","2-s2.0-85087435956"
"Sierra, J.S.; Pineda, J.; Viteri, E.; Tello, A.; Millán, M.S.; Galvis-Ramírez, V.; Romero, L.A.; Marrugo, A.G.","Sierra, Juan S. (57209048746); Pineda, Jesus (57192270016); Viteri, Eduardo J. (57217630299); Tello, Alejandro (6603664598); Millán, María S. (7201466399); Galvis-Ramírez, Virgilio (55963715000); Romero, Lenny A. (36142156300); Marrugo, Andrés G. (24329839300)","57209048746; 57192270016; 57217630299; 6603664598; 7201466399; 55963715000; 36142156300; 24329839300","Generating density maps for convolutional neural network-based cell counting in specular microscopy images","2020","Journal of Physics: Conference Series","1547","1","012019","","","0","9","10.1088/1742-6596/1547/1/012019","https://www.scopus.com/inward/record.uri?eid=2-s2.0-85087435730&doi=10.1088%2F1742-6596%2F1547%2F1%2F012019&partnerID=40&md5=b2a132455ec49e1c5cadf579afe6bffa","Conference paper","Final","All Open Access; Gold Open Access","Scopus","2-s2.0-85087435730"
"Cobos, T.L.","Cobos, Tania Lucía (57206773929)","57206773929","Journalism industries in the internet era: The case of Colombian news media outlets in Google News Colombia; Indústrias jornalísticas na era da internet: O caso da mídia Colombiana no Google News Colombia; Las industrias periodísticas en la era de internet: El caso de los medios noticiosos colombianos en Google News Colombia","2020","Contratexto","","33","","85","104","0","3","10.26439/contratexto2020.n033.4785","https://www.scopus.com/inward/record.uri?eid=2-s2.0-85105579895&doi=10.26439%2Fcontratexto2020.n033.4785&partnerID=40&md5=149087020ba2b3dbf82d20618dc0b664","Article","Final","All Open Access; Gold Open Access","Scopus","2-s2.0-85105579895"
"Dominguez-Jimenez, J.A.; Dante, A.W.; Agbossou, K.; Henao, N.; Campillo, J.; Cardenas, A.; Kelouwani, S.","Dominguez-Jimenez, J. A. (56682770100); Dante, Abdoul Wahab (57205379820); Agbossou, Kodjo A. (56238417000); Henao, Nilson (55366621800); Campillo, Javier E. (55609096600); Cardenas, Alben (35519512400); Kelouwani, Sousso (6506420706)","56682770100; 57205379820; 56238417000; 55366621800; 55609096600; 35519512400; 6506420706","Optimal Charging Scheduling of Electric Vehicles based on Principal Component Analysis and Convex Optimization","2020","IEEE International Symposium on Industrial Electronics","2020-June","","9152292","935","940","0","5","10.1109/ISIE45063.2020.9152292","https://www.scopus.com/inward/record.uri?eid=2-s2.0-85089533700&doi=10.1109%2FISIE45063.2020.9152292&partnerID=40&md5=9e3ac0952dfcba278be9d48fff56f8d6","Conference paper","Final","","Scopus","2-s2.0-85089533700"
"Sierra-Porta, D.","Sierra-Porta, D. (57191333650)","57191333650","Hydrogeochemical Evaluation of Water Quality Suitable for Human Consumption and Comparative Interpretation for Water Quality Index Studies","2020","Environmental Processes","7","2","","579","596","0","8","10.1007/s40710-020-00426-7","https://www.scopus.com/inward/record.uri?eid=2-s2.0-85085314772&doi=10.1007%2Fs40710-020-00426-7&partnerID=40&md5=7140b17b09ae2b38e214c6afd100f35f","Article","Final","","Scopus","2-s2.0-85085314772"
"Useche, J.","Useche, J. F. (24537991200)","24537991200","Fracture Dynamic Analysis of Cracked Reissner Plates Using the Boundary Element Method","2020","International Journal of Solids and Structures","191-192","","","315","332","0","11","10.1016/j.ijsolstr.2020.01.017","https://www.scopus.com/inward/record.uri?eid=2-s2.0-85078849736&doi=10.1016%2Fj.ijsolstr.2020.01.017&partnerID=40&md5=5f0809d5db49b8cc4ffd5b1c5c72c3df","Article","Final","","Scopus","2-s2.0-85078849736"
"Rivillas-Ospina, G.; Maza-Chamorro, M.A.; Restrepo Calle, S.; Lithgow, D.; Silva-Casarn, R.; Sisa-Camargo, A.; Vargas, A.; Sarmiento, J.P.; Caes, J.; Bolívar, M.; del Rio, R.; Campo, E.; Casas, D.; Rudas, D.","Rivillas-Ospina, Germán Daniel (57193621526); Maza-Chamorro, Mauro Antonio (55872162200); Restrepo Calle, Sebastián (57213650993); Lithgow, Debora (55363299900); Silva-Casarn, Rodolfo (55993636000); Sisa-Camargo, Augusto H. (6505478980); Vargas, Andrés Mauricio (36451601100); Sarmiento, Juan Pablo E. (57202896041); Caes, Juan (57217028777); Bolívar, Marianella (57214259358); del Rio, Roberto (57217028574); Campo, Erick (57217029211); Casas, Diego A. (57217028107); Rudas, Dennis (57217029302)","57193621526; 55872162200; 57213650993; 55363299900; 55993636000; 6505478980; 36451601100; 57202896041; 57217028777; 57214259358; 57217028574; 57217029211; 57217028107; 57217029302","Alternatives for recovering the ecosystem services and resilience of the Salamanca Island Natural Park, Colombia","2020","Water (Switzerland)","12","5","1513","","","0","13","10.3390/w12051513","https://www.scopus.com/inward/record.uri?eid=2-s2.0-85085862969&doi=10.3390%2Fw12051513&partnerID=40&md5=a8efcd1c69eb07a57de38677730a842c","Article","Final","All Open Access; Gold Open Access; Green Accepted Open Access; Green Open Access","Scopus","2-s2.0-85085862969"
"Pineda, J.; Bacca, J.; Meza, J.; Romero, L.A.; Arguello, H.; Marrugo, A.G.","Pineda, Jesus (57192270016); Bacca, Jorge Luis (57195201150); Meza, Jhacson (57204065355); Romero, Lenny A. (36142156300); Arguello, Henry Fuentes (44061135000); Marrugo, Andrés G. (24329839300)","57192270016; 57195201150; 57204065355; 36142156300; 44061135000; 24329839300","SPUD: Simultaneous phase unwrapping and denoising algorithm for phase imaging","2020","Applied Optics","59","13","","D81","D88","0","22","10.1364/AO.383600","https://www.scopus.com/inward/record.uri?eid=2-s2.0-85084404730&doi=10.1364%2FAO.383600&partnerID=40&md5=a573ffc1fb9d6fccb2decbdeb01f1371","Article","Final","","Scopus","2-s2.0-85084404730"
"Vargas, R.; Marrugo, A.G.; Zhang, S.; Romero, L.A.","Vargas, Raúl (57117284600); Marrugo, Andrés G. (24329839300); Zhang, Song (12761761100); Romero, Lenny A. (36142156300)","57117284600; 24329839300; 12761761100; 36142156300","Hybrid calibration procedure for fringe projection profilometry based on stereo vision and polynomial fitting","2020","Applied Optics","59","13","","D163","D169","0","45","10.1364/AO.383602","https://www.scopus.com/inward/record.uri?eid=2-s2.0-85084382124&doi=10.1364%2FAO.383602&partnerID=40&md5=e9cd75ade54199f836f22a1dd447d5d9","Article","Final","All Open Access; Green Accepted Open Access; Green Open Access","Scopus","2-s2.0-85084382124"
"Ospina-Mateus, H.; Quintana-Jiménez, L.A.; Lopez-Valdes, F.J.","Ospina-Mateus, Holman (57194034904); Quintana-Jiménez, Leonardo Augusto (57195939566); Lopez-Valdes, Francisco J. (23110963500)","57194034904; 57195939566; 23110963500","Understanding motorcyclist-related accidents in Colombia","2020","International Journal of Injury Control and Safety Promotion","27","2","","215","231","0","12","10.1080/17457300.2020.1725895","https://www.scopus.com/inward/record.uri?eid=2-s2.0-85079380834&doi=10.1080%2F17457300.2020.1725895&partnerID=40&md5=5b56e4a46d4f783e21e14eca98ee93df","Article","Final","","Scopus","2-s2.0-85079380834"
"Chavarro-Mesa, E.C.; Ceresini, P.; Pereira, D.; Vicentini, S.; Silva, T.; Ramos-Molina, L.; Negrisoli, M.; Schurt, D.; Vieira Júnior, J.R.","Chavarro-Mesa, Edisson (57188841051); Ceresini, Paulo Cezar (6507211837); Pereira, Danilo Augusto dos Santos (56967625500); Vicentini, Samara Nunes Campos (57195961569); Silva, Tatiane Carla (57217320558); Ramos-Molina, Lina Maria (57188837490); Negrisoli, Matheus Mereb (57190385670); Schurt, Daniel Augusto (24722179600); Vieira Júnior, José Roberto (36619753400)","57188841051; 6507211837; 56967625500; 57195961569; 57217320558; 57188837490; 57190385670; 24722179600; 36619753400","A broad diversity survey of Rhizoctonia species from the Brazilian Amazon reveals the prevalence of R. solani AG-1 IA on signal grass and the new record of AG-1 IF on cowpea and soybeans","2020","Plant Pathology","69","3","","455","466","0","21","10.1111/ppa.13142","https://www.scopus.com/inward/record.uri?eid=2-s2.0-85078770701&doi=10.1111%2Fppa.13142&partnerID=40&md5=8916d280f4583a20dc5a1ec86601f242","Article","Final","All Open Access; Green Accepted Open Access; Green Open Access","Scopus","2-s2.0-85078770701"
"Barone, M.; Barceló, F.; Pagnola, M.R.; Larreteguy, A.; Marrugo, A.G.; Useche, J.","Barone, Marcelo (56433990700); Barceló, Francisco (58823144600); Pagnola, Marcelo R. (14012202200); Larreteguy, Axel E. (6602228807); Marrugo, Andrés G. (24329839300); Useche, J. F. (24537991200)","56433990700; 58823144600; 14012202200; 6602228807; 24329839300; 24537991200","A model for the simulation of the chill block melt spinning (CBMS) process using OpenFOAM®","2020","International Journal of Thermal Sciences","150","","106221","","","0","1","10.1016/j.ijthermalsci.2019.106221","https://www.scopus.com/inward/record.uri?eid=2-s2.0-85076679317&doi=10.1016%2Fj.ijthermalsci.2019.106221&partnerID=40&md5=b735e977c5457c4ea75d646e49b9d977","Article","Final","","Scopus","2-s2.0-85076679317"
"Salas-Navarro, K.; Acevedo-Chedid, J.; Árquez, G.M.; Florez, W.F.; Ospina-Mateus, H.; Sana, S.S.; Cárdenas-Barrón, L.E.","Salas-Navarro, Katherinne (57193504630); Acevedo-Chedid, Jaime (57193533853); Árquez, Gina Mora (57211959662); Florez, Whady F. (6602152047); Ospina-Mateus, Holman (57194034904); Sana, Shib Sankar (15078194000); Cárdenas-Barrón, Leopoldo Eduardo (6506675064)","57193504630; 57193533853; 57211959662; 6602152047; 57194034904; 15078194000; 6506675064","An EPQ inventory model considering an imperfect production system with probabilistic demand and collaborative approach","2020","Journal of Advances in Management Research","17","2","","282","304","0","14","10.1108/JAMR-07-2019-0141","https://www.scopus.com/inward/record.uri?eid=2-s2.0-85075526753&doi=10.1108%2FJAMR-07-2019-0141&partnerID=40&md5=4d311ca4abd0c6bd5a8febd85502b349","Article","Final","","Scopus","2-s2.0-85075526753"
"Ramírez, J.L.V.; Díaz, B.Z.; Ospina, R.O.; Mesa, F.; V-Niño, E.D.V.","Ramírez, J. L.Villa (58726408100); Díaz, B. Zuluaga (57213831364); Ospina, Rogelio (8273524800); Mesa, Fernando (56906725000); V-Niño, E. D. (55305600400)","58726408100; 57213831364; 8273524800; 56906725000; 55305600400","II Workshop on Modeling and Simulation for Science and Engineering","2020","Journal of Physics: Conference Series","1448","1","011001","","","0","0","10.1088/1742-6596/1448/1/011001","https://www.scopus.com/inward/record.uri?eid=2-s2.0-85081356827&doi=10.1088%2F1742-6596%2F1448%2F1%2F011001&partnerID=40&md5=51d9432dfb8317a5a232af011bd9ca7c","Editorial","Final","All Open Access; Gold Open Access","Scopus","2-s2.0-85081356827"
"Ardila, J.G.; Valdes, M.; Rodríguez-Cabal, M.A.; Castro, A.; Quintero, J.G.","Ardila, J. G. (55229765400); Valdes, Miyer Jaiver (57203372737); Rodríguez-Cabal, Miguel Angel (57208634458); Castro, A. (57210977369); Quintero, J. G. (57220470054)","55229765400; 57203372737; 57208634458; 57210977369; 57220470054","Development of heat transfer and pressure drop correlations in twisted tube heat exchangers","2020","Journal of Physics: Conference Series","1448","1","012010","","","0","0","10.1088/1742-6596/1448/1/012010","https://www.scopus.com/inward/record.uri?eid=2-s2.0-85081165708&doi=10.1088%2F1742-6596%2F1448%2F1%2F012010&partnerID=40&md5=e8b9ae2fd0b3647038885d6e986afc68","Conference paper","Final","All Open Access; Gold Open Access","Scopus","2-s2.0-85081165708"
"Montoya Giraldo, O.D.; Escobar, A.F.; Garrido, V.M.","Montoya Giraldo, Oscar Danilo (56919564100); Escobar, A. F. (57216064682); Garrido, Victor M. (57212456661)","56919564100; 57216064682; 57212456661","Power flow solution in direct current grids using the linear conjugate gradient approach","2020","Journal of Physics: Conference Series","1448","1","012016","","","0","2","10.1088/1742-6596/1448/1/012016","https://www.scopus.com/inward/record.uri?eid=2-s2.0-85081163593&doi=10.1088%2F1742-6596%2F1448%2F1%2F012016&partnerID=40&md5=4b5373696986be842feba12649cff720","Conference paper","Final","All Open Access; Gold Open Access","Scopus","2-s2.0-85081163593"
"Garrido, V.M.; Pérez-Camargo, W.J.; López Quintero, J.G.","Garrido, Victor M. (57212456661); Pérez-Camargo, W. J. (57215558613); López Quintero, J. G. (57215558240)","57212456661; 57215558613; 57215558240","Design and simulation of techniques for mitigation of harmonic distortion in a three-phase rectifier","2020","Journal of Physics: Conference Series","1448","1","012009","","","0","0","10.1088/1742-6596/1448/1/012009","https://www.scopus.com/inward/record.uri?eid=2-s2.0-85081163140&doi=10.1088%2F1742-6596%2F1448%2F1%2F012009&partnerID=40&md5=83d79d0a5e96191a814d5f020892acc0","Conference paper","Final","All Open Access; Gold Open Access","Scopus","2-s2.0-85081163140"
"Álvarez, L.V.; Gualdrón, G.; Raúl, P.; Sampayo, L.C.","Álvarez, L. V. (57216214427); Gualdrón, Carlos G. (57215557867); Raúl, Padrón C. (57211351906); Sampayo, Luis C. (57215557860)","57216214427; 57215557867; 57211351906; 57215557860","Instrument for selecting and evaluating suppliers in small and medium-sized metalworking enterprises in Cartagena, Colombia","2020","Journal of Physics: Conference Series","1448","1","012007","","","0","0","10.1088/1742-6596/1448/1/012007","https://www.scopus.com/inward/record.uri?eid=2-s2.0-85081162975&doi=10.1088%2F1742-6596%2F1448%2F1%2F012007&partnerID=40&md5=34612b23c078f2975462a7c325a4cdce","Conference paper","Final","All Open Access; Gold Open Access","Scopus","2-s2.0-85081162975"
"Acevedo Román, L.F.; Ardila, J.G.; Valdes, M.; Castro, A.; López Quintero, J.G.","Acevedo Román, L. F. (57215559324); Ardila, J. G. (55229765400); Valdes, Miyer Jaiver (57203372737); Castro, A. (57210977369); López Quintero, J. G. (57215558240)","57215559324; 55229765400; 57203372737; 57210977369; 57215558240","Numerical study of the stress concentration factor in geometries of machine elements using Ansys® and Inventor®","2020","Journal of Physics: Conference Series","1448","1","012004","","","0","0","10.1088/1742-6596/1448/1/012004","https://www.scopus.com/inward/record.uri?eid=2-s2.0-85081162706&doi=10.1088%2F1742-6596%2F1448%2F1%2F012004&partnerID=40&md5=f278f706ae981375cee8166ebb5c3b7a","Conference paper","Final","All Open Access; Gold Open Access","Scopus","2-s2.0-85081162706"
"Dominguez-Jimenez, J.A.; Campillo, J.","Dominguez-Jimenez, J. A. (56682770100); Campillo, Javier E. (55609096600)","56682770100; 55609096600","Increasing driving range for electric vehicles at sub-zero temperatures by optimizing a hybrid storage configuration using supercapacitors","2020","Journal of Physics: Conference Series","1448","1","012014","","","0","1","10.1088/1742-6596/1448/1/012014","https://www.scopus.com/inward/record.uri?eid=2-s2.0-85081160136&doi=10.1088%2F1742-6596%2F1448%2F1%2F012014&partnerID=40&md5=d41ce69f09cd8f95e3f179f89bd888e2","Conference paper","Final","All Open Access; Gold Open Access","Scopus","2-s2.0-85081160136"
"Arteaga, J.A.; Montoya Giraldo, O.D.; Grisales-Noreña, L.F.","Arteaga, J. A. (55305643800); Montoya Giraldo, Oscar Danilo (56919564100); Grisales-Noreña, Luis Fernando (55791991200)","55305643800; 56919564100; 55791991200","Solution of the optimal power flow problem in direct current grids applying the hurricane optimization algorithm","2020","Journal of Physics: Conference Series","1448","1","012015","","","0","7","10.1088/1742-6596/1448/1/012015","https://www.scopus.com/inward/record.uri?eid=2-s2.0-85081154687&doi=10.1088%2F1742-6596%2F1448%2F1%2F012015&partnerID=40&md5=0f072dffc4d91f6e808162bb53c369a8","Conference paper","Final","All Open Access; Gold Open Access","Scopus","2-s2.0-85081154687"
"Sanchez-Hernandez, S.; Campillo, J.; Martinez-Santos, J.C.","Sanchez-Hernandez, Sergio A. (57220070743); Campillo, Javier E. (55609096600); Martinez-Santos, Juan Carlos (26325154200)","57220070743; 55609096600; 26325154200","Use of deep learning algorithms for real-time detection of vessels in confined spaces using the Tensorflow framework","2020","Journal of Physics: Conference Series","1448","1","012003","","","0","2","10.1088/1742-6596/1448/1/012003","https://www.scopus.com/inward/record.uri?eid=2-s2.0-85081154666&doi=10.1088%2F1742-6596%2F1448%2F1%2F012003&partnerID=40&md5=d70da3917d2aa0e43d2547b381943e71","Conference paper","Final","All Open Access; Gold Open Access","Scopus","2-s2.0-85081154666"
"Montoya Giraldo, O.D.; Acevedo, O.; Gil-González, W.; Holguín, M.; Serra, F.","Montoya Giraldo, Oscar Danilo (56919564100); Acevedo, O. (59641769100); Gil-González, Walter Julian (57191493648); Holguín, Mauricio (57190949973); Serra, Federico M. (37104976300)","56919564100; 59641769100; 57191493648; 57190949973; 37104976300","On the nonlinear control of a single-phase current source converter for sinusoidal voltage generation","2020","Journal of Physics: Conference Series","1448","1","012011","","","0","3","10.1088/1742-6596/1448/1/012011","https://www.scopus.com/inward/record.uri?eid=2-s2.0-85081153777&doi=10.1088%2F1742-6596%2F1448%2F1%2F012011&partnerID=40&md5=102cc5699271f25129ddc73687a8e963","Conference paper","Final","All Open Access; Gold Open Access","Scopus","2-s2.0-85081153777"
"Jiménez-Castilla, T.I.; Bolívar-Caro, L.M.; Segrera-Castilla, M.","Jiménez-Castilla, Tania I. (57204842254); Bolívar-Caro, Luis M. (58041828200); Segrera-Castilla, Michael (57220069921)","57204842254; 58041828200; 57220069921","Sustainable development in Colombia: Challenges for compliance with the 2030 agenda","2020","","","","","239","255","0","1","","https://www.scopus.com/inward/record.uri?eid=2-s2.0-85096807210&partnerID=40&md5=8a54031bfd4e1f44e1e92588cffd8196","Book chapter","Final","","Scopus","2-s2.0-85096807210"
"Benítez, K.V.; Monterrosa, H.M.; Fernández, J.R.","Benítez, Kristell Villarreal (58622970600); Monterrosa, Heiver Marrugo (58622970700); Fernández, Javier Ríos (58622622800)","58622970600; 58622970700; 58622622800","Responses to Racism within Black Families in Cartagena de Indias; Réponses au racisme au sein des familles noires à Carthagène des Indes; Respostas ao racismo dentro de famílias negras em Cartagena de Indias; Respuestas al racismo dentro de la familias negras en Cartagena de Indias","2020","Cuadernos de Linguistica Hispanica","2020","35","","57","80","0","0","10.19053/0121053X.n35.2020.10509","https://www.scopus.com/inward/record.uri?eid=2-s2.0-85172658062&doi=10.19053%2F0121053X.n35.2020.10509&partnerID=40&md5=0d18e2ed5f5eb9362e5ebd57473b10ac","Article","Final","All Open Access; Gold Open Access","Scopus","2-s2.0-85172658062"
"Delahoz-Domínguez, E.; Guillen-Ibarra, S.; Herrera, T.","Delahoz-Domínguez, Enrique J. (57220073247); Guillen-Ibarra, Sergio (57211466509); Herrera, Tomás José Fontalvo (54993936500)","57220073247; 57211466509; 54993936500","Analysis of the quality accreditation in industrial engineering programs and the results in the standardized national tests, in Colombia; Análisis de la acreditación de calidad en programas de ingeniería industrial y los resultados en las pruebas nacionales estandarizadas, en Colombia","2020","Formacion Universitaria","13","1","","127","134","0","13","10.4067/S0718-50062020000100127","https://www.scopus.com/inward/record.uri?eid=2-s2.0-85081224985&doi=10.4067%2FS0718-50062020000100127&partnerID=40&md5=4a16175a7044327613054ef25cafe0a1","Article","Final","All Open Access; Gold Open Access","Scopus","2-s2.0-85081224985"
"Pupo-Roncallo, O.; Campillo, J.; Ingham, D.; Kevin Hughes, K.; Pourkashanian, M.","Pupo-Roncallo, O. R. (57211364524); Campillo, Javier E. (55609096600); Ingham, Derek Binns (35560744900); Kevin Hughes, Kevin J. (7202448730); Pourkashanian, Mohamed M. (7004225021)","57211364524; 55609096600; 35560744900; 7202448730; 7004225021","Renewable energy production and demand dataset for the energy system of Colombia","2020","Data in Brief","28","","105084","","","0","11","10.1016/j.dib.2019.105084","https://www.scopus.com/inward/record.uri?eid=2-s2.0-85077649501&doi=10.1016%2Fj.dib.2019.105084&partnerID=40&md5=9cff6cf9539a7baa90163ff69e23d6f5","Data paper","Final","All Open Access; Gold Open Access; Green Accepted Open Access; Green Final Open Access; Green Open Access","Scopus","2-s2.0-85077649501"
"Castilla-Caballero, D.; Barraza-Burgos, J.; Gunasekaran, S.; Roa-Espinosa, A.; Colina-Márquez, J.; Machuca-Martínez, F.; Hernández-Ramírez, A.; Vazquez-Rodriguez, S.","Castilla-Caballero, Deyler Rafael (57024211000); Barraza-Burgos, Juan Manuel (57204866197); Gunasekaran, Sundaram (7101998337); Roa-Espinosa, Aicardo (6506275757); Colina-Márquez, José A. (23484999200); Machuca-Martínez, Fiderman (35488117500); Hernández-Ramírez, A. (57199644727); Vazquez-Rodriguez, Sofia (56000886200)","57024211000; 57204866197; 7101998337; 6506275757; 23484999200; 35488117500; 57199644727; 56000886200","Experimental data on the production and characterization of biochars derived from coconut-shell wastes obtained from the Colombian Pacific Coast at low temperature pyrolysis","2020","Data in Brief","28","","104855","","","0","48","10.1016/j.dib.2019.104855","https://www.scopus.com/inward/record.uri?eid=2-s2.0-85075792749&doi=10.1016%2Fj.dib.2019.104855&partnerID=40&md5=8529e65b614f492cdf4016d9494fd39e","Data paper","Final","All Open Access; Gold Open Access; Green Accepted Open Access; Green Open Access","Scopus","2-s2.0-85075792749"
"Jiménez-Uribe, D.A.; Daniels, D.; González-Álvarez, Á.; Vélez-Pereira, A.M.","Jiménez-Uribe, Dámaris A. (57211917175); Daniels, Darwin (57211917103); González-Álvarez, Álvaro (57208078895); Vélez-Pereira, Andrés M. (55817731200)","57211917175; 57211917103; 57208078895; 55817731200","Influence of vehicular traffic on environmental noise spectrum in the tourist route of Santa Marta City","2020","Energy Reports","6","","","818","824","0","11","10.1016/j.egyr.2019.11.008","https://www.scopus.com/inward/record.uri?eid=2-s2.0-85075364130&doi=10.1016%2Fj.egyr.2019.11.008&partnerID=40&md5=5efaf6c9a08c4b0598545e2d07e9e0e6","Article","Final","All Open Access; Gold Open Access; Green Accepted Open Access; Green Open Access","Scopus","2-s2.0-85075364130"
"Perilla Granados, J.S.A.P.","Perilla Granados, Juan Sebastian Alejandro (57023375100)","57023375100","Undue delays as a legal institution transmuted from Colombian misreading; Las dilaciones indebidas como institución jurídica transmutada desde el misreading colombiano","2020","Justicia (Barranquilla)","25","37","","247","264","0","0","10.17081/just.25.37.4152","https://www.scopus.com/inward/record.uri?eid=2-s2.0-85190973842&doi=10.17081%2Fjust.25.37.4152&partnerID=40&md5=e23a818743aeb5bf70d979da0b8a7a20","Article","Final","All Open Access; Gold Open Access","Scopus","2-s2.0-85190973842"
"Dominguez, E.J.D.; Herrera, T.; Mendoza, A.A.M.","Dominguez, Enrique Jose Delahoz (58996250400); Herrera, Tomás José Fontalvo (54993936500); Mendoza, Adel Alfonso (57211403525)","58996250400; 54993936500; 57211403525","Definition of geographic profiles of car theft. Case applied in Cartagena de Indias","2020","Justicia (Barranquilla)","25","37","","99","108","0","1","10.17081/just.25.37.4215","https://www.scopus.com/inward/record.uri?eid=2-s2.0-85190946153&doi=10.17081%2Fjust.25.37.4215&partnerID=40&md5=b0ab87dae56ad2e6e93d5343099de36d","Article","Final","All Open Access; Gold Open Access","Scopus","2-s2.0-85190946153"
"Narváez, A.; Cortes, C.; Trujillo, C.","Narváez, Alexander J. (57224404584); Cortes, Camilo A. (16243944100); Trujillo, César L. (24470081300)","57224404584; 16243944100; 24470081300","Topologies for Battery and Supercapacitor Interconnection in Residential Microgrids with Intermittent Generation; Topologías para la Interconexión de Baterías y Supercondensadores en Microrredes de Tipo Residencial con Generación Intermitente","2020","Ingenieria (Colombia)","25","1","","6","19","0","5","10.14483/23448393.15668","https://www.scopus.com/inward/record.uri?eid=2-s2.0-85188237174&doi=10.14483%2F23448393.15668&partnerID=40&md5=a4842107dc5fba6f1aa509e4856a110e","Article","Final","All Open Access; Gold Open Access","Scopus","2-s2.0-85188237174"
"Campillo, J.; Dominguez-Jimenez, J.A.; Ariza, H.; Payares, E.D.; Martinez-Santos, J.C.","Campillo, Javier E. (55609096600); Dominguez-Jimenez, J. A. (56682770100); Ariza, H. (59967742900); Payares, Esteban (57221228272); Martinez-Santos, Juan Carlos (26325154200)","55609096600; 56682770100; 59967742900; 57221228272; 26325154200","Distributed Energy Resources Parameter Monitoring in Microgrids Using Blockchain and Edge Computing","2020","","","","","","","0","3","10.1109/TESC50295.2020.9656872","https://www.scopus.com/inward/record.uri?eid=2-s2.0-85124596173&doi=10.1109%2FTESC50295.2020.9656872&partnerID=40&md5=90ca8cbef0217910d1fc0c2c7c653ad8","Conference paper","Final","","Scopus","2-s2.0-85124596173"
"Moreno-Sandoval, L.G.; Puertas, E.; Pomares-Quimbaya, A.; Alvarado Valencia, J.A.","Moreno-Sandoval, Luis Gabriel (57194828933); Puertas, Edwin (57202285682); Pomares-Quimbaya, Alexandra (24832026300); Alvarado Valencia, Jorge Andrés (57211415779)","57194828933; 57202285682; 24832026300; 57211415779","Assembly of polarity, emotion and user statistics for detection of fake profiles Notebook for PAN at CLEF 2020","2020","CEUR Workshop Proceedings","2696","","","","","0","1","","https://www.scopus.com/inward/record.uri?eid=2-s2.0-85121794424&partnerID=40&md5=d36bffb681d32e9ea32e1d0ba2e540aa","Conference paper","Final","","Scopus","2-s2.0-85121794424"
"Patiño, A.; Altamar-Mercado, H.; Torres, R.","Patiño, Alberto (57190688459); Altamar-Mercado, Hernando (57203321995); Torres, Rafael (56270896900)","57190688459; 57203321995; 56270896900","Fractional Fourier transform method of chirped fringe pattern analysis for profilometry","2020","","","","DTh4A.4","","","0","0","","https://www.scopus.com/inward/record.uri?eid=2-s2.0-85118599340&partnerID=40&md5=b6a21fdc1ee80315df46d00a9d65f31a","Conference paper","Final","","Scopus","2-s2.0-85118599340"
"Mercado, D.Y.; Fajardo Cuadro, J.; López, B.S.; Agudelo, C.C.","Mercado, Daniel Yabrudy (57226647809); Fajardo Cuadro, Juan Gabriel (56581610900); López, Bienvenido Sarria (57226655465); Agudelo, Camilo Cardona (57226634431)","57226647809; 56581610900; 57226655465; 57226634431","Efficiency centered maintenance for preheat trains of crude oil distillation units","2020","Frontiers in Heat and Mass Transfer","15","1","","1","12","0","5","10.5098/hmt.15.25","https://www.scopus.com/inward/record.uri?eid=2-s2.0-85112147489&doi=10.5098%2Fhmt.15.25&partnerID=40&md5=e60a85d38b00b1f41153ebe00a3b1326","Article","Final","All Open Access; Gold Open Access","Scopus","2-s2.0-85112147489"
"Ariza-Díaz, A.; Sánchez-de la Torre, V.; Bahamón-Restrepo, A.; Díaz-Mendoza, C.; Pasqualino, J.","Ariza-Díaz, Andrea (57224773272); Sánchez-de la Torre, Valeria (57224784899); Bahamón-Restrepo, Andrés (57224767782); Díaz-Mendoza, Claudia (55258973100); Pasqualino, Jorgelina C. (14622047600)","57224773272; 57224784899; 57224767782; 55258973100; 14622047600","Community diagnosis for integral management of solid waste. Case study: Barrio Fredonia, Cartagena; Diagnóstico comunitario para manejo integral de residuos sólidos. Estudio de caso: Barrio Fredonia, Cartagena","2020","Produccion y Limpia","15","2","","153","174","0","2","10.22507/pml.v15n2a10","https://www.scopus.com/inward/record.uri?eid=2-s2.0-85108284120&doi=10.22507%2Fpml.v15n2a10&partnerID=40&md5=836c4e0e2a3b62db97c6f479b86a511c","Article","Final","All Open Access; Gold Open Access","Scopus","2-s2.0-85108284120"
"Vázquez-Miraz, P.; Matos, C.; Romero, L.","Vázquez-Miraz, Pedro (57196040759); Matos, Camilo (57224564868); Romero, Luis (57224579841)","57196040759; 57224564868; 57224579841","The protection of the cultural heritage of galician emigration in cartagena de Indias (Colombia). Reflections on the conservation of casa galicia; La protección del patrimonio cultural de la emigración gallega en cartagena de Indias (Colombia). Reflexiones acerca de la conservación de la casa galicia","2020","Zaranda de Ideas","18","2","","6","21","0","0","","https://www.scopus.com/inward/record.uri?eid=2-s2.0-85107986946&partnerID=40&md5=55bd180b57363c42c13b65cc5ebc0df5","Article","Final","","Scopus","2-s2.0-85107986946"
"Vázquez-Miraz, P.; Matos, C.; Freire, G.","Vázquez-Miraz, Pedro (57196040759); Matos, Camilo (57224564868); Freire, Gabriel (57224584838)","57196040759; 57224564868; 57224584838","Representations of ancient hellenist culture in the videogames civilization (1991-2018); Representaciones de la antigua cultura helenística en los videojuegos civilization (1991-2018)","2020","Byzantion Nea Hellas","39","","","185","205","0","0","10.4067/S0718-84712020000100185","https://www.scopus.com/inward/record.uri?eid=2-s2.0-85107969826&doi=10.4067%2FS0718-84712020000100185&partnerID=40&md5=56a41a9aef53a88fc837948bf1ceabb2","Article","Final","All Open Access; Gold Open Access; Green Final Open Access; Green Open Access","Scopus","2-s2.0-85107969826"
"Cobos, T.L.","Cobos, Tania Lucía (57206773929)","57206773929","Audiences vs. disinformation. An exploration during the COVID-19 pandemic in Colombia; Audiencias vs desinformación. una exploración durante la pandemia de covid-19 en colombia","2020","Estudos em Comunicacao","","31","","35","51","0","4","10.25768/20.04.03.31.02","https://www.scopus.com/inward/record.uri?eid=2-s2.0-85105802239&doi=10.25768%2F20.04.03.31.02&partnerID=40&md5=56ed78f79845e21f8f7ba6c00be9985d","Article","Final","","Scopus","2-s2.0-85105802239"
"Gutiérrez-Ruiz, K.; Paternina, J.; Zakzuk, S.; Mendez, S.; Castillo, A.; Payares, L.; Peñate, A.","Gutiérrez-Ruiz, Karol Patricia (57192930752); Paternina, Joel (57222612815); Zakzuk, Sharick (57222615307); Mendez, Sandra (57222616206); Castillo, Angie (57222612832); Payares, Laura (57222616383); Peñate, Andrea (57222614332)","57192930752; 57222612815; 57222615307; 57222616206; 57222612832; 57222616383; 57222614332","The executive functions as predictors of the academic performance of college students; Las funciones ejecutivas como predictoras del rendimiento académico de estudiantes universitarios","2020","Psychology, Society and Education","12","3","","161","174","0","10","10.25115/PSYE.V12I3.2103","https://www.scopus.com/inward/record.uri?eid=2-s2.0-85103466666&doi=10.25115%2FPSYE.V12I3.2103&partnerID=40&md5=8f5f023086d2093e45dfc1c68e3ac4e2","Article","Final","All Open Access; Gold Open Access; Green Accepted Open Access; Green Open Access","Scopus","2-s2.0-85103466666"
"Vázquez-Miraz, P.; Llorente, M.R.P.","Vázquez-Miraz, Pedro (57196040759); Llorente, Marcos Ricardo Posada (57222223605)","57196040759; 57222223605","Implementation of an Annual Goal´s Plan for the improvement of scientific production in a Colombian university. Positives and negatives aspects; Implementación de un plan anual de metas para la mejora de la producción científica en una universidad colombiana. Aspectos positivos y negativos","2020","Revista General de Informacion y Documentacion","30","2","","457","471","0","4","10.5209/rgid.72821","https://www.scopus.com/inward/record.uri?eid=2-s2.0-85101909465&doi=10.5209%2Frgid.72821&partnerID=40&md5=a88d047935ae36e0b083502c62c8a2d5","Article","Final","All Open Access; Gold Open Access","Scopus","2-s2.0-85101909465"
"Fajardo Cuadro, J.; Yabrudy, D.; Barreto, D.; Negrete, C.; Sarria, B.; Cardona, C.","Fajardo Cuadro, Juan Gabriel (56581610900); Yabrudy, Daniel (57222075738); Barreto, Deibys (57190756815); Negrete, C. (57222055655); Sarria, B. (56581727500); Cardona, Camilo (57214332256)","56581610900; 57222075738; 57190756815; 57222055655; 56581727500; 57214332256","EFFICIENCY CENTERED MAINTENANCE of PREHEAT TRAIN of A CRUDE OIL DISTILLATION UNIT","2020","","8","","","","","0","0","10.1115/IMECE2020-23186","https://www.scopus.com/inward/record.uri?eid=2-s2.0-85101268033&doi=10.1115%2FIMECE2020-23186&partnerID=40&md5=8f43ba58545777d27e56c347a32bb776","Conference paper","Final","","Scopus","2-s2.0-85101268033"
"Fajardo Cuadro, J.; Barreto, D.; Morales, O.","Fajardo Cuadro, Juan Gabriel (56581610900); Barreto, Deibys (57190756815); Morales, O. (57222058908)","56581610900; 57190756815; 57222058908","THERMAL ENERGY REPLACEMENT POTENTIAL in A SLAUGHTER PLANT from RUMEN PELLETS","2020","","8","","","","","0","0","10.1115/IMECE2020-23108","https://www.scopus.com/inward/record.uri?eid=2-s2.0-85101258497&doi=10.1115%2FIMECE2020-23108&partnerID=40&md5=1615dfc8fd48cb93a571a33d0efcacd3","Conference paper","Final","","Scopus","2-s2.0-85101258497"
"Fajardo Cuadro, J.; Barreto, D.; Castro, T.; Baldiris-Navarro, I.","Fajardo Cuadro, Juan Gabriel (56581610900); Barreto, Deibys (57190756815); Castro, T. (57222069620); Baldiris-Navarro, Ildefonso (57213608990)","56581610900; 57190756815; 57222069620; 57213608990","EFFECT of the ENVIRONMENTAL CONDITIONS of TROPICAL CLIMATES on the PERFORMANCE PARAMETERS of A GAS TURBINE POWER GENERATION PLANT","2020","","8","","","","","0","0","10.1115/IMECE2020-23153","https://www.scopus.com/inward/record.uri?eid=2-s2.0-85101219244&doi=10.1115%2FIMECE2020-23153&partnerID=40&md5=60ff54f7613a52a6ddd74c0df697a156","Conference paper","Final","","Scopus","2-s2.0-85101219244"
"Fajardo Cuadro, J.; Mendoza, A.; Barreto, D.; Valle, H.","Fajardo Cuadro, Juan Gabriel (56581610900); Mendoza, A. (57222067733); Barreto, Deibys (57190756815); Valle, H. (57207878802)","56581610900; 57222067733; 57190756815; 57207878802","EXERGOECONOMIC ANALYSIS in A CEMENT PRODUCTION PLANT","2020","","8","","","","","0","0","10.1115/IMECE2020-23112","https://www.scopus.com/inward/record.uri?eid=2-s2.0-85101204327&doi=10.1115%2FIMECE2020-23112&partnerID=40&md5=181c909b05465e23b458250c40b286d5","Conference paper","Final","","Scopus","2-s2.0-85101204327"
"Vesga-Ramírez, A.; Sierra-Porta, D.; Penã-Rodríguez, J.; Sanabria-Gómez, J.D.; Valencia-Otero, M.; Sarmiento-Cano, C.; Suárez-Durán, M.; Asorey, H.; Núñez, L.A.","Vesga-Ramírez, Alejandra (57219527685); Sierra-Porta, D. (57191333650); Penã-Rodríguez, Jésus (57110339100); Sanabria-Gómez, José David (57223208380); Valencia-Otero, Martha (57194199213); Sarmiento-Cano, C. Camilo (57110452900); Suárez-Durán, Mauricio (53863979400); Asorey, Hernan G. (35276880300); Núñez, L. A. (7102162793)","57219527685; 57191333650; 57110339100; 57223208380; 57194199213; 57110452900; 53863979400; 35276880300; 7102162793","Muon tomography sites for colombian volcanoes","2020","Annals of Geophysics","63","6","VO661","1","26","0","7","10.4401/ag-8353","https://www.scopus.com/inward/record.uri?eid=2-s2.0-85099067242&doi=10.4401%2Fag-8353&partnerID=40&md5=59e8a6220e667293706797b5c4c4b54e","Article","Final","All Open Access; Gold Open Access","Scopus","2-s2.0-85099067242"
"Luna, A.C.; Diaz Aldana, N.L.; Narváez, A.","Luna, Adriana C. (54403208900); Diaz Aldana, Nelson Leonardo (57189015924); Narváez, Alexander J. (57224404584)","54403208900; 57189015924; 57224404584","Optimal coordination of active generators in a grid-connected microgrid; Coordinación óptima de generadores activos en una microrred interconectada","2020","Ingenieria e Investigacion","40","3","","47","54","0","2","10.15446/ing.investig.v40n3.82665","https://www.scopus.com/inward/record.uri?eid=2-s2.0-85098854147&doi=10.15446%2Fing.investig.v40n3.82665&partnerID=40&md5=ee403e9de4b03122def9aad75f9f7781","Article","Final","All Open Access; Gold Open Access","Scopus","2-s2.0-85098854147"
"Santoya-Montes, Y.; Puentes-Rozo, P.","Santoya-Montes, Yanin (57216345199); Puentes-Rozo, Pedro J. (24588084200)","57216345199; 24588084200","Clinical manifestations of congenital insensitivity to pain with anhidrosis; Manifestaciones clínicas de la insensibilidad congénita al dolor con anhidrosis","2020","Salud Uninorte","36","1","","178","195","0","1","10.14482/sun.36.1.616.56","https://www.scopus.com/inward/record.uri?eid=2-s2.0-85098697912&doi=10.14482%2Fsun.36.1.616.56&partnerID=40&md5=12b8336b1c1a5fc320bddb6db1c7f1de","Article","Final","All Open Access; Gold Open Access","Scopus","2-s2.0-85098697912"
"Wilches, F.J.; Lambraño, G.P.; Millan-Paramo, C.","Wilches, Fernando Jove (57215843578); Lambraño, Giancarlo Patrón (57220935613); Millan-Paramo, Carlos (56116254400)","57215843578; 57220935613; 56116254400","Modelling of asphalt pavement structures for different design conditions on roads in Northern Colombia","2020","International Journal of Engineering Research and Technology","13","11","","3934","3942","0","0","","https://www.scopus.com/inward/record.uri?eid=2-s2.0-85097903030&partnerID=40&md5=5952d3df9fa4fcdda06b331350423976","Article","Final","","Scopus","2-s2.0-85097903030"
"Wilches, F.J.; Caballero Guerrero, Á.R.; Lambraño, G.P.","Wilches, Fernando Jove (57215843578); Caballero Guerrero, Álvaro Rafael (57219899176); Lambraño, Giancarlo Patrón (57220935613)","57215843578; 57219899176; 57220935613","Modeling of asphalt pavement considering the application of empirical and mechanistic design methodologies","2020","International Journal of Engineering Research and Technology","13","11","","3919","3926","0","1","","https://www.scopus.com/inward/record.uri?eid=2-s2.0-85097890794&partnerID=40&md5=3d005f687ff04c94dc79323b5fb3b021","Article","Final","","Scopus","2-s2.0-85097890794"
"Vázquez-Miraz, P.","Vázquez-Miraz, Pedro (57196040759)","57196040759","Fray pedro of santa maría de ois'pilgrimage seen by the journal as 4 aldeas; La romería de fray pedro de santa maría de ois vista por la revista as 4 aldeas","2020","Cauriensia","15","","","635","650","0","0","10.17398/2340-4256.15.635","https://www.scopus.com/inward/record.uri?eid=2-s2.0-85097486697&doi=10.17398%2F2340-4256.15.635&partnerID=40&md5=9676d89d6a58b98afef168a9510a451f","Article","Final","All Open Access; Gold Open Access; Green Accepted Open Access; Green Open Access","Scopus","2-s2.0-85097486697"
"Giraldo-Guzmán, J.; Ruiz, E.; Magre, L.A.; Lasprilla, G.I.B.; Kotas, M.","Giraldo-Guzmán, Jader Alexander (56520286300); Ruiz, Elkin (57220086147); Magre, Luz Alejandra (56682785300); Lasprilla, Gloria Isabel Bautista (57199861860); Kotas, Marian P. (55985160800)","56520286300; 57220086147; 56682785300; 57199861860; 55985160800","A novel approach for QRS complex detection in patients with atrial arrhythmia","2020","Proceedings of SPIE - The International Society for Optical Engineering","11583","","115830P","","","0","0","10.1117/12.2576019","https://www.scopus.com/inward/record.uri?eid=2-s2.0-85096865679&doi=10.1117%2F12.2576019&partnerID=40&md5=b819758d48b0a1e80beff07f0ae5e496","Conference paper","Final","","Scopus","2-s2.0-85096865679"
"Mercado-Aguirre, I.M.; Gutiérrez-Ruiz, K.; Contreras-Ortiz, S.H.","Mercado-Aguirre, Isabela M. (57190165939); Gutiérrez-Ruiz, Karol Patricia (57192930752); Contreras-Ortiz, Sonia H. (57210822856)","57190165939; 57192930752; 57210822856","EEG feature selection for ADHD detection in children","2020","Proceedings of SPIE - The International Society for Optical Engineering","11583","","115830S","","","0","2","10.1117/12.2579625","https://www.scopus.com/inward/record.uri?eid=2-s2.0-85096863314&doi=10.1117%2F12.2579625&partnerID=40&md5=715739dbcb6751824b773d4631888f67","Conference paper","Final","","Scopus","2-s2.0-85096863314"
"Contreras-Ojeda, S.L.; Dominguez-Jimenez, J.A.; Contreras-Ortiz, S.H.","Contreras-Ojeda, Sara L. (57215272837); Dominguez-Jimenez, J. A. (56682770100); Contreras-Ortiz, Sonia H. (57210822856)","57215272837; 56682770100; 57210822856","Analysis and Classification of Lung and Muscular Tissues in Ultrasound Images using 2D Wavelet Transform and Machine Learning","2020","Proceedings of SPIE - The International Society for Optical Engineering","11583","","115830F","","","0","3","10.1117/12.2576368","https://www.scopus.com/inward/record.uri?eid=2-s2.0-85096860122&doi=10.1117%2F12.2576368&partnerID=40&md5=64650bf1e3f4f99e64b7627118fefbaa","Conference paper","Final","","Scopus","2-s2.0-85096860122"
"Osorio-Barone, A.; Contreras-Ortiz, S.H.","Osorio-Barone, A. (57220086466); Contreras-Ortiz, Sonia H. (57210822856)","57220086466; 57210822856","Deep learning architectures for the analysis and classification of brain tumors in MR images","2020","Proceedings of SPIE - The International Society for Optical Engineering","11583","","115830B","","","0","0","10.1117/12.2579618","https://www.scopus.com/inward/record.uri?eid=2-s2.0-85096855894&doi=10.1117%2F12.2579618&partnerID=40&md5=883ce2490ee4aafaa6951cfba93bcc3d","Conference paper","Final","","Scopus","2-s2.0-85096855894"
"Visbal, F.; Villa, J.L.","Visbal, Fabian (57220072690); Villa, J. L. (7005142049)","57220072690; 7005142049","Design of a management system for lessons learned for project management; Diseño de un Sistema de Gestión de Lecciones Aprendidas para la Gerencia de Proyectos","2020","Proceedings of the LACCEI international Multi-conference for Engineering, Education and Technology","","","","","","0","0","10.18687/LACCEI2020.1.1.220","https://www.scopus.com/inward/record.uri?eid=2-s2.0-85096811871&doi=10.18687%2FLACCEI2020.1.1.220&partnerID=40&md5=a3917757fb90f2f956661704dd2b9bd7","Conference paper","Final","All Open Access; Bronze Open Access","Scopus","2-s2.0-85096811871"
"Forero, D.; Salgado, E.; Villa, J.L.","Forero, Dayana (57220069062); Salgado, Erick (57220068721); Villa, J. L. (7005142049)","57220069062; 57220068721; 7005142049","Implementation model of Digital Transformation projects in Boutique Hotels; Modelo de implementación de proyectos de Transformación Digital en Hoteles Boutique","2020","Proceedings of the LACCEI international Multi-conference for Engineering, Education and Technology","","","","","","0","2","10.18687/LACCEI2020.1.1.517","https://www.scopus.com/inward/record.uri?eid=2-s2.0-85096804688&doi=10.18687%2FLACCEI2020.1.1.517&partnerID=40&md5=8074990ea14cb2a3645b089174109daa","Conference paper","Final","All Open Access; Bronze Open Access","Scopus","2-s2.0-85096804688"
"González-Campo, M.J.; Pasqualino, J.; Díaz-Mendoza, C.; Rodriguez-Dono, A.","González-Campo, María José (57220072394); Pasqualino, Jorgelina C. (14622047600); Díaz-Mendoza, Claudia (55258973100); Rodriguez-Dono, Alfonso (57331398300)","57220072394; 14622047600; 55258973100; 57331398300","Environmental life cycle assessment for a large-scale gold mining","2020","Proceedings of the LACCEI international Multi-conference for Engineering, Education and Technology","","","","","","0","1","10.18687/LACCEI2020.1.1.577","https://www.scopus.com/inward/record.uri?eid=2-s2.0-85096793249&doi=10.18687%2FLACCEI2020.1.1.577&partnerID=40&md5=38cee965218c9852b494343bfd021a5b","Conference paper","Final","All Open Access; Bronze Open Access","Scopus","2-s2.0-85096793249"
"Osorio, C.; Ojeda-Caicedo, V.V.; Villa, J.L.; Contreras-Ortiz, S.H.","Osorio, Cristina (59663388700); Ojeda-Caicedo, Vilma Viviana (57220077867); Villa, J. L. (7005142049); Contreras-Ortiz, Sonia H. (57210822856)","59663388700; 57220077867; 7005142049; 57210822856","Participation of women in STEM higher education programs in Latin america: The issue of inequality","2020","Proceedings of the LACCEI international Multi-conference for Engineering, Education and Technology","","","","","","0","18","10.18687/LACCEI2020.1.1.368","https://www.scopus.com/inward/record.uri?eid=2-s2.0-85096788798&doi=10.18687%2FLACCEI2020.1.1.368&partnerID=40&md5=a16e28c8497d89986a7dc5376e8d0094","Conference paper","Final","All Open Access; Bronze Open Access","Scopus","2-s2.0-85096788798"
"Sanchez-Hernandez, S.; Reyes, J.; Morales, A.D.; Romero, H.J.","Sanchez-Hernandez, Sergio A. (57220070743); Reyes, Jaider (57220066741); Morales, Alex D. (59454679600); Romero, Henrique J. (57209262629)","57220070743; 57220066741; 59454679600; 57209262629","Monitoring and control system for hydroponic vegetable growth using image analysis; Sistema de monitoreo y control de crecimiento de hortalizas hidropónicas utilizando análisis de imágenes.","2020","Proceedings of the LACCEI international Multi-conference for Engineering, Education and Technology","","","","","","0","0","10.18687/LACCEI2020.1.1.345","https://www.scopus.com/inward/record.uri?eid=2-s2.0-85096787236&doi=10.18687%2FLACCEI2020.1.1.345&partnerID=40&md5=b718502d64eae5a6aa219d30438c3706","Conference paper","Final","All Open Access; Bronze Open Access","Scopus","2-s2.0-85096787236"
"Manuel, C.; Raúl, P.; Gualdrón, G.","Manuel, Castillo (57220072347); Raúl, Padrón C. (57211351906); Gualdrón, Carlos G. (57215557867)","57220072347; 57211351906; 57215557867","Cost estimation guidelines for private architectural projects, based on a single classification model; Lineamientos de estimación de costos para proyectos privados arquitectónicos, con base en un modelo de clasificación único","2020","Proceedings of the LACCEI international Multi-conference for Engineering, Education and Technology","","","","","","0","0","10.18687/LACCEI2020.1.1.337","https://www.scopus.com/inward/record.uri?eid=2-s2.0-85096783118&doi=10.18687%2FLACCEI2020.1.1.337&partnerID=40&md5=016135e966341dce8f22aed0290dd9ee","Conference paper","Final","All Open Access; Bronze Open Access","Scopus","2-s2.0-85096783118"
"Acosta, A.D.M.; Sanchez-Hernandez, S.; Cardenaz, H.J.R.","Acosta, Alex David Morales (57209252640); Sanchez-Hernandez, Sergio A. (57220070743); Cardenaz, Henrique Javier Romero (57220069824)","57209252640; 57220070743; 57220069824","Self-sustaining medical suitcase with photovoltaic energy for primary health care in difficult areas access in the department of sucre; Maleta Médica Portátil Autosustentable con Energía Fotovoltaica para Atención Primaria de Salud en Zonas de Difícil Acceso en el Departamento de Sucre","2020","Proceedings of the LACCEI international Multi-conference for Engineering, Education and Technology","","","","","","0","0","10.18687/LACCEI2020.1.1.167","https://www.scopus.com/inward/record.uri?eid=2-s2.0-85096780612&doi=10.18687%2FLACCEI2020.1.1.167&partnerID=40&md5=c909c286fba36db586ed22fcc7ac4afb","Conference paper","Final","All Open Access; Bronze Open Access","Scopus","2-s2.0-85096780612"
"Jiménez-Castilla, T.I.; Bolívar, L.M.; Segrera-Castilla, M.","Jiménez-Castilla, Tania I. (57204842254); Bolívar, Luis Miguel (57206774538); Segrera-Castilla, Michael (57220069921)","57204842254; 57206774538; 57220069921","Infrastructure and rurality: Challenges for sustainable economic development in Latin America","2020","Proceedings of the LACCEI international Multi-conference for Engineering, Education and Technology","","","","","","0","3","10.18687/LACCEI2020.1.1.542","https://www.scopus.com/inward/record.uri?eid=2-s2.0-85096770952&doi=10.18687%2FLACCEI2020.1.1.542&partnerID=40&md5=5f6bd22c42e1b64972cffc8b9cc835f0","Conference paper","Final","All Open Access; Bronze Open Access","Scopus","2-s2.0-85096770952"
"Suarez, O.J.; Díaz, N.H.; García, A.","Suarez, Oscar J. (57201349175); Díaz, Nicolás Hernández (57220077564); García, Aldo Pardo (8646739700)","57201349175; 57220077564; 8646739700","A real-time pattern recognition module via Matlab-Arduino interface","2020","Proceedings of the LACCEI international Multi-conference for Engineering, Education and Technology","","","","","","0","4","10.18687/LACCEI2020.1.1.646","https://www.scopus.com/inward/record.uri?eid=2-s2.0-85096768782&doi=10.18687%2FLACCEI2020.1.1.646&partnerID=40&md5=c7771119992736edf0db5cb3d9d42842","Conference paper","Final","All Open Access; Bronze Open Access","Scopus","2-s2.0-85096768782"
"García-Pérez, A.; Mesa, J.A.","García-Pérez, Andrés (57219598631); Mesa, Jaime Alberto (56079249600)","57219598631; 56079249600","Sustainable engineering and Internet of Things (IoT): Trends and perspectives","2020","Proceedings of the LACCEI international Multi-conference for Engineering, Education and Technology","","","","","","0","1","10.18687/LACCEI2020.1.1.109","https://www.scopus.com/inward/record.uri?eid=2-s2.0-85096759284&doi=10.18687%2FLACCEI2020.1.1.109&partnerID=40&md5=09523728d9313f4ced35bbd4f836cbb5","Conference paper","Final","All Open Access; Bronze Open Access","Scopus","2-s2.0-85096759284"
"Carazo, J.; Raúl, P.; Gualdrón, G.","Carazo, Jorge (57220068719); Raúl, Padrón C. (57211351906); Gualdrón, Carlos G. (57215557867)","57220068719; 57211351906; 57215557867","Diagnosis of the maturity of project management in the construction sector in the city of Cartagena; Diagnóstico de la madurez de la gestión de proyectos en el sector la construcción en la ciudad de Cartagena","2020","Proceedings of the LACCEI international Multi-conference for Engineering, Education and Technology","","","","","","0","0","10.18687/LACCEI2020.1.1.551","https://www.scopus.com/inward/record.uri?eid=2-s2.0-85096754047&doi=10.18687%2FLACCEI2020.1.1.551&partnerID=40&md5=9d198a350eb5a2cee244de680c509874","Conference paper","Final","All Open Access; Bronze Open Access","Scopus","2-s2.0-85096754047"
"Vázquez-Miraz, P.","Vázquez-Miraz, Pedro (57196040759)","57196040759","Representation of the spanish's history through the philately. Study of the stamps designed by gallego & rey; Representación de la historia de españa por medio de la filatelia. Estudio de los sellos diseñados por gallego y rey","2020","Panta Rei","14","1","","89","107","0","3","10.6018/pantarei.444341","https://www.scopus.com/inward/record.uri?eid=2-s2.0-85096750442&doi=10.6018%2Fpantarei.444341&partnerID=40&md5=aa4e639b5973863556632c8716d7dd13","Article","Final","All Open Access; Gold Open Access","Scopus","2-s2.0-85096750442"
"Vega, F.A.V.; Hernández, A.M.U.; Buitrago-Toro, K.","Vega, Fabio Andrés Varón (55571476800); Hernández, Ana María Uribe (57219703404); Buitrago-Toro, Kenny (57194341342)","55571476800; 57219703404; 57194341342","About Infrequent complications of common diseases: Ekiri Syndrome; A propósito de complicaciones infrecuentes de enfermedades comunes. Síndrome de Ekiri","2020","Infectio","25","1","","67","70","0","1","10.22354/in.v25i1.913","https://www.scopus.com/inward/record.uri?eid=2-s2.0-85094843256&doi=10.22354%2Fin.v25i1.913&partnerID=40&md5=c60127ffb803d3b7e8f80b2fefe9a4ef","Article","Final","All Open Access; Gold Open Access","Scopus","2-s2.0-85094843256"
"Ladino, I.; Penagos, O.; Sáenz-Cabezas, B.; Pastrana, Y.","Ladino, Ivan D. (57195914769); Penagos, O. (57219604071); Sáenz-Cabezas, Brayan (57202157306); Pastrana, Y. (57219592615)","57195914769; 57219604071; 57202157306; 57219592615","Smoothing of Robotic Navigation Trajectories, Based on a Tessellation Generated Weighted Skeleton, Based on Wavefront Dilation and Collisions","2020","Communications in Computer and Information Science","1274 CCIS","","","97","108","0","1","10.1007/978-3-030-61834-6_9","https://www.scopus.com/inward/record.uri?eid=2-s2.0-85094178625&doi=10.1007%2F978-3-030-61834-6_9&partnerID=40&md5=de0256c9608e0e82edce88b4ef9b3d2c","Conference paper","Final","","Scopus","2-s2.0-85094178625"
"Ospina-Mateus, H.; Montero-Perez, J.; Acevedo-Chedid, J.; Salas-Navarro, K.; Morales-Londoño, N.","Ospina-Mateus, Holman (57194034904); Montero-Perez, Jairo (57195913794); Acevedo-Chedid, Jaime (57193533853); Salas-Navarro, Katherinne (57193504630); Morales-Londoño, Natalie (57195913974)","57194034904; 57195913794; 57193533853; 57193504630; 57195913974","A Mathematical Model for the Optimization of the Non-metallic Mining Supply Chain in the Mining District of Calamarí-Sucre (Colombia)","2020","Communications in Computer and Information Science","1274 CCIS","","","194","207","0","2","10.1007/978-3-030-61834-6_17","https://www.scopus.com/inward/record.uri?eid=2-s2.0-85094149514&doi=10.1007%2F978-3-030-61834-6_17&partnerID=40&md5=95786bcb9cb925cfaf0f13035cb0212d","Conference paper","Final","All Open Access; Green Accepted Open Access; Green Open Access","Scopus","2-s2.0-85094149514"
"García-Pérez, A.; Hernández, M.A.; Castellón Marriaga, D.E.","García-Pérez, Andrés (57219598631); Hernández, María Alejandra Millán (57219600202); Castellón Marriaga, Daniela E. (57219598471)","57219598631; 57219600202; 57219598471","Predictive Analysis and Data Visualization Approach for Decision Processes in Marketing Strategies: A Case of Study","2020","Communications in Computer and Information Science","1274 CCIS","","","60","70","0","0","10.1007/978-3-030-61834-6_6","https://www.scopus.com/inward/record.uri?eid=2-s2.0-85094127087&doi=10.1007%2F978-3-030-61834-6_6&partnerID=40&md5=274fa18afda60f74a2392c6461369daa","Conference paper","Final","","Scopus","2-s2.0-85094127087"
"Fröhlich, H.B.; de Oliveira, B.C.F.; Barrera, E.S.; de Bortoli, T.J.; Albertazzi, A.","Fröhlich, Herberth Birck (57204649296); de Oliveira, Bernardo Cassimiro Fonseca (57193826188); Barrera, E. S. (57203306902); de Bortoli, Tiago Júnior (57219422468); Albertazzi, Armando G. (55665419400)","57204649296; 57193826188; 57203306902; 57219422468; 55665419400","Comparison of Principal Component Analysis and Multi-dimensional Ensemble Empirical Mode Decomposition for impact damage segmentation in square pulse shearography phase images","2020","Proceedings of SPIE - The International Society for Optical Engineering","11510","","115101G","","","0","0","10.1117/12.2566634","https://www.scopus.com/inward/record.uri?eid=2-s2.0-85092645019&doi=10.1117%2F12.2566634&partnerID=40&md5=14c99e57591b5cd6536dfe75af7670a6","Conference paper","Final","","Scopus","2-s2.0-85092645019"
"Sierra, J.S.; Pineda, J.; Viteri, E.; Rueda, D.; Tibaduiza, B.; Berrospi, R.D.; Tello, A.; Galvis-Ramírez, V.; Volpe, G.; Millán, M.S.; Romero, L.A.; Marrugo, A.G.","Sierra, Juan S. (57209048746); Pineda, Jesus (57192270016); Viteri, Eduardo J. (57217630299); Rueda, Daniela (57219409010); Tibaduiza, Beatriz (57219406013); Berrospi, Rubén D. (56771520000); Tello, Alejandro (6603664598); Galvis-Ramírez, Virgilio (55963715000); Volpe, Giovanni (8374046000); Millán, María S. (7201466399); Romero, Lenny A. (36142156300); Marrugo, Andrés G. (24329839300)","57209048746; 57192270016; 57217630299; 57219409010; 57219406013; 56771520000; 6603664598; 55963715000; 8374046000; 7201466399; 36142156300; 24329839300","Automated corneal endothelium image segmentation in the presence of cornea guttata via convolutional neural networks","2020","Proceedings of SPIE - The International Society for Optical Engineering","11511","","115110H","","","0","10","10.1117/12.2569258","https://www.scopus.com/inward/record.uri?eid=2-s2.0-85092558218&doi=10.1117%2F12.2569258&partnerID=40&md5=bd6b4dee86ec29038bc2c10ca35be8d4","Conference paper","Final","","Scopus","2-s2.0-85092558218"
"Marrugo, A.G.; Vargas, R.; Zhang, S.; Romero, L.A.","Marrugo, Andrés G. (24329839300); Vargas, Raúl (57117284600); Zhang, Song (12761761100); Romero, Lenny A. (36142156300)","24329839300; 57117284600; 12761761100; 36142156300","Hybrid calibration method for improving 3D measurement accuracy of structured light systems","2020","Proceedings of SPIE - The International Society for Optical Engineering","11490","","1149008","","","0","6","10.1117/12.2567650","https://www.scopus.com/inward/record.uri?eid=2-s2.0-85092482784&doi=10.1117%2F12.2567650&partnerID=40&md5=274ae4e55d04e456533d163e9c9da37b","Conference paper","Final","","Scopus","2-s2.0-85092482784"
"Garcés-Prettel, M.; Arroyave, J.; Baltar-Moreno, A.","Garcés-Prettel, Miguel Efrén (57193012270); Arroyave, Jesús Antonio (57218461329); Baltar-Moreno, Adolfo (57216868622)","57193012270; 57218461329; 57216868622","Professional Autonomy and Structural Influences: Exploring How Homicides, Perceived Insecurity, Aggressions Against Journalists, and Inequalities Affect Perceived Journalistic Autonomy in Colombia","2020","International Journal of Communication","14","","","3054","3075","0","13","","https://www.scopus.com/inward/record.uri?eid=2-s2.0-85091817381&partnerID=40&md5=a9241939154b21a80fe794a15ea3c23b","Article","Final","","Scopus","2-s2.0-85091817381"
"Erazo-Coronado, L.; Llano-Aristizábal, S.; Garcés-Prettel, M.; Erazo-Coronado, A.-M.","Erazo-Coronado, Lucy (57218761747); Llano-Aristizábal, Sergio (57218769893); Garcés-Prettel, Miguel Efrén (57193012270); Erazo-Coronado, Ana María María (56716236500)","57218761747; 57218769893; 57193012270; 56716236500","Impact of university social responsibility communication on university selection and the mediating effect of reputation; Impacto de la comunicación de la responsabilidad social universitaria en la selección de universidad y efecto mediador de la reputación","2020","Profesional de la Informacion","29","4","e290438","1","17","0","8","10.3145/epi.2020.jul.38","https://www.scopus.com/inward/record.uri?eid=2-s2.0-85090227888&doi=10.3145%2Fepi.2020.jul.38&partnerID=40&md5=04393fbac51920603293cb2a5dafdbcd","Article","Final","All Open Access; Gold Open Access","Scopus","2-s2.0-85090227888"
"Muto, T.J.; Buitrago Bolivar, E.B.; González, E.","Muto, Tito Julio (57218263627); Buitrago Bolivar, Elías (35202900000); González, Enrique Guerrero (7402466812)","57218263627; 35202900000; 7402466812","Bdi multi-agent based simulation model for social ecological systems","2020","Communications in Computer and Information Science","1233 CCIS","","","279","288","0","8","10.1007/978-3-030-51999-5_23","https://www.scopus.com/inward/record.uri?eid=2-s2.0-85088509474&doi=10.1007%2F978-3-030-51999-5_23&partnerID=40&md5=38ba943dd9acf9d9d3c584caf6f74d57","Conference paper","Final","","Scopus","2-s2.0-85088509474"
"Emiliani, L.; Luini, L.; Rolon, A.","Emiliani, Luis David (24365938200); Luini, Lorenzo (15842167000); Rolon, A. (57218244834)","24365938200; 15842167000; 57218244834","One-minute integrated rainfall rate statistics from a rain gauge network in Colombia: Accuracy of prediction methods","2020","Electronics Letters","56","17","","","","0","2","10.1049/el.2020.1080","https://www.scopus.com/inward/record.uri?eid=2-s2.0-85088478276&doi=10.1049%2Fel.2020.1080&partnerID=40&md5=df9e2ae65c1bb8d60b41f9e1a562a854","Article","Final","All Open Access; Green Accepted Open Access; Green Open Access","Scopus","2-s2.0-85088478276"
"Cantillo-Orozco, A.; Rincón Rodríguez, I.C.; Bernal Payares, O.; Chaparro-Medina, J.E.","Cantillo-Orozco, Ana Susana (59454824700); Rincón Rodríguez, Isabel Cristina (57217736400); Bernal Payares, Omaira (57200538796); Chaparro-Medina, Jorge E. (57217738118)","59454824700; 57217736400; 57200538796; 57217738118","Perspective of environmental accounting policy, administrative and financial information systems; Perspectivas de la política de contabilidad ambiental, sistemas de información administrativa y financiera","2020","Utopia y Praxis Latinoamericana","25","Extra3","","201","215","0","3","10.5281/zenodo.3907071","https://www.scopus.com/inward/record.uri?eid=2-s2.0-85087567048&doi=10.5281%2Fzenodo.3907071&partnerID=40&md5=e7c7a8fb8dbc1a8b2e0d4bf0e5f19f26","Article","Final","","Scopus","2-s2.0-85087567048"
"González Vergara, M.E.; Huertas Cardozo, N.; Lugo Hernández, E.A.","González Vergara, Martha Elena (57217180294); Huertas Cardozo, Netty Consuelo (57217179925); Lugo Hernández, Emily Andrea (57206731238)","57217180294; 57217179925; 57206731238","Diagnosis of solidarity organizations of the artistic-cultural sector in Córdoba and Sucre; Diagnóstico de las organizaciones solidarias del sector artístico-cultural en Córdoba y Sucre","2020","Revista Venezolana de Gerencia","25","89","","174","188","0","5","10.37960/revista.v25i89.31384","https://www.scopus.com/inward/record.uri?eid=2-s2.0-85086658233&doi=10.37960%2Frevista.v25i89.31384&partnerID=40&md5=fabdb2ed90a7da76e1270e7c24e60884","Article","Final","All Open Access; Gold Open Access","Scopus","2-s2.0-85086658233"
"Ochoa-González, O.; Coronado-Hernandez, J.R.; Macías-Jiménez, M.A.; Romero-Conrado, A.R.","Ochoa-González, Olmedo (57217089398); Coronado-Hernandez, Jairo R. (54383095000); Macías-Jiménez, Mayra A. (57194563253); Romero-Conrado, Alfonso R. (57193837330)","57217089398; 54383095000; 57194563253; 57193837330","Quality Improvement in Ammonium Nitrate Production Using Six Sigma Methodology","2020","Lecture Notes in Computer Science","12133 LNCS","","","172","183","0","2","10.1007/978-3-030-47679-3_15","https://www.scopus.com/inward/record.uri?eid=2-s2.0-85086141044&doi=10.1007%2F978-3-030-47679-3_15&partnerID=40&md5=b1a43f5ea688be40f38cdac1b9d5a321","Conference paper","Final","All Open Access; Green Accepted Open Access; Green Open Access","Scopus","2-s2.0-85086141044"
"Arrieta Rodríguez, E.; López-Martínez, F.; Martinez-Santos, J.C.","Arrieta Rodríguez, Eugenia (57217088865); López-Martínez, Fernando Enrique (57202400990); Martinez-Santos, Juan Carlos (26325154200)","57217088865; 57202400990; 26325154200","A Machine Learning Approach for Severe Maternal Morbidity Prediction at Rafael Calvo Clinic in Cartagena-Colombia","2020","Lecture Notes in Computer Science","12133 LNCS","","","208","219","0","0","10.1007/978-3-030-47679-3_18","https://www.scopus.com/inward/record.uri?eid=2-s2.0-85086138559&doi=10.1007%2F978-3-030-47679-3_18&partnerID=40&md5=09bffdb0c68a4e43918acae49ca49fe7","Conference paper","Final","","Scopus","2-s2.0-85086138559"
"Coronado-Hernandez, J.R.; Romero-Conrado, A.R.; Ochoa-González, O.; Quintero-Arango, H.; Vargas, X.; Gatica, G.","Coronado-Hernandez, Jairo R. (54383095000); Romero-Conrado, Alfonso R. (57193837330); Ochoa-González, Olmedo (57217089398); Quintero-Arango, Humberto (57217088709); Vargas, Ximena (58726006300); Gatica, Gustavo (55621116300)","54383095000; 57193837330; 57217089398; 57217088709; 58726006300; 55621116300","A Generic Materials and Operations Planning Approach for Inventory Turnover Optimization in the Chemical Industry","2020","Lecture Notes in Computer Science","12133 LNCS","","","134","145","0","0","10.1007/978-3-030-47679-3_12","https://www.scopus.com/inward/record.uri?eid=2-s2.0-85086138515&doi=10.1007%2F978-3-030-47679-3_12&partnerID=40&md5=d5d3820876af256757fe1037168bdf92","Conference paper","Final","All Open Access; Green Accepted Open Access; Green Open Access","Scopus","2-s2.0-85086138515"
"Pineda, J.; Altamar-Mercado, H.; Romero, L.A.; Marrugo, A.G.","Pineda, Jesus (57192270016); Altamar-Mercado, Hernando (57203321995); Romero, Lenny A. (36142156300); Marrugo, Andrés G. (24329839300)","57192270016; 57203321995; 36142156300; 24329839300","Toward the generation of reproducible synthetic surface data in optical metrology","2020","Proceedings of SPIE - The International Society for Optical Engineering","11397","","113970C","","","0","3","10.1117/12.2558730","https://www.scopus.com/inward/record.uri?eid=2-s2.0-85085738459&doi=10.1117%2F12.2558730&partnerID=40&md5=614d2c4a47e41d7bd793a9ae98f688eb","Conference paper","Final","","Scopus","2-s2.0-85085738459"
"Meza, J.; Vargas, R.; Romero, L.A.; Zhang, S.; Marrugo, A.G.","Meza, Jhacson (57204065355); Vargas, Raúl (57117284600); Romero, Lenny A. (36142156300); Zhang, Song (12761761100); Marrugo, Andrés G. (24329839300)","57204065355; 57117284600; 36142156300; 12761761100; 24329839300","What is the best triangulation approach for a structured light system?","2020","Proceedings of SPIE - The International Society for Optical Engineering","11397","","113970D","","","0","16","10.1117/12.2559119","https://www.scopus.com/inward/record.uri?eid=2-s2.0-85085729356&doi=10.1117%2F12.2559119&partnerID=40&md5=34ef9cbcf2b029849d78c16836d68fc9","Conference paper","Final","","Scopus","2-s2.0-85085729356"
"Coronado-Hernandez, J.R.; Ospina-Mateus, H.; Baron-Villamizar, J.; Vidal-Pacheco, L.; Piñeres-Castillo, A.; Rojas Millan, R.H.; Silva, J.","Coronado-Hernandez, Jairo R. (54383095000); Ospina-Mateus, Holman (57194034904); Baron-Villamizar, Javier (57211802668); Vidal-Pacheco, Lucelys (57216892669); Piñeres-Castillo, Aurora Patricia (57210933059); Rojas Millan, Rafael Humberto (57211927367); Silva, Jesus (57208926482)","54383095000; 57194034904; 57211802668; 57216892669; 57210933059; 57211927367; 57208926482","A method to rationalize the product portfolio in retail stores","2020","Lecture Notes in Electrical Engineering","643","","","509","515","0","3","10.1007/978-981-15-3125-5_51","https://www.scopus.com/inward/record.uri?eid=2-s2.0-85085196511&doi=10.1007%2F978-981-15-3125-5_51&partnerID=40&md5=749faf3dc72c8e332f839fed20cbc6b2","Book chapter","Final","","Scopus","2-s2.0-85085196511"
"Ruiz-Meza, J.; Montes, I.; Pérez, A.; Ramos-Márquez, M.","Ruiz-Meza, José (57216759290); Montes, Isaid (57216762913); Pérez, Arnoldo (57216764199); Ramos-Márquez, María (57216767349)","57216759290; 57216762913; 57216764199; 57216767349","VRP model with time window, multiproduct and multidepot","2020","Journal of Applied Science and Engineering","23","2","","239","247","0","11","10.6180/jase.202006_23(2).0008","https://www.scopus.com/inward/record.uri?eid=2-s2.0-85084596364&doi=10.6180%2Fjase.202006_23%282%29.0008&partnerID=40&md5=30c5ecfdc5af963aca1ab1204f6edb5b","Article","Final","","Scopus","2-s2.0-85084596364"
"Rio-Cortina, J.D.; Ibarra-Fernández, M.; Rodríguez-Arias, C.; López-Espitia, N.","Rio-Cortina, Jorge Del (57216748346); Ibarra-Fernández, Mikel Iñaki (57216736889); Rodríguez-Arias, Carlos (57216755827); López-Espitia, Naomi (57216744208)","57216748346; 57216736889; 57216755827; 57216744208","Competitiveness in insular regions: Case of isla grande in the archapelago of islas del rosario, cartagena, Colombia","2020","WSEAS Transactions on Business and Economics","17","","","374","386","0","1","10.37394/23207.2020.17.40","https://www.scopus.com/inward/record.uri?eid=2-s2.0-85084517234&doi=10.37394%2F23207.2020.17.40&partnerID=40&md5=ccf30ab2e9bfc7be38436052a3ed322a","Article","Final","All Open Access; Gold Open Access; Green Accepted Open Access; Green Open Access","Scopus","2-s2.0-85084517234"
"Rebolledo Cobos, M.; Quintero, L.; Echeverría, T.; Pertúz, J.A.; Bettin Martínez, A.","Rebolledo Cobos, M. Leonor (35488662400); Quintero, Luz (57216632670); Echeverría, Tatiana (60092189900); Pertúz, José Ángel (57216632182); Bettin Martínez, Alfonso C. (56165764300)","35488662400; 57216632670; 60092189900; 57216632182; 56165764300","Frequency of high-risk genotypes of human papilloma virus in oral lesions; Frecuencia de genotipos alto riesgo del virus papiloma humano en lesiones bucales","2020","Journal of Oral Research","9","1","","51","56","0","1","10.17126/joralres.2020.008","https://www.scopus.com/inward/record.uri?eid=2-s2.0-85084131643&doi=10.17126%2Fjoralres.2020.008&partnerID=40&md5=15d2d5b87249ca11528cb05406541dae","Article","Final","All Open Access; Gold Open Access","Scopus","2-s2.0-85084131643"
"Garcés-Prettel, M.; Santoya-Montes, Y.; Jiménez-Osorio, J.","Garcés-Prettel, Miguel Efrén (57193012270); Santoya-Montes, Yanin (57216345199); Jiménez-Osorio, Javier (57216346253)","57193012270; 57216345199; 57216346253","Influence of family and pedagogical communication on school violence","2020","Comunicar","28","63","","73","82","0","16","10.3916/C63-2020-07","https://www.scopus.com/inward/record.uri?eid=2-s2.0-85083255605&doi=10.3916%2FC63-2020-07&partnerID=40&md5=6a66aac0fbc13ac289242f2935d1be3a","Article","Final","All Open Access; Gold Open Access; Green Accepted Open Access; Green Open Access","Scopus","2-s2.0-85083255605"
"Valdes-Burgos, L.; Contreras-Ojeda, S.L.; Dominguez-Jimenez, J.A.; López-Bueno, J.; Contreras-Ortiz, S.H.","Valdes-Burgos, Laura C. (57215542626); Contreras-Ojeda, Sara L. (57215272837); Dominguez-Jimenez, J. A. (56682770100); López-Bueno, J. (57215285940); Contreras-Ortiz, Sonia H. (57210822856)","57215542626; 57215272837; 56682770100; 57215285940; 57210822856","Analysis and classification of lung tissue in ultrasound images for pneumonia detection","2020","Proceedings of SPIE - The International Society for Optical Engineering","11330","","1133003","","","0","5","10.1117/12.2542615","https://www.scopus.com/inward/record.uri?eid=2-s2.0-85081138952&doi=10.1117%2F12.2542615&partnerID=40&md5=3ee5bff79844686ffd5bf1472af8af4d","Conference paper","Final","","Scopus","2-s2.0-85081138952"
"Meza, J.; Simarra, P.; Contreras-Ojeda, S.L.; Romero, L.A.; Contreras-Ortiz, S.H.; Arámbula Cosío, F.; Marrugo, A.G.","Meza, Jhacson (57204065355); Simarra, Pedro (57215543961); Contreras-Ojeda, Sara L. (57215272837); Romero, Lenny A. (36142156300); Contreras-Ortiz, Sonia H. (57210822856); Arámbula Cosío, Fernando (6602436139); Marrugo, Andrés G. (24329839300)","57204065355; 57215543961; 57215272837; 36142156300; 57210822856; 6602436139; 24329839300","A low-cost multi-modal medical imaging system with fringe projection profilometry and 3D freehand ultrasound","2020","Proceedings of SPIE - The International Society for Optical Engineering","11330","","1133004","","","0","8","10.1117/12.2542712","https://www.scopus.com/inward/record.uri?eid=2-s2.0-85081115836&doi=10.1117%2F12.2542712&partnerID=40&md5=361d369e0e5d57432521be4a98cb2fe3","Conference paper","Final","","Scopus","2-s2.0-85081115836"
"Baldiris-Navarro, I.; Acosta-Jimenez, J.C.; González-Delgado, Á.D.; Realpe, Á.; Fajardo Cuadro, J.","Baldiris-Navarro, Ildefonso (57213608990); Acosta-Jimenez, Juan Carlos (57213593386); González-Delgado, Ángel Darío (57197818936); Realpe, Alvaro (6504529306); Fajardo Cuadro, Juan Gabriel (56581610900)","57213608990; 57213593386; 57197818936; 6504529306; 56581610900","Multivariate statistical analysis applied to water quality of a tropical Coastal Lagoon, Cartagena, Colombian Caribbean","2020","Indonesian Journal of Chemistry","20","1","","141","149","0","4","10.22146/ijc.43035","https://www.scopus.com/inward/record.uri?eid=2-s2.0-85077897150&doi=10.22146%2Fijc.43035&partnerID=40&md5=b1d5dfaae0af4cb05858ca21edc4f889","Article","Final","All Open Access; Gold Open Access; Green Accepted Open Access; Green Open Access","Scopus","2-s2.0-85077897150"
"Gómez, M.; Patrón, S.; Fajardo-Herrera, R.; Mendoza, D.C.; Martínez-Pájaro, C.; Pasqualino, J.; Lambis-Miranda, H.A.","Gómez, Margareth (57212767637); Patrón, Santiago (57212764078); Fajardo-Herrera, Reinaldo (57212758538); Mendoza, Dina Del C. (57194692235); Martínez-Pájaro, Cesar (57204560330); Pasqualino, Jorgelina C. (14622047600); Lambis-Miranda, Henry A. (57194689395)","57212767637; 57212764078; 57212758538; 57194692235; 57204560330; 14622047600; 57194689395","Preliminary Characterization of Chromium (VI) Solution Adsorption with Mytella charruana in Semi-Artificial Environments","2020","Water, Air, and Soil Pollution","231","1","21","","","0","2","10.1007/s11270-019-4349-9","https://www.scopus.com/inward/record.uri?eid=2-s2.0-85077365733&doi=10.1007%2Fs11270-019-4349-9&partnerID=40&md5=242510340b0fd5ae95eb51126ab38957","Article","Final","","Scopus","2-s2.0-85077365733"
"Piela, M.; Kotas, M.; Contreras-Ortiz, S.H.","Piela, Michał (57202468264); Kotas, Marian P. (55985160800); Contreras-Ortiz, Sonia H. (57210822856)","57202468264; 55985160800; 57210822856","Spatio-Temporal Filtering for Evoked Potentials Detection","2020","Advances in Intelligent Systems and Computing","1061","","","34","43","0","0","10.1007/978-3-030-31964-9_4","https://www.scopus.com/inward/record.uri?eid=2-s2.0-85075905215&doi=10.1007%2F978-3-030-31964-9_4&partnerID=40&md5=358394bc193191010f0832b56828dc77","Conference paper","Final","","Scopus","2-s2.0-85075905215"
"Álvarez Almeida, L.; Martinez-Santos, J.C.","Álvarez Almeida, Luis Alfredo (57210565161); Martinez-Santos, Juan Carlos (26325154200)","57210565161; 26325154200","SIDS-DDoS, a Smart Intrusion Detection System for Distributed Denial of Service Attacks","2020","Advances in Intelligent Systems and Computing","1067","","","380","389","0","2","10.1007/978-3-030-32033-1_35","https://www.scopus.com/inward/record.uri?eid=2-s2.0-85075841900&doi=10.1007%2F978-3-030-32033-1_35&partnerID=40&md5=8e57d94a1e90d201ac340edcc1782836","Conference paper","Final","","Scopus","2-s2.0-85075841900"
"Montes-Grajales, D.; Puerta-Guardo, H.; Espinosa, D.A.; Harris, E.; Caicedo-Torres, W.; Olivero-Verbel, J.; Martinez-Romero, E.","Montes-Grajales, Diana (55670024000); Puerta-Guardo, Henry Nelson (35409926100); Espinosa, Diego A. (20734251800); Harris, Eva H. (7403257174); Caicedo-Torres, William (55782426500); Olivero-Verbel, Jesus T.V. (9736353600); Martinez-Romero, Esperanza (7005113225)","55670024000; 35409926100; 20734251800; 7403257174; 55782426500; 9736353600; 7005113225","In silico drug repurposing for the identification of potential candidate molecules against arboviruses infection","2020","Antiviral Research","173","","104668","","","0","33","10.1016/j.antiviral.2019.104668","https://www.scopus.com/inward/record.uri?eid=2-s2.0-85075791199&doi=10.1016%2Fj.antiviral.2019.104668&partnerID=40&md5=0cd85f002e79bfeb684a1f7829c3051b","Article","Final","All Open Access; Gold Open Access","Scopus","2-s2.0-85075791199"
"Coronado-Hernandez, J.R.; Ospina-Mateus, H.; Canabal-Gónzalez, D.; Peña-Ballestas, D.; Baron-Villamizar, J.; Mercado-Caruso, N.; Romero-Conrado, A.R.; Paternina-Arboleda, C.; Silva, J.","Coronado-Hernandez, Jairo R. (54383095000); Ospina-Mateus, Holman (57194034904); Canabal-Gónzalez, Danneris (57211806746); Peña-Ballestas, Diana (57211803863); Baron-Villamizar, Javier (57211802668); Mercado-Caruso, Nohora (57193502899); Romero-Conrado, Alfonso R. (57193837330); Paternina-Arboleda, Carlos D. (6506473806); Silva, Jesus (57208926482)","54383095000; 57194034904; 57211806746; 57211803863; 57211802668; 57193502899; 57193837330; 6506473806; 57208926482","Implementation of an E.R.P. Inventory Module in a Small Colombian Metalworking Company","2020","Lecture Notes in Networks and Systems","98","","","905","911","0","1","10.1007/978-3-030-33846-6_99","https://www.scopus.com/inward/record.uri?eid=2-s2.0-85075042649&doi=10.1007%2F978-3-030-33846-6_99&partnerID=40&md5=8554dcc1e82c85215b90be37668f0649","Book chapter","Final","","Scopus","2-s2.0-85075042649"
"Dominguez-Jimenez, J.A.; Campo-Landines, K.C.; Martinez-Santos, J.C.; Delahoz-Domínguez, E.; Contreras-Ortiz, S.H.","Dominguez-Jimenez, J. A. (56682770100); Campo-Landines, Kiara Coralia (57205565967); Martinez-Santos, Juan Carlos (26325154200); Delahoz-Domínguez, Enrique J. (57220073247); Contreras-Ortiz, Sonia H. (57210822856)","56682770100; 57205565967; 26325154200; 57220073247; 57210822856","A machine learning model for emotion recognition from physiological signals","2020","Biomedical Signal Processing and Control","55","","101646","","","0","201","10.1016/j.bspc.2019.101646","https://www.scopus.com/inward/record.uri?eid=2-s2.0-85071578602&doi=10.1016%2Fj.bspc.2019.101646&partnerID=40&md5=3fb6c88e66afe26ce4083001b810e316","Article","Final","All Open Access; Gold Open Access","Scopus","2-s2.0-85071578602"
"Baltar-Moreno, A.","Baltar-Moreno, Adolfo (57216868622)","57216868622","Moreno-Castro C, editor. Institutional campaigns in public health. The case against the HPV virus. Madrid: Dextra Editorial; 2017; Moreno-Castro C, editor. Campañas institucionales en salud pública. El caso contra el virus VPH. Madrid: Dextra Editorial; 2017","2019","Revista Gerencia y Politicas de Salud","18","37","","1","4","0","0","10.11144/Javeriana.rgps18-37.cisp","https://www.scopus.com/inward/record.uri?eid=2-s2.0-85084991786&doi=10.11144%2FJaveriana.rgps18-37.cisp&partnerID=40&md5=05431fce5a10be57a6fb7d53e4cbb142","Editorial","Final","All Open Access; Gold Open Access","Scopus","2-s2.0-85084991786"
"Giraldo, J.A.; Montoya Giraldo, O.D.; Grisales-Noreña, L.F.; Gil-González, W.; Holguín, M.","Giraldo, Jorge A. (57211584296); Montoya Giraldo, Oscar Danilo (56919564100); Grisales-Noreña, Luis Fernando (55791991200); Gil-González, Walter Julian (57191493648); Holguín, Mauricio (57190949973)","57211584296; 56919564100; 55791991200; 57191493648; 57190949973","Optimal power flow solution in direct current grids using Sine-Cosine algorithm","2019","Journal of Physics: Conference Series","1403","1","012009","","","0","10","10.1088/1742-6596/1403/1/012009","https://www.scopus.com/inward/record.uri?eid=2-s2.0-85076688523&doi=10.1088%2F1742-6596%2F1403%2F1%2F012009&partnerID=40&md5=2fdbd2bcdabe041ff58e4ee74fbfefb3","Conference paper","Final","All Open Access; Gold Open Access","Scopus","2-s2.0-85076688523"
"Rolon-Heredia, J.A.; Garrido, V.M.; Marulanda, J.","Rolon-Heredia, J. A. (57212451504); Garrido, Victor M. (57212456661); Marulanda, James J. (57205051983)","57212451504; 57212456661; 57205051983","Voice compression using discrete cosine transform and wavelet transform","2019","Journal of Physics: Conference Series","1403","1","012001","","","0","2","10.1088/1742-6596/1403/1/012001","https://www.scopus.com/inward/record.uri?eid=2-s2.0-85076680661&doi=10.1088%2F1742-6596%2F1403%2F1%2F012001&partnerID=40&md5=9f33a693994fb97fe3cd03d0d1d81fd3","Conference paper","Final","All Open Access; Gold Open Access","Scopus","2-s2.0-85076680661"
"Vásquez, J.; Aguirre, S.; Fúquene-Retamoso, C.E.; Bruno, G.; Priarone, P.C.; Settineri, L.","Vásquez, Jenifer (57205400052); Aguirre, Santiago E. (55893282900); Fúquene-Retamoso, Carlos Eduardo (36805485900); Bruno, Giulia (22033901600); Priarone, Paolo Claudio (36993195100); Settineri, Luca (6602463988)","57205400052; 55893282900; 36805485900; 22033901600; 36993195100; 6602463988","A conceptual framework for the eco-efficiency assessment of small- and medium-sized enterprises","2019","Journal of Cleaner Production","237","","117660","","","0","42","10.1016/j.jclepro.2019.117660","https://www.scopus.com/inward/record.uri?eid=2-s2.0-85069904877&doi=10.1016%2Fj.jclepro.2019.117660&partnerID=40&md5=b5b473844bee5f9344ff7238c7569d94","Article","Final","","Scopus","2-s2.0-85069904877"
"Lasprilla, G.I.B.; Henriquez, Y.; Serrano, J.E.","Lasprilla, Gloria Isabel Bautista (57199861860); Henriquez, Yuranis (57982471000); Serrano, Jairo E. (57220927199)","57199861860; 57982471000; 57220927199","Teaching programming to millennials, from paper to digital","2019","","","","9212918","129","132","0","0","10.1109/ICVRV47840.2019.00030","https://www.scopus.com/inward/record.uri?eid=2-s2.0-85094321328&doi=10.1109%2FICVRV47840.2019.00030&partnerID=40&md5=371c515099e9d062079a78775d7a6852","Conference paper","Final","","Scopus","2-s2.0-85094321328"
"Rubiano-Labrador, C.; Díaz-Cárdenas, C.; López, G.; Gómez, J.; Baena, S.","Rubiano-Labrador, Carolina (55649334800); Díaz-Cárdenas, Carolina (36100923400); López, Gina (51864091200); Gómez, Javier (57211365521); Baena, S. (6603442157)","55649334800; 36100923400; 51864091200; 57211365521; 6603442157","Colombian Andean thermal springs: reservoir of thermophilic anaerobic bacteria producing hydrolytic enzymes","2019","Extremophiles","23","6","","793","808","0","9","10.1007/s00792-019-01132-5","https://www.scopus.com/inward/record.uri?eid=2-s2.0-85073652266&doi=10.1007%2Fs00792-019-01132-5&partnerID=40&md5=3b2222c94c75f7580b47b48bc9ca8644","Article","Final","","Scopus","2-s2.0-85073652266"
"Pupo-Roncallo, O.; Campillo, J.; Ingham, D.; Kevin Hughes, K.; Pourkashanian, M.","Pupo-Roncallo, O. R. (57211364524); Campillo, Javier E. (55609096600); Ingham, Derek Binns (35560744900); Kevin Hughes, Kevin J. (7202448730); Pourkashanian, Mohamed M. (7004225021)","57211364524; 55609096600; 35560744900; 7202448730; 7004225021","Large scale integration of renewable energy sources (RES) in the future Colombian energy system","2019","Energy","186","","115805","","","0","81","10.1016/j.energy.2019.07.135","https://www.scopus.com/inward/record.uri?eid=2-s2.0-85073648831&doi=10.1016%2Fj.energy.2019.07.135&partnerID=40&md5=283c7be3ff240223ded8e708437a0934","Article","Final","","Scopus","2-s2.0-85073648831"
"Ospina-Mateus, H.; Quintana-Jiménez, L.A.; Lopez-Valdes, F.J.; Salas-Navarro, K.","Ospina-Mateus, Holman (57194034904); Quintana-Jiménez, Leonardo Augusto (57195939566); Lopez-Valdes, Francisco J. (23110963500); Salas-Navarro, Katherinne (57193504630)","57194034904; 57195939566; 23110963500; 57193504630","Bibliometric analysis in motorcycle accident research: a global overview","2019","Scientometrics","121","2","","793","815","0","62","10.1007/s11192-019-03234-5","https://www.scopus.com/inward/record.uri?eid=2-s2.0-85073622828&doi=10.1007%2Fs11192-019-03234-5&partnerID=40&md5=4ff96373a67c3ca591352dc344fde9de","Article","Final","All Open Access; Green Accepted Open Access; Green Open Access","Scopus","2-s2.0-85073622828"
"Giraldo-Guzmán, J.; Kotas, M.; Piela, M.; Castells, F.; Łȩski, J.M.; Contreras-Ortiz, S.H.","Giraldo-Guzmán, Jader Alexander (56520286300); Kotas, Marian P. (55985160800); Piela, Michał (57202468264); Castells, Francisco J. (7003612212); Łȩski, Jacek M. (7004127726); Contreras-Ortiz, Sonia H. (57210822856)","56520286300; 55985160800; 57202468264; 7003612212; 7004127726; 57210822856","Application of spatio-temporal filtering for atrial activity waveforms enhancement","2019","ACM International Conference Proceeding Series","","","","67","72","0","2","10.1145/3365245.3365262","https://www.scopus.com/inward/record.uri?eid=2-s2.0-85077965811&doi=10.1145%2F3365245.3365262&partnerID=40&md5=c0941d07eaa23d1a733fe66a4c642c94","Conference paper","Final","","Scopus","2-s2.0-85077965811"
"Yuranis Henriquez, N.; Serrano, J.E.; Martinez-Santos, J.C.","Yuranis Henriquez, N. (57214749831); Serrano, Jairo E. (57220927199); Martinez-Santos, Juan Carlos (26325154200)","57214749831; 57220927199; 26325154200","YarpTp Notebooks a Tool for Teaching Programming","2019","","","","8960863","","","0","1","10.1109/CONIITI48476.2019.8960863","https://www.scopus.com/inward/record.uri?eid=2-s2.0-85079073737&doi=10.1109%2FCONIITI48476.2019.8960863&partnerID=40&md5=bb029d87def3c9e722984ab3b9e5d108","Conference paper","Final","","Scopus","2-s2.0-85079073737"
"Rodelo García, M.; Polo, S.; Duque, J.; Villa, J.L.; Yime, E.","Rodelo García, Margarita Rosa (57205662246); Polo, S. (57213688119); Duque, Jorge Eliecer (57205658483); Villa, J. L. (7005142049); Yime, Eugenio (22837432800)","57205662246; 57213688119; 57205658483; 7005142049; 22837432800","Robust adaptive control of a planar 3RRR parallel robot for trajectory-tracking applied to crouch gait cycle in children with cerebral palsy","2019","","","","8921328","","","0","2","10.1109/CCAC.2019.8921328","https://www.scopus.com/inward/record.uri?eid=2-s2.0-85077955939&doi=10.1109%2FCCAC.2019.8921328&partnerID=40&md5=9b8550a0d377054b7f60c7797c985991","Conference paper","Final","","Scopus","2-s2.0-85077955939"
"Montoya Giraldo, O.D.; Villa, J.L.; Gil-González, W.","Montoya Giraldo, Oscar Danilo (56919564100); Villa, J. L. (7005142049); Gil-González, Walter Julian (57191493648)","56919564100; 7005142049; 57191493648","PBC design for voltage regulation in buck converters with parametric uncertainties","2019","","","","8921015","","","0","4","10.1109/CCAC.2019.8921015","https://www.scopus.com/inward/record.uri?eid=2-s2.0-85077954490&doi=10.1109%2FCCAC.2019.8921015&partnerID=40&md5=202e3597120bc17ad9355c200eb542bf","Conference paper","Final","","Scopus","2-s2.0-85077954490"
"Arrieta, M.P.; Duque, J.; Villa, J.L.","Arrieta, M. P. (57213687198); Duque, Jorge Eliecer (57205658483); Villa, J. L. (7005142049)","57213687198; 57205658483; 7005142049","Implementing a like-industrial process for control education","2019","","","","8921101","","","0","4","10.1109/CCAC.2019.8921101","https://www.scopus.com/inward/record.uri?eid=2-s2.0-85077953847&doi=10.1109%2FCCAC.2019.8921101&partnerID=40&md5=6fa83a74d3d1ebd02cf9b22876d81baa","Conference paper","Final","","Scopus","2-s2.0-85077953847"
"Pineda, J.; Vargas, R.; Romero, L.A.; Marrugo, J.; Meneses, J.; Marrugo, A.G.","Pineda, Jesus (57192270016); Vargas, Raúl (57117284600); Romero, Lenny A. (36142156300); Marrugo, Javier A. (6507678324); Meneses, Jaime Enrique (7004348301); Marrugo, Andrés G. (24329839300)","57192270016; 57117284600; 36142156300; 6507678324; 7004348301; 24329839300","Robust automated reading of the skin prick test via 3D imaging and parametric surface fitting","2019","PLOS ONE","14","10","e0223623","","","0","16","10.1371/journal.pone.0223623","https://www.scopus.com/inward/record.uri?eid=2-s2.0-85073657466&doi=10.1371%2Fjournal.pone.0223623&partnerID=40&md5=913b10c26ba5c949ae33359d8e1b15cb","Article","Final","All Open Access; Gold Open Access; Green Accepted Open Access; Green Open Access","Scopus","2-s2.0-85073657466"
"Caicedo-Torres, W.; Gutierrez, J.","Caicedo-Torres, William (55782426500); Gutierrez, Jairo Alberto (7401653270)","55782426500; 7401653270","ISeeU: Visually interpretable deep learning for mortality prediction inside the ICU","2019","Journal of Biomedical Informatics","98","","103269","","","0","71","10.1016/j.jbi.2019.103269","https://www.scopus.com/inward/record.uri?eid=2-s2.0-85070867164&doi=10.1016%2Fj.jbi.2019.103269&partnerID=40&md5=44f4f77118e3713c13fa6a2b4ae8a21e","Article","Final","All Open Access; Green Accepted Open Access; Green Open Access","Scopus","2-s2.0-85070867164"
"Marquez, F.; Espinosa, M.; Pacheco, J.A.; Jimenez, E.R.; Zuluaga-Villermo, J.G.; Franco, J.F.","Marquez, Florentino (57222496315); Espinosa, Mónica (37664928200); Pacheco, José A. (37665747400); Jimenez, Edgar Ramiro (55218392400); Zuluaga-Villermo, Juan Guillermo (57222490742); Franco, Juan Felipe (35098574800)","57222496315; 37664928200; 37665747400; 55218392400; 57222490742; 35098574800","Impact of a car-free day on CO2e and PM2.5 emissions in intermediate cities - Ibagué as a case study","2019","","2019-January","","9364037","","","0","0","10.1109/CASAP48673.2019.9364037","https://www.scopus.com/inward/record.uri?eid=2-s2.0-85102900463&doi=10.1109%2FCASAP48673.2019.9364037&partnerID=40&md5=37474634328846f80441b5fe9ef31945","Conference paper","Final","","Scopus","2-s2.0-85102900463"
"Garrido, V.M.; Montoya Giraldo, O.D.; Alba, L.F.; Jimenez, D.","Garrido, Victor M. (57212456661); Montoya Giraldo, Oscar Danilo (56919564100); Alba, L. F. (57215346846); Jimenez, D. (57215511314)","57212456661; 56919564100; 57215346846; 57215511314","Location of FACTS Devices in Power Systems: Application to the IEEE 9 bus System","2019","","","","8853560","","","0","3","10.1109/INTERCON.2019.8853560","https://www.scopus.com/inward/record.uri?eid=2-s2.0-85073573050&doi=10.1109%2FINTERCON.2019.8853560&partnerID=40&md5=e8e711e531d68f713424f1ff3658ef1f","Conference paper","Final","","Scopus","2-s2.0-85073573050"
"Acevedo, J.M.","Acevedo, Jeovanny Muentes (57350116000)","57350116000","Structural stability and a characterization of Anosov families","2019","Dynamical Systems","34","3","","399","421","0","6","10.1080/14689367.2018.1546380","https://www.scopus.com/inward/record.uri?eid=2-s2.0-85059316812&doi=10.1080%2F14689367.2018.1546380&partnerID=40&md5=7512faaf3c0e15e8dcc8528ff711ccf9","Article","Final","All Open Access; Green Accepted Open Access; Green Open Access","Scopus","2-s2.0-85059316812"
"Bolívar, M.; Rivillas-Ospina, G.; Fuentes, W.; Guzmán, A.; Otero Díaz, L.; Ruiz, G.; Silva-Casarn, R.; Mendoza-Baldwin, E.; Maza-Chamorro, M.A.; García, L.; Berrío, Y.","Bolívar, Marianella (57214259358); Rivillas-Ospina, Germán Daniel (57193621526); Fuentes, William (41661388100); Guzmán, Andrés Fernando (51565554600); Otero Díaz, Luis J. (58184661100); Ruiz, Gabriel (57104662700); Silva-Casarn, Rodolfo (55993636000); Mendoza-Baldwin, Edgar Gerardo (55702520934); Maza-Chamorro, Mauro Antonio (55872162200); García, Lina (57214257813); Berrío, Yeison (57204293352)","57214259358; 57193621526; 41661388100; 51565554600; 58184661100; 57104662700; 55993636000; 55702520934; 55872162200; 57214257813; 57204293352","Anthropic impact assessment of coastal ecosystems in the municipality of Puerto Colombia, NE Colombia","2019","Journal of Coastal Research","92","Special Issue 1","","112","120","0","8","10.2112/SI92-013.1","https://www.scopus.com/inward/record.uri?eid=2-s2.0-85070677245&doi=10.2112%2FSI92-013.1&partnerID=40&md5=e0377224565cac0c2b15841649d1cbf2","Article","Final","","Scopus","2-s2.0-85070677245"
"Palencia Díaz, A.; Aguillón-Martínez, J.E.","Palencia Díaz, Argemiro (56801043600); Aguillón-Martínez, Javier Eduardo (57204695222)","56801043600; 57204695222","Experimental study of forestry waste gasification: Pinewood chips-grass mixtures","2019","Journal of Renewable and Sustainable Energy","11","4","044701","","","0","7","10.1063/1.5085317","https://www.scopus.com/inward/record.uri?eid=2-s2.0-85068783948&doi=10.1063%2F1.5085317&partnerID=40&md5=0304ef96c4a88120d8c7e30345d991da","Article","Final","","Scopus","2-s2.0-85068783948"
"Meza, J.; Marrugo, A.G.; Ospina, G.; Guerrero, M.; Romero, L.A.","Meza, Jhacson (57204065355); Marrugo, Andrés G. (24329839300); Ospina, Gabriel (57211428345); Guerrero, Milton (57200615582); Romero, Lenny A. (36142156300)","57204065355; 24329839300; 57211428345; 57200615582; 36142156300","A Structure-from-Motion Pipeline for Generating Digital Elevation Models for Surface-Runoff Analysis","2019","Journal of Physics: Conference Series","1247","1","012039","","","0","6","10.1088/1742-6596/1247/1/012039","https://www.scopus.com/inward/record.uri?eid=2-s2.0-85073914844&doi=10.1088%2F1742-6596%2F1247%2F1%2F012039&partnerID=40&md5=cc0d3e4aa904ec2a96842202714ea0d0","Conference paper","Final","All Open Access; Gold Open Access","Scopus","2-s2.0-85073914844"
"Pineda, J.; Marrugo, A.G.; Romero, L.A.","Pineda, Jesus (57192270016); Marrugo, Andrés G. (24329839300); Romero, Lenny A. (36142156300)","57192270016; 24329839300; 36142156300","Developing a Robust Acquisition System for Fringe Projection Profilometry","2019","Journal of Physics: Conference Series","1247","1","012053","","","0","3","10.1088/1742-6596/1247/1/012053","https://www.scopus.com/inward/record.uri?eid=2-s2.0-85073892760&doi=10.1088%2F1742-6596%2F1247%2F1%2F012053&partnerID=40&md5=bca75c359cdee3eb56abb4f708f18a08","Conference paper","Final","All Open Access; Gold Open Access","Scopus","2-s2.0-85073892760"
"Caraballo, D.; Caballero, M.","Caraballo, D. (57211426694); Caballero, M. (57192237729)","57211426694; 57192237729","Estimation of soil resistivity by the assembly of a vertical electrical sounding equipment at a university campus at Turbaco, Bolivar","2019","Journal of Physics: Conference Series","1247","1","012010","","","0","0","10.1088/1742-6596/1247/1/012010","https://www.scopus.com/inward/record.uri?eid=2-s2.0-85073887802&doi=10.1088%2F1742-6596%2F1247%2F1%2F012010&partnerID=40&md5=e5caea8358df1f53576e5affa65dd3af","Conference paper","Final","All Open Access; Gold Open Access","Scopus","2-s2.0-85073887802"
"Benjumea, E.; Morales, Y.; Torres Moreno, C.; Vilardy, J.","Benjumea, Eberto (57195681584); Morales, Yaileth J. (55513639000); Torres Moreno, Cesar Orlando (55793189473); Vilardy, J. M. (18038510900)","57195681584; 55513639000; 55793189473; 18038510900","Characterization of thermographic images of skin cancer lesions using digital image processing","2019","Journal of Physics: Conference Series","1221","1","012076","","","0","11","10.1088/1742-6596/1221/1/012076","https://www.scopus.com/inward/record.uri?eid=2-s2.0-85067806612&doi=10.1088%2F1742-6596%2F1221%2F1%2F012076&partnerID=40&md5=5317bd61e0b38c51209d50153c14d2ac","Conference paper","Final","All Open Access; Gold Open Access","Scopus","2-s2.0-85067806612"
"Álvarez Almeida, L.; Martinez-Santos, J.C.","Álvarez Almeida, Luis Alfredo (57210565161); Martinez-Santos, Juan Carlos (26325154200)","57210565161; 26325154200","Evaluating Features Selection on NSL-KDD Data-Set to Train a Support Vector Machine-Based Intrusion Detection System","2019","","","","8781803","","","0","6","10.1109/ColCACI.2019.8781803","https://www.scopus.com/inward/record.uri?eid=2-s2.0-85070855791&doi=10.1109%2FColCACI.2019.8781803&partnerID=40&md5=51561202a131bba2fa572fc7ab249842","Conference paper","Final","","Scopus","2-s2.0-85070855791"
"Campillo, J.; Dominguez-Jimenez, J.A.; Cabrera Tovar, J.H.T.","Campillo, Javier E. (55609096600); Dominguez-Jimenez, J. A. (56682770100); Cabrera Tovar, Jairo Humberto (57193252278)","55609096600; 56682770100; 57193252278","Sustainable boat transportation throughout electrification of propulsion systems: Challenges and opportunities","2019","","","","8721330","","","0","18","10.1109/ITSLATAM.2019.8721330","https://www.scopus.com/inward/record.uri?eid=2-s2.0-85067109915&doi=10.1109%2FITSLATAM.2019.8721330&partnerID=40&md5=8e4175af82531520b37f53441851e732","Conference paper","Final","","Scopus","2-s2.0-85067109915"
"Cordoba, D.; Sierra, J.; Benjumea, E.; Avila, D.A.; Horta-Piñeres, S.D.","Cordoba, D. (57209050547); Sierra, J. (57217771834); Benjumea, Eberto (57195681584); Avila, D. A. (55977416400); Horta-Piñeres, S. (55521631600)","57209050547; 57217771834; 57195681584; 55977416400; 55521631600","Design and manufacture of a didactic tool through the use of 3D printing technology to teach the capacitor charging and discharging phenomenon","2019","Journal of Physics: Conference Series","1219","1","012013","","","0","0","10.1088/1742-6596/1219/1/012013","https://www.scopus.com/inward/record.uri?eid=2-s2.0-85066414996&doi=10.1088%2F1742-6596%2F1219%2F1%2F012013&partnerID=40&md5=80918974fd187b52a63d0f1bb4520f95","Conference paper","Final","All Open Access; Gold Open Access","Scopus","2-s2.0-85066414996"
"Aragón, J.; Benjumea, E.; Avila, D.A.; Horta-Piñeres, S.D.","Aragón, J. (57209048340); Benjumea, Eberto (57195681584); Avila, D. A. (55977416400); Horta-Piñeres, S. (55521631600)","57209048340; 57195681584; 55977416400; 55521631600","Design and manufacture of a mechanical system for teaching the diffraction phenomenon","2019","Journal of Physics: Conference Series","1219","1","012007","","","0","4","10.1088/1742-6596/1219/1/012007","https://www.scopus.com/inward/record.uri?eid=2-s2.0-85066409472&doi=10.1088%2F1742-6596%2F1219%2F1%2F012007&partnerID=40&md5=39eaad4ba3ecedcede10487a09fc9709","Conference paper","Final","All Open Access; Gold Open Access","Scopus","2-s2.0-85066409472"
"Benjumea, E.; Vega, F.A.V.; Torres Moreno, C.; Vilardy, J.; Nuñez, L.","Benjumea, Eberto (57195681584); Vega, Fabio Andrés Varón (55571476800); Torres Moreno, Cesar Orlando (55793189473); Vilardy, J. M. (18038510900); Nuñez, L. (57220508329)","57195681584; 55571476800; 55793189473; 18038510900; 57220508329","Acquisition and segmentation images algorithm for the temporary study of the dynamic speckle phenomenon","2019","Journal of Physics: Conference Series","1219","1","012005","","","0","1","10.1088/1742-6596/1219/1/012005","https://www.scopus.com/inward/record.uri?eid=2-s2.0-85066400067&doi=10.1088%2F1742-6596%2F1219%2F1%2F012005&partnerID=40&md5=0f6526abbf3a20c1302ec159cdc6e4d6","Conference paper","Final","All Open Access; Gold Open Access","Scopus","2-s2.0-85066400067"
"Perez, E.V.; Ballestas Ortega, O.; Villa, J.L.","Perez, Edgar Villa (57195914957); Ballestas Ortega, Oscar De Jesús (57203997650); Villa, J. L. (7005142049)","57195914957; 57203997650; 7005142049","IoT Circuit Design to Monitor Cold Chain Refrigerators","2019","","","","8714747","","","0","5","10.1109/LAED.2019.8714747","https://www.scopus.com/inward/record.uri?eid=2-s2.0-85067175070&doi=10.1109%2FLAED.2019.8714747&partnerID=40&md5=58d552063f1508c6010a4d595bff0712","Conference paper","Final","","Scopus","2-s2.0-85067175070"
"Patiño, A.","Patiño, Alberto (57190688459)","57190688459","Analytical laser beam shaping in fractional Fourier optics","2019","","","","","","","0","0","","https://www.scopus.com/inward/record.uri?eid=2-s2.0-85086048319&partnerID=40&md5=0f4072ef578b0db3ad058c3293e8e6b4","Conference paper","Final","","Scopus","2-s2.0-85086048319"
"Patiño, A.","Patiño, Alberto (57190688459)","57190688459","Analytical laser beam shaping in fractional Fourier optics","2019","","","","DH-2019-W3A.3","","","0","0","10.1364/DH.2019.W3A.3","https://www.scopus.com/inward/record.uri?eid=2-s2.0-85085642063&doi=10.1364%2FDH.2019.W3A.3&partnerID=40&md5=b497319f972894f4bb172f1f8226d818","Conference paper","Final","","Scopus","2-s2.0-85085642063"
"Mendoza Castellanos, L.S.; Galindo Noguera, A.L.; Carrillo Caballero, G.E.; de Souza, A.L.; Melian Cobas, V.R.; Silva Lora, E.E.; Venturini, O.J.","Mendoza Castellanos, Luis Sebastian (57193169160); Galindo Noguera, Ana Lisbeth (56002365900); Carrillo Caballero, Gaylord Enrique (57193171659); de Souza, André Leandro (57205262249); Melian Cobas, Vladimir Rafael (6504307714); Silva Lora, Electo Eduardo (35606579500); Venturini, Osvaldo Jose (23092328600)","57193169160; 56002365900; 57193171659; 57205262249; 6504307714; 35606579500; 23092328600","Experimental analysis and numerical validation of the solar Dish/Stirling system connected to the electric grid","2019","Renewable Energy","135","","","259","265","0","42","10.1016/j.renene.2018.11.095","https://www.scopus.com/inward/record.uri?eid=2-s2.0-85059308465&doi=10.1016%2Fj.renene.2018.11.095&partnerID=40&md5=4736eee6554b7bc3cfe6b7788f0bfd69","Article","Final","","Scopus","2-s2.0-85059308465"
"Sana, S.S.; Ospina-Mateus, H.; Gazabón Arrieta, F.G.; Acevedo-Chedid, J.","Sana, Shib Sankar (15078194000); Ospina-Mateus, Holman (57194034904); Gazabón Arrieta, Fabian (57202852177); Acevedo-Chedid, Jaime (57193533853)","15078194000; 57194034904; 57202852177; 57193533853","Application of genetic algorithm to job scheduling under ergonomic constraints in manufacturing industry","2019","Journal of Ambient Intelligence and Humanized Computing","10","5","","2063","2090","0","59","10.1007/s12652-018-0814-3","https://www.scopus.com/inward/record.uri?eid=2-s2.0-85049552472&doi=10.1007%2Fs12652-018-0814-3&partnerID=40&md5=16ca880056861a1c610697ce7f633c14","Article","Final","","Scopus","2-s2.0-85049552472"
"Aguirre-Mendoza, A.M.; Díaz-Mendoza, C.; Pasqualino, J.","Aguirre-Mendoza, Andrés Miguel (57195569554); Díaz-Mendoza, Claudia (55258973100); Pasqualino, Jorgelina C. (14622047600)","57195569554; 55258973100; 14622047600","Renewable energy potential analysis in non-interconnected islands. Case study: Isla Grande, Corales del Rosario Archipelago, Colombia","2019","Ecological Engineering","130","","","252","262","0","23","10.1016/j.ecoleng.2017.08.020","https://www.scopus.com/inward/record.uri?eid=2-s2.0-85028851263&doi=10.1016%2Fj.ecoleng.2017.08.020&partnerID=40&md5=2da545c797ab4e11055e2f068613c921","Article","Final","","Scopus","2-s2.0-85028851263"
"Reyes-Vera, E.; Acevedo-Osorio, G.; Arias-Correa, M.; Senior, D.E.","Reyes-Vera, Erick (57195722871); Acevedo-Osorio, Gabriel (57204207314); Arias-Correa, Mauricio (57200341418); Senior, David E. (36698427600)","57195722871; 57204207314; 57200341418; 36698427600","A submersible printed sensor based on a monopole-coupled split ring resonator for permittivity characterization","2019","Sensors","19","8","1936","","","0","55","10.3390/s19081936","https://www.scopus.com/inward/record.uri?eid=2-s2.0-85065302543&doi=10.3390%2Fs19081936&partnerID=40&md5=8c67eca2c854096a8bee88d0b4399685","Article","Final","All Open Access; Gold Open Access; Green Accepted Open Access; Green Open Access","Scopus","2-s2.0-85065302543"
"López Fernández, R.L.; Avello-Martínez, R.A.; Urquiza, D.E.P.; Gálvez, S.S.; Álvarez, M.Q.","López Fernández, Raúl (56729894400); Avello-Martínez, Raidell (56585267500); Urquiza, Diana Eliza Palmero (57211397111); Gálvez, Samuel Sánchez (57211392003); Álvarez, Moisés Quintana (57211391060)","56729894400; 56585267500; 57211397111; 57211392003; 57211391060","Validation of instruments as a guarantee of credibility in scientific research; Validación de instrumentos como garantía de la credibilidad en las investigaciones científicas","2019","Revista Cubana de Medicina Militar","48","2","","441","450","0","23","","https://www.scopus.com/inward/record.uri?eid=2-s2.0-85073747709&partnerID=40&md5=6474a0f6f90d72f8138bdae7b98d6cc4","Article","Final","","Scopus","2-s2.0-85073747709"
"Amin, W.T.; Montoya Giraldo, O.D.; Garrido, V.M.; Gil-González, W.; Garces-Ruiz, A.","Amin, William Tadeo (57210212368); Montoya Giraldo, Oscar Danilo (56919564100); Garrido, Victor M. (57212456661); Gil-González, Walter Julian (57191493648); Garces-Ruiz, Alejandro (36449223500)","57210212368; 56919564100; 57212456661; 57191493648; 36449223500","Voltage and Frequency Regulation on Isolated AC Three-phase Microgrids via s-DERs","2019","IEEE Green Technologies Conference","2019-April","","8767133","","","0","4","10.1109/GreenTech.2019.8767133","https://www.scopus.com/inward/record.uri?eid=2-s2.0-85069893729&doi=10.1109%2FGreenTech.2019.8767133&partnerID=40&md5=138632f56c32d904d8bca70b85b94b6d","Conference paper","Final","","Scopus","2-s2.0-85069893729"
"Contreras-Ojeda, S.L.; Sierra-Pardo, C.; Dominguez-Jimenez, J.A.; López-Bueno, J.; Contreras-Ortiz, S.H.","Contreras-Ojeda, Sara L. (57215272837); Sierra-Pardo, C. (57215269923); Dominguez-Jimenez, J. A. (56682770100); López-Bueno, J. (57215285940); Contreras-Ortiz, Sonia H. (57210822856)","57215272837; 57215269923; 56682770100; 57215285940; 57210822856","Texture Analysis of Ultrasound Images for Pneumonia Detection in Pediatric Patients","2019","","","","8730238","","","0","13","10.1109/STSIVA.2019.8730238","https://www.scopus.com/inward/record.uri?eid=2-s2.0-85068092598&doi=10.1109%2FSTSIVA.2019.8730238&partnerID=40&md5=fedb2e0af2456e245a7aa0255a5e3f4a","Conference paper","Final","","Scopus","2-s2.0-85068092598"
"Guillen, J.E.I.; Contreras-Ortiz, S.H.","Guillen, Javier E.I. (57209541901); Contreras-Ortiz, Sonia H. (57210822856)","57209541901; 57210822856","Selection of a Stopping Criterion for Anisotropic Diffusion Filtering in Ultrasound Images","2019","","","","8730287","","","0","2","10.1109/STSIVA.2019.8730287","https://www.scopus.com/inward/record.uri?eid=2-s2.0-85068081454&doi=10.1109%2FSTSIVA.2019.8730287&partnerID=40&md5=90fd5ebdc22f2833a61619d182651292","Conference paper","Final","","Scopus","2-s2.0-85068081454"
"Castillo, M.; Rubio, F.; Porras, D.; Contreras-Ortiz, S.H.; Sepúlveda, A.","Castillo, Margareth (57209530567); Rubio, Felipe (57209536314); Porras, Dagoberto (57209535982); Contreras-Ortiz, Sonia H. (57210822856); Sepúlveda, Alexander (55340424500)","57209530567; 57209536314; 57209535982; 57210822856; 55340424500","A small vocabulary database of ultrasound image sequences of vocal tract dynamics","2019","","","","8730224","","","0","2","10.1109/STSIVA.2019.8730224","https://www.scopus.com/inward/record.uri?eid=2-s2.0-85068073792&doi=10.1109%2FSTSIVA.2019.8730224&partnerID=40&md5=aa05971ef830feb3c3466a8968a9bf47","Conference paper","Final","All Open Access; Green Accepted Open Access; Green Open Access","Scopus","2-s2.0-85068073792"
"Pineda, J.; Meza, J.; Barrios, E.; Romero, L.A.; Marrugo, A.G.","Pineda, Jesus (57192270016); Meza, Jhacson (57204065355); Barrios, Erik M. (57209542195); Romero, Lenny A. (36142156300); Marrugo, Andrés G. (24329839300)","57192270016; 57204065355; 57209542195; 36142156300; 24329839300","Noise-Robust Processing of Phase Dislocations using Combined Unwrapping and Sparse Inpainting with Dictionary Learning","2019","","","","8730228","","","0","0","10.1109/STSIVA.2019.8730228","https://www.scopus.com/inward/record.uri?eid=2-s2.0-85068049480&doi=10.1109%2FSTSIVA.2019.8730228&partnerID=40&md5=fe3a1ecced7aec43076d29f56b94a5c6","Conference paper","Final","","Scopus","2-s2.0-85068049480"
"Barrios, E.; Marrugo, A.G.; Millán, M.S.","Barrios, Erik M. (57209542195); Marrugo, Andrés G. (24329839300); Millán, María S. (7201466399)","57209542195; 24329839300; 7201466399","LRemoving Dust Artifacts in Retinal Images via Dictionary Learning and Sparse-Based Inpainting","2019","","","","8730253","","","0","3","10.1109/STSIVA.2019.8730253","https://www.scopus.com/inward/record.uri?eid=2-s2.0-85068035770&doi=10.1109%2FSTSIVA.2019.8730253&partnerID=40&md5=1386d796d5eee1b76a1a8616f35c5a52","Conference paper","Final","","Scopus","2-s2.0-85068035770"
"Mercado-Aguirre, I.M.; Gutiérrez-Ruiz, K.; Contreras-Ortiz, S.H.","Mercado-Aguirre, Isabela M. (57190165939); Gutiérrez-Ruiz, Karol Patricia (57192930752); Contreras-Ortiz, Sonia H. (57210822856)","57190165939; 57192930752; 57210822856","Acquisition and Analysis of Cognitive Evoked Potentials using an Emotiv Headset for ADHD Evaluation in Children","2019","","","","8730225","","","0","11","10.1109/STSIVA.2019.8730225","https://www.scopus.com/inward/record.uri?eid=2-s2.0-85068025888&doi=10.1109%2FSTSIVA.2019.8730225&partnerID=40&md5=1a2c6a557ff6026b9b8826a12e982187","Conference paper","Final","","Scopus","2-s2.0-85068025888"
"Ospina-Mateus, H.; Quintana-Jiménez, L.A.","Ospina-Mateus, Holman (57194034904); Quintana-Jiménez, Leonardo Augusto (57195939566)","57194034904; 57195939566","Understanding the impact of physical fatigue and postural comfort experienced during motorcycling: A systematic review","2019","Journal of Transport and Health","12","","","290","318","0","27","10.1016/j.jth.2019.02.003","https://www.scopus.com/inward/record.uri?eid=2-s2.0-85062007487&doi=10.1016%2Fj.jth.2019.02.003&partnerID=40&md5=2a77beb474d4131290657109bb07493f","Review","Final","","Scopus","2-s2.0-85062007487"
"Rigg, K.K.; McNeish, R.; Schadrac, D.; González, A.; Tran, Q.","Rigg, Khary K. (36183797800); McNeish, Roxann (47061677700); Schadrac, Daniel (57205513742); González, Alejandra (57205516296); Tran, Quynh (57204264520)","36183797800; 47061677700; 57205513742; 57205516296; 57204264520","Community needs of minority male youth living in inner-city Chicago","2019","Children and Youth Services Review","98","","","284","289","0","10","10.1016/j.childyouth.2019.01.011","https://www.scopus.com/inward/record.uri?eid=2-s2.0-85060344051&doi=10.1016%2Fj.childyouth.2019.01.011&partnerID=40&md5=998655e2a480fd0a6674dc14e5066201","Article","Final","","Scopus","2-s2.0-85060344051"
"Altamar-Mercado, H.; Patiño, A.; Marrugo, A.G.","Altamar-Mercado, Hernando (57203321995); Patiño, Alberto (57190688459); Marrugo, Andrés G. (24329839300)","57203321995; 57190688459; 24329839300","Robust 3D surface recovery by applying a focus criterion in white light scanning interference microscopy","2019","Applied Optics","58","5","","A101","A111","0","12","10.1364/AO.58.00A101","https://www.scopus.com/inward/record.uri?eid=2-s2.0-85061456342&doi=10.1364%2FAO.58.00A101&partnerID=40&md5=c34bf67dee9fd83f672b506ff506d62b","Article","Final","All Open Access; Green Accepted Open Access; Green Open Access","Scopus","2-s2.0-85061456342"
"Gutiérrez-Ruiz, K.; Delgado, A.R.; Prieto, G.","Gutiérrez-Ruiz, Karol Patricia (57192930752); Delgado, Ana R. (7201675953); Prieto, Gerardo (55543476000)","57192930752; 7201675953; 55543476000","Rasch Analysis of the Q-CHAT in Colombian Toddlers with Autism Spectrum Disorder","2019","Current Psychology","38","1","","116","120","0","9","10.1007/s12144-017-9596-6","https://www.scopus.com/inward/record.uri?eid=2-s2.0-85017138014&doi=10.1007%2Fs12144-017-9596-6&partnerID=40&md5=d0a41fcbdb8559bd6238a5fb81d8af4f","Article","Final","All Open Access; Bronze Open Access; Green Accepted Open Access; Green Open Access","Scopus","2-s2.0-85017138014"
"Dominguez-Jimenez, J.A.; Campillo, J.","Dominguez-Jimenez, J. A. (56682770100); Campillo, Javier E. (55609096600)","56682770100; 55609096600","IMPACT ANALYSIS FROM DRIVING PATTERNS AND ENVIRONMENTAL CONDITIONS ON THE OPERATIONAL RANGE OF ELECTRIC VEHICLES","2019","Energy Proceedings","4","","","","","4","0","10.46855/energy-proceedings-3742","https://www.scopus.com/inward/record.uri?eid=2-s2.0-85202600975&doi=10.46855%2Fenergy-proceedings-3742&partnerID=40&md5=c81c39d54eb0174712726886833a9224","Conference paper","Final","All Open Access; Gold Open Access","Scopus","2-s2.0-85202600975"
"Bernal-Buitrago, G.F.; Valderrama, J.A.; Monroy-Suárez, D.; Manrique, C.; Medina-Robles, V.M.","Bernal-Buitrago, Gerald F. (58153838500); Valderrama, Jeferson A. (58154261300); Monroy-Suárez, Daniela (58154410100); Manrique, Carlos Cohen (36909258600); Medina-Robles, Víctor Mauricio (14067791100)","58153838500; 58154261300; 58154410100; 36909258600; 14067791100","Genetic parameters for growth, carcass, quality and intramuscular spine traits in white blanca (Piaractus brachypomus); Parámetros genéticos para características de crecimiento, canal, calidad y espinas intramusculares en cachama blanca (Piaractus brachypomus)","2019","Revista U.D.C.A Actualidad and Divulgacion Cientifica","22","1","e1182","","","0","0","10.31910/rudca.v22.n1.2019.1182","https://www.scopus.com/inward/record.uri?eid=2-s2.0-85150741709&doi=10.31910%2Frudca.v22.n1.2019.1182&partnerID=40&md5=fb875c259299ff0b6d8e044373ad9dc2","Article","Final","All Open Access; Gold Open Access","Scopus","2-s2.0-85150741709"
"Boroli, T.J.; Barrera, E.S.; Fantin, A.V.; Benedet, M.E.; Albertazzi, A.; Willemann, D.P.","Boroli, Tiago J. (58117435000); Barrera, E. S. (57203306902); Fantin, Analucia Vieira (6701682062); Benedet, Mauro Eduardo (50461061200); Albertazzi, Armando G. (55665419400); Willemann, Daniel Pedro (6508237821)","58117435000; 57203306902; 6701682062; 50461061200; 55665419400; 6508237821","Numerical and Experimental Analysis for Inspection of Composite Wrapped Pipelines Using Shearography and FEM","2019","Rio Pipeline Conference and Exposition, Technical Papers","","","","","","9","0","","https://www.scopus.com/inward/record.uri?eid=2-s2.0-85148896386&partnerID=40&md5=db0d94565a75942d1ca49e5f5a965a7e","Conference paper","Final","","Scopus","2-s2.0-85148896386"
"Orrego, C.E.; Méndez, E.K.; Delahoz-Domínguez, E.","Orrego, C. E. (24338999200); Méndez, E. K. (57208867489); Delahoz-Domínguez, Enrique J. (57220073247)","24338999200; 57208867489; 57220073247","Evaluation of ultrasound by direct contact on convective drying of banana (Musa paradisiaca) slices using Principal Component Analysis and Response Surface Methodology","2019","","2019-November","","","","","0","0","","https://www.scopus.com/inward/record.uri?eid=2-s2.0-85095682485&partnerID=40&md5=d9e1fa0fcc6dca6db428171adf0a0681","Conference paper","Final","","Scopus","2-s2.0-85095682485"
"Díaz-Mendoza, C.; Sánchez, K.P.","Díaz-Mendoza, Claudia (55258973100); Sánchez, Katherine Prada (57217313694)","55258973100; 57217313694","Significant environmental learning through the implementation of an environmental education model. case study: Educational institution in Machado, Bolívar- Colombi; APRENDIZAJE AMBIENTAL SIGNIFICATIVO A TRAVÉS DE LA IMPLEMENTACIÓN DE UN MODELO DE EDUCACIÓN AMBIENTAL, ESTUDIO DE CASO: INSTITUCIÓN EDUCATIVA DE MACHADO BOLÍVAR - COLOMBIA: (Intervenciones educativas y sistematización de experiencias)","2019","Revista Luna Azul","","48","","156","171","0","0","10.17151/LUAZ.2019.48.9","https://www.scopus.com/inward/record.uri?eid=2-s2.0-85087046636&doi=10.17151%2FLUAZ.2019.48.9&partnerID=40&md5=0d0791b09f1a7b408dcb4c72281fb099","Article","Final","All Open Access; Gold Open Access","Scopus","2-s2.0-85087046636"
"Penã-Rodríguez, J.; Vásquez-Ramírez, A.; Sanabria-Gómez, J.D.; Núñez, L.A.; Sierra-Porta, D.; Asorey, H.","Penã-Rodríguez, Jésus (57110339100); Vásquez-Ramírez, Adriana (57204527427); Sanabria-Gómez, José David (57223208380); Núñez, L. A. (7102162793); Sierra-Porta, D. (57191333650); Asorey, Hernan G. (35276880300)","57110339100; 57204527427; 57223208380; 7102162793; 57191333650; 35276880300","Calibration and first measurements of MuTe: A hybrid muon telescope for geological structures","2019","Proceedings of Science","358","","","","","0","2","","https://www.scopus.com/inward/record.uri?eid=2-s2.0-85086261378&partnerID=40&md5=6b31cf66fe2195c67cfcaddc84f3e495","Conference paper","Final","","Scopus","2-s2.0-85086261378"
"Altamar-Mercado, H.; Patiño, A.; Marrugo, A.G.","Altamar-Mercado, Hernando (57203321995); Patiño, Alberto (57190688459); Marrugo, Andrés G. (24329839300)","57203321995; 57190688459; 24329839300","Extended focused image in white light scanning interference microscopy","2019","","Part F157-ISA 2019","","","","","0","0","10.1364/ISA.2019.ITh1C.3","https://www.scopus.com/inward/record.uri?eid=2-s2.0-85085653079&doi=10.1364%2FISA.2019.ITh1C.3&partnerID=40&md5=2d9e903255e3c7fcef2e251d4280736e","Conference paper","Final","","Scopus","2-s2.0-85085653079"
"Baltar-Moreno, A.","Baltar-Moreno, Adolfo (57216868622)","57216868622","Fotografía en América Latina. Imágenes e Identidades a Través del Tiempo y el Espacio.","2019","Chungara","51","4","02302","711","714","0","0","10.4067/S0717-73562019005002302","https://www.scopus.com/inward/record.uri?eid=2-s2.0-85082762563&doi=10.4067%2FS0717-73562019005002302&partnerID=40&md5=d0c464e22c64e5e65a26ab7a636ae72f","Article","Final","All Open Access; Gold Open Access; Green Accepted Open Access; Green Open Access","Scopus","2-s2.0-85082762563"
"Fajardo Cuadro, J.; Buelvas, A.; Valle, H.","Fajardo Cuadro, Juan Gabriel (56581610900); Buelvas, Ana Medina (57207884321); Valle, H. (57207878802)","56581610900; 57207884321; 57207878802","Conventional and advanced exergoeconomic analysis in a nitric acid production plant","2019","","6","","","","","0","3","10.1115/IMECE2019-10642","https://www.scopus.com/inward/record.uri?eid=2-s2.0-85078703493&doi=10.1115%2FIMECE2019-10642&partnerID=40&md5=7f288dc68b99b64f24488860c5b0d813","Conference paper","Final","","Scopus","2-s2.0-85078703493"
"Barreto, D.; Fajardo Cuadro, J.; Campillo, J.","Barreto, Deibys (57190756815); Fajardo Cuadro, Juan Gabriel (56581610900); Campillo, Javier E. (55609096600)","57190756815; 56581610900; 55609096600","Determination of the optimal range of the compressor inlet air temperature in a power plant with stig cycle through of advanced exergetic analysis","2019","","6","","","","","0","1","10.1115/IMECE2019-10410","https://www.scopus.com/inward/record.uri?eid=2-s2.0-85078695124&doi=10.1115%2FIMECE2019-10410&partnerID=40&md5=a8db72733a9de54d0db60678345fd3ec","Conference paper","Final","","Scopus","2-s2.0-85078695124"
"Vázquez-Miraz, P.","Vázquez-Miraz, Pedro (57196040759)","57196040759","Positioning and status of the Spanish numismatic journals in scientific databases; Posicionamiento y estado de las revistas numismÁticas EspaÑolas en bases de datos cientÍficas","2019","Revista Numismatica Hecate","","6","","236","246","0","1","","https://www.scopus.com/inward/record.uri?eid=2-s2.0-85078122466&partnerID=40&md5=b2fddba60592c1d0a3f0f6ee07a0d3f9","Review","Final","","Scopus","2-s2.0-85078122466"
"Acevedo, J.M.","Acevedo, Jeovanny Muentes (57350116000)","57350116000","Local stable and unstable manifolds for anosov families","2019","Hokkaido Mathematical Journal","48","3","","513","535","0","3","10.14492/hokmj/1573722016","https://www.scopus.com/inward/record.uri?eid=2-s2.0-85077586773&doi=10.14492%2Fhokmj%2F1573722016&partnerID=40&md5=9bcaa41410e3d62c092a7365b030af41","Article","Final","","Scopus","2-s2.0-85077586773"
"Del Rio Cortina, J.; Arias, C.R.; Espitia, N.L.; Arbeláez, D.C.","Del Rio Cortina, Jorge Luis (57197807415); Arias, Carlos Rodríguez (57212673645); Espitia, Naomi López (57212674247); Arbeláez, Diego Cardona (57212678227)","57197807415; 57212673645; 57212674247; 57212678227","Prospective and territorial development in island areas: Empirical evidence from Bocachica-Colombia","2019","Problems and Perspectives in Management","17","4","","176","189","0","2","10.21511/ppm.17(4).2019.15","https://www.scopus.com/inward/record.uri?eid=2-s2.0-85077307455&doi=10.21511%2Fppm.17%284%29.2019.15&partnerID=40&md5=57b6e499bb5392042c70fb2f4ad62560","Article","Final","All Open Access; Gold Open Access","Scopus","2-s2.0-85077307455"
"Barrera, E.S.; Fantin, A.V.; Willemann, D.P.; Benedet, M.E.; Albertazzi, A.","Barrera, E. S. (57203306902); Fantin, Analucia Vieira (6701682062); Willemann, Daniel Pedro (6508237821); Benedet, Mauro Eduardo (50461061200); Albertazzi, Armando G. (55665419400)","57203306902; 6701682062; 6508237821; 50461061200; 55665419400","A robust integration algorithm for out-of-plane displacement field measurements applied to multiple images of shearography","2019","Proceedings of SPIE - The International Society for Optical Engineering","11056","","110560H","","","0","1","10.1117/12.2526103","https://www.scopus.com/inward/record.uri?eid=2-s2.0-85076683891&doi=10.1117%2F12.2526103&partnerID=40&md5=efac34c47cc0245e60b07409db237b37","Conference paper","Final","","Scopus","2-s2.0-85076683891"
"de Oliveira, B.C.F.; Fröhlich, H.B.; Barrera, E.S.; Baldo, C.R.; Albertazzi, A.; Schmitt, R.","de Oliveira, Bernardo Cassimiro Fonseca (57193826188); Fröhlich, Herberth Birck (57204649296); Barrera, E. S. (57203306902); Baldo, Crhistian Raffaelo (23966381100); Albertazzi, Armando G. (55665419400); Schmitt, Robert H. (55418282900)","57193826188; 57204649296; 57203306902; 23966381100; 55665419400; 55418282900","Impact damage characterization in CFRP plates using PCA and MEEMD decomposition methods in optical lock-in thermography phase images","2019","Proceedings of SPIE - The International Society for Optical Engineering","11056","","110562N","","","0","5","10.1117/12.2526357","https://www.scopus.com/inward/record.uri?eid=2-s2.0-85076680214&doi=10.1117%2F12.2526357&partnerID=40&md5=2db42de29b260e6b4e045320b662bb6f","Conference paper","Final","","Scopus","2-s2.0-85076680214"
"Bortoli, T.; Fantin, A.V.; Barrera, E.S.; Benedet, M.E.; Willemann, D.P.; Albertazzi, A.","Bortoli, Tiago (57212452326); Fantin, Analucia Vieira (6701682062); Barrera, E. S. (57203306902); Benedet, Mauro Eduardo (50461061200); Willemann, Daniel Pedro (6508237821); Albertazzi, Armando G. (55665419400)","57212452326; 6701682062; 57203306902; 50461061200; 6508237821; 55665419400","Diameter quantification of through holes in pipelines hidden by protective layers of composite materials using instantaneous shearography simultaneously in three shearing directions","2019","Proceedings of SPIE - The International Society for Optical Engineering","11056","","1105621","","","0","1","10.1117/12.2527165","https://www.scopus.com/inward/record.uri?eid=2-s2.0-85076675496&doi=10.1117%2F12.2527165&partnerID=40&md5=66aae585185aac59bfe272a83b2432e0","Conference paper","Final","","Scopus","2-s2.0-85076675496"
"Montoya Giraldo, O.D.; Grisales-Noreña, L.F.; Amin, W.T.; Rojas, L.A.; Campillo, J.","Montoya Giraldo, Oscar Danilo (56919564100); Grisales-Noreña, Luis Fernando (55791991200); Amin, William Tadeo (57210212368); Rojas, Luis Alejandro (57214478029); Campillo, Javier E. (55609096600)","56919564100; 55791991200; 57210212368; 57214478029; 55609096600","Vortex Search Algorithm for Optimal Sizing of Distributed Generators in AC Distribution Networks with Radial Topology","2019","Communications in Computer and Information Science","1052","","","235","249","0","10","10.1007/978-3-030-31019-6_21","https://www.scopus.com/inward/record.uri?eid=2-s2.0-85075700587&doi=10.1007%2F978-3-030-31019-6_21&partnerID=40&md5=23aacec360401ffa9d7b25bdac3d8a12","Conference paper","Final","","Scopus","2-s2.0-85075700587"
"Ospina-Mateus, H.; Quintana-Jiménez, L.A.; Lopez-Valdes, F.J.; Morales-Londoño, N.; Salas-Navarro, K.","Ospina-Mateus, Holman (57194034904); Quintana-Jiménez, Leonardo Augusto (57195939566); Lopez-Valdes, Francisco J. (23110963500); Morales-Londoño, Natalie (57195913974); Salas-Navarro, Katherinne (57193504630)","57194034904; 57195939566; 23110963500; 57195913974; 57193504630","Using Data-Mining Techniques for the Prediction of the Severity of Road Crashes in Cartagena, Colombia","2019","Communications in Computer and Information Science","1052","","","309","320","0","7","10.1007/978-3-030-31019-6_27","https://www.scopus.com/inward/record.uri?eid=2-s2.0-85075691310&doi=10.1007%2F978-3-030-31019-6_27&partnerID=40&md5=90df4828a0651ca33721c8715615ce1f","Conference paper","Final","","Scopus","2-s2.0-85075691310"
"Dominguez-Jimenez, J.A.; Campo-Landines, K.C.; Contreras-Ortiz, S.H.","Dominguez-Jimenez, J. A. (56682770100); Campo-Landines, Kiara Coralia (57205565967); Contreras-Ortiz, Sonia H. (57210822856)","56682770100; 57205565967; 57210822856","A Methodology for Driving Behavior Recognition in Simulated Scenarios Using Biosignals","2019","Communications in Computer and Information Science","1052","","","357","367","0","1","10.1007/978-3-030-31019-6_31","https://www.scopus.com/inward/record.uri?eid=2-s2.0-85075688427&doi=10.1007%2F978-3-030-31019-6_31&partnerID=40&md5=b0bba36419f210590a7dfdcd385bf35f","Conference paper","Final","","Scopus","2-s2.0-85075688427"
"Sabalza-Mejia, M.; Magre, L.A.; Delgado, I.; Martinez-Santos, J.C.","Sabalza-Mejia, Maryori (57212001418); Magre, Luz Alejandra (56682785300); Delgado, Ivan Baños (57212004586); Martinez-Santos, Juan Carlos (26325154200)","57212001418; 56682785300; 57212004586; 26325154200","From a Home-Area-Network to a Secure Internet of Things Application","2019","Communications in Computer and Information Science","1052","","","475","486","0","0","10.1007/978-3-030-31019-6_40","https://www.scopus.com/inward/record.uri?eid=2-s2.0-85075681794&doi=10.1007%2F978-3-030-31019-6_40&partnerID=40&md5=1060a3200d8c57a85dbf056dada74e77","Conference paper","Final","","Scopus","2-s2.0-85075681794"
"Manrique, M.L.; Montoya Giraldo, O.D.; Garrido, V.M.; Grisales-Noreña, L.F.; Gil-González, W.","Manrique, María Lourdes (57212008879); Montoya Giraldo, Oscar Danilo (56919564100); Garrido, Victor M. (57212456661); Grisales-Noreña, Luis Fernando (55791991200); Gil-González, Walter Julian (57191493648)","57212008879; 56919564100; 57212456661; 55791991200; 57191493648","Sine-Cosine Algorithm for OPF Analysis in Distribution Systems to Size Distributed Generators","2019","Communications in Computer and Information Science","1052","","","28","39","0","12","10.1007/978-3-030-31019-6_3","https://www.scopus.com/inward/record.uri?eid=2-s2.0-85075672718&doi=10.1007%2F978-3-030-31019-6_3&partnerID=40&md5=c4f893f90e1a8921332e4ad54ae2de5f","Conference paper","Final","","Scopus","2-s2.0-85075672718"
"Rojas, L.A.; Montoya Giraldo, O.D.; Campillo, J.","Rojas, Luis Alejandro (57214478029); Montoya Giraldo, Oscar Danilo (56919564100); Campillo, Javier E. (55609096600)","57214478029; 56919564100; 55609096600","Analysis of Power Losses in Electric Distribution System Using a MATLAB-Based Graphical User Interface (GUI)","2019","Communications in Computer and Information Science","1052","","","565","576","0","0","10.1007/978-3-030-31019-6_47","https://www.scopus.com/inward/record.uri?eid=2-s2.0-85075663771&doi=10.1007%2F978-3-030-31019-6_47&partnerID=40&md5=b010404ef5e740ce18ffad355fddd4cf","Conference paper","Final","","Scopus","2-s2.0-85075663771"
"Rueda, L.E.; Duque, J.; Vanegas, E.; Gomez, E.","Rueda, Luis Eduardo (57212006730); Duque, Jorge Eliecer (57205658483); Vanegas, Enrique (57212003026); Gomez, Eduardo (57212006168)","57212006730; 57205658483; 57212003026; 57212006168","Computation of Electromagnetic Fields for 220 kV Power Line in Cartagena de Indias","2019","Communications in Computer and Information Science","1052","","","616","627","0","0","10.1007/978-3-030-31019-6_52","https://www.scopus.com/inward/record.uri?eid=2-s2.0-85075645695&doi=10.1007%2F978-3-030-31019-6_52&partnerID=40&md5=96952ff417fa8cba0933266357e25292","Conference paper","Final","","Scopus","2-s2.0-85075645695"
"de Leon, V.; Alcazar, Y.; Villa, J.L.","de Leon, Victor (57212008502); Alcazar, Yira (57212005233); Villa, J. L. (7005142049)","57212008502; 57212005233; 7005142049","Use of Edge Computing for Predictive Maintenance of Industrial Electric Motors","2019","Communications in Computer and Information Science","1052","","","523","533","0","8","10.1007/978-3-030-31019-6_44","https://www.scopus.com/inward/record.uri?eid=2-s2.0-85075644036&doi=10.1007%2F978-3-030-31019-6_44&partnerID=40&md5=0cef835ec920ed8b353eaa97696b43b8","Conference paper","Final","","Scopus","2-s2.0-85075644036"
"Amin, W.T.; Montoya Giraldo, O.D.; Grisales-Noreña, L.F.","Amin, William Tadeo (57210212368); Montoya Giraldo, Oscar Danilo (56919564100); Grisales-Noreña, Luis Fernando (55791991200)","57210212368; 56919564100; 55791991200","Determination of the Voltage Stability Index in DC Networks with CPLs: A GAMS Implementation","2019","Communications in Computer and Information Science","1052","","","552","564","0","6","10.1007/978-3-030-31019-6_46","https://www.scopus.com/inward/record.uri?eid=2-s2.0-85075642857&doi=10.1007%2F978-3-030-31019-6_46&partnerID=40&md5=7571abc1a75a0bbb93ed3b53f83bae95","Conference paper","Final","","Scopus","2-s2.0-85075642857"
"Gomez, D.; Viloria-Nuñez, C.; Llerena, S.; Tinoco, N.","Gomez, Diego (57213640584); Viloria-Nuñez, Cesar (35788581800); Llerena, Steven (57211989977); Tinoco, Nel (57211987673)","57213640584; 35788581800; 57211989977; 57211987673","IoT cargo weight tracking system for supply chains","2019","Lecture Notes in Computer Science","11756 LNCS","","","365","379","0","3","10.1007/978-3-030-31140-7_23","https://www.scopus.com/inward/record.uri?eid=2-s2.0-85075592947&doi=10.1007%2F978-3-030-31140-7_23&partnerID=40&md5=5ee44adab6da4e2eabb24ceda430c29f","Conference paper","Final","","Scopus","2-s2.0-85075592947"
"Giraldo, J.A.; Duque, J.; Duarte-Forero, J.D.","Giraldo, Jorge A. (57211584296); Duque, Jovany (57211574348); Duarte-Forero, Jorge Eliécer (57222562597)","57211584296; 57211574348; 57222562597","Development of a tool for automatic generation of GRAFCET control code using arduino IDE","2019","International Review of Automatic Control","12","4","","210","218","0","0","10.15866/ireaco.v12i4.17562","https://www.scopus.com/inward/record.uri?eid=2-s2.0-85074459528&doi=10.15866%2Fireaco.v12i4.17562&partnerID=40&md5=1db0d3b6c1789b29930a90a09526038b","Article","Final","","Scopus","2-s2.0-85074459528"
"Delahoz-Domínguez, E.; Mendoza-Brand, S.; Herrera, T.","Delahoz-Domínguez, Enrique J. (57220073247); Mendoza-Brand, Silvana (57211475213); Herrera, Tomás José Fontalvo (54993936500)","57220073247; 57211475213; 54993936500","A machine learning model to predict missing people status","2019","","","","","1160","1166","0","1","","https://www.scopus.com/inward/record.uri?eid=2-s2.0-85074112348&partnerID=40&md5=efdfa4c76d0cdfadcac9bbd402ed6a45","Conference paper","Final","","Scopus","2-s2.0-85074112348"
"Delahoz-Domínguez, E.; Guillen-Ibarra, S.; Herrera, T.","Delahoz-Domínguez, Enrique J. (57220073247); Guillen-Ibarra, Sergio (57211466509); Herrera, Tomás José Fontalvo (54993936500)","57220073247; 57211466509; 54993936500","Quality assurance in higher education through accreditation: The impact on national standardized tests in Colombia","2019","","","","","4189","4197","0","0","","https://www.scopus.com/inward/record.uri?eid=2-s2.0-85074099479&partnerID=40&md5=25cb5f19305efbe502bd8c5e0db27a64","Conference paper","Final","","Scopus","2-s2.0-85074099479"
"Ismael, C.E.; Raúl, P.","Ismael, Cárdenas E. (57211356988); Raúl, Padrón C. (57211351906)","57211356988; 57211351906","Project management Tools and Techniques (T&T) usage in building sector companies in Cartagena City, T.C.D..","2019","Proceedings of the LACCEI international Multi-conference for Engineering, Education and Technology","2019-July","","","","","0","2","10.18687/LACCEI2019.1.1.153","https://www.scopus.com/inward/record.uri?eid=2-s2.0-85073624027&doi=10.18687%2FLACCEI2019.1.1.153&partnerID=40&md5=4014234bfe4483bfb2b03a90e8b82ba8","Conference paper","Final","All Open Access; Bronze Open Access","Scopus","2-s2.0-85073624027"
"de Los Rios, V.C.; Villa, J.L.","de Los Rios, Vivian Cera (57211357046); Villa, J. L. (7005142049)","57211357046; 7005142049","Analysis of the management of science, technology and innovation projects under the PMI principles; Análisis de la Gestión de proyectos de Ciencia, Tecnología e Innovación bajo los Principios del PMI","2019","Proceedings of the LACCEI international Multi-conference for Engineering, Education and Technology","2019-July","","","","","0","2","10.18687/LACCEI2019.1.1.175","https://www.scopus.com/inward/record.uri?eid=2-s2.0-85073616766&doi=10.18687%2FLACCEI2019.1.1.175&partnerID=40&md5=5a0b03137715697f0ef1022d167cc029","Conference paper","Final","All Open Access; Bronze Open Access","Scopus","2-s2.0-85073616766"
"de Anais Suarez, Y.A.T.; Valencia, J.L.T.","de Anais Suarez, Yair Alexander Teheran (57211351267); Valencia, Janneth Lorena Torres (57211346762)","57211351267; 57211346762","Design of a model of evaluation and measurement of organizational maturity in project management and application to companies of Colombian´s shipowners; Diseño de un modelo de evaluación y medición de la madurez organizacional en gestión de proyectos y aplicación a compañías de armadores de Colombia","2019","Proceedings of the LACCEI international Multi-conference for Engineering, Education and Technology","2019-July","","","","","0","0","10.18687/LACCEI2019.1.1.385","https://www.scopus.com/inward/record.uri?eid=2-s2.0-85073603480&doi=10.18687%2FLACCEI2019.1.1.385&partnerID=40&md5=0e6432470c4f273d136ede29c87e20e0","Conference paper","Final","All Open Access; Bronze Open Access","Scopus","2-s2.0-85073603480"
"González-Campo, M.J.; Serrano, J.E.; Martinez-Santos, J.C.","González-Campo, María José (57220072394); Serrano, Jairo E. (57220927199); Martinez-Santos, Juan Carlos (26325154200)","57220072394; 57220927199; 26325154200","A proposal for an air quality monitoring system for Cartagena de Indias","2019","Proceedings of the LACCEI international Multi-conference for Engineering, Education and Technology","2019-July","","","","","0","1","10.18687/LACCEI2019.1.1.280","https://www.scopus.com/inward/record.uri?eid=2-s2.0-85073601552&doi=10.18687%2FLACCEI2019.1.1.280&partnerID=40&md5=766b3a499293b3fffdd8a739a97dafdb","Conference paper","Final","All Open Access; Bronze Open Access","Scopus","2-s2.0-85073601552"
"Camargo, L.C.A.; Villegas, E.G.; Gomez, L.M.","Camargo, Luis Carlos Arraut (57211347444); Villegas, Estivenson Gómez (57211348461); Gomez, Lidia Meza (57211349618)","57211347444; 57211348461; 57211349618","Reverse innovation model: A proposal for the Colombian context; Modelo de innovación inversa: Una propuesta para el contexto Colombiano","2019","Proceedings of the LACCEI international Multi-conference for Engineering, Education and Technology","2019-July","","","","","0","1","10.18687/LACCEI2019.1.1.330","https://www.scopus.com/inward/record.uri?eid=2-s2.0-85073599540&doi=10.18687%2FLACCEI2019.1.1.330&partnerID=40&md5=990bb8b109c5b054e2b230430aa05af7","Conference paper","Final","All Open Access; Bronze Open Access","Scopus","2-s2.0-85073599540"
"Vázquez-Miraz, P.","Vázquez-Miraz, Pedro (57196040759)","57196040759","The early retirement of newscasts women presenters in Colombia and Spain: The repudiation of female old age; El temprano retiro de las presentadoras de telediarios en Colombia y España: El repudio a la vejez femenina","2019","Estudios Sobre el Mensaje Periodistico","25","2","","1171","1189","0","2","10.5209/esmp.64832","https://www.scopus.com/inward/record.uri?eid=2-s2.0-85073538331&doi=10.5209%2Fesmp.64832&partnerID=40&md5=d21bdd7829150185431def540de78fca","Article","Final","All Open Access; Gold Open Access","Scopus","2-s2.0-85073538331"
"de León, C.; Manrique, C.; Martínez-Sarmiento, R.; Martínez Rocha, J.F.","de León, C. (57211320077); Manrique, Carlos Cohen (36909258600); Martínez-Sarmiento, Rodrigo Alfredo (55485071100); Martínez Rocha, Juan Felipe (55177608700)","57211320077; 36909258600; 55485071100; 55177608700","Genomic association study for adaptability traits in four colombian cattle breeds","2019","Genetics and Molecular Research","18","3","gmr18373","","","0","20","10.4238/gmr18373","https://www.scopus.com/inward/record.uri?eid=2-s2.0-85073442553&doi=10.4238%2Fgmr18373&partnerID=40&md5=0174e1f5c771acaac6d5da17f94f2a28","Article","Final","","Scopus","2-s2.0-85073442553"
"Granadillo, D.; Morales, Y.; Benjumea, E.; Torres Moreno, C.","Granadillo, Diannys (57211251440); Morales, Yaileth J. (55513639000); Benjumea, Eberto (57195681584); Torres Moreno, Cesar Orlando (55793189473)","57211251440; 55513639000; 57195681584; 55793189473","Processing Thermographic Images for the Pre Diagnosis of Breast Cancer","2019","Lecture Notes in Computational Vision and Biomechanics","34","","","375","387","0","0","10.1007/978-3-030-32040-9_39","https://www.scopus.com/inward/record.uri?eid=2-s2.0-85073161136&doi=10.1007%2F978-3-030-32040-9_39&partnerID=40&md5=30e83bf4a752432c31903dade71e68c9","Book chapter","Final","","Scopus","2-s2.0-85073161136"
"Espinosa-Espinosa, A.E.; Martos, L.P.","Espinosa-Espinosa, Aarón (57211108028); Martos, Luís Palma (59157946800)","57211108028; 59157946800","Cultural participation in the main Colombian cities, 2008-2015","2019","Scientific Annals of Economics and Business","66","Specialissue","","37","58","0","4","10.47743/saeb-2019-0021","https://www.scopus.com/inward/record.uri?eid=2-s2.0-85072680929&doi=10.47743%2Fsaeb-2019-0021&partnerID=40&md5=dd57f25926ab8d46494358d3f5bfdcd7","Article","Final","All Open Access; Gold Open Access","Scopus","2-s2.0-85072680929"
"Sierra, E.; Barrios, E.; Marrugo, A.G.; Millán, M.S.","Sierra, Enrique (56682678200); Barrios, Erik M. (57209542195); Marrugo, Andrés G. (24329839300); Millán, María S. (7201466399)","56682678200; 57209542195; 24329839300; 7201466399","Robust detection and removal of dust artifacts in retinal images via dictionary learning and sparse-based inpainting","2019","Proceedings of SPIE - The International Society for Optical Engineering","10995","","109950L","","","0","0","10.1117/12.2519053","https://www.scopus.com/inward/record.uri?eid=2-s2.0-85072595580&doi=10.1117%2F12.2519053&partnerID=40&md5=0c75c34d63d4ea30bffda63bb378a2f6","Conference paper","Final","","Scopus","2-s2.0-85072595580"
"Marrugo, A.G.; Romero, L.A.; Pineda, J.; Vargas, R.; Altamar-Mercado, H.; Marrugo, J.; Meneses, J.","Marrugo, Andrés G. (24329839300); Romero, Lenny A. (36142156300); Pineda, Jesus (57192270016); Vargas, Raúl (57117284600); Altamar-Mercado, Hernando (57203321995); Marrugo, Javier A. (6507678324); Meneses, Jaime Enrique (7004348301)","24329839300; 36142156300; 57192270016; 57117284600; 57203321995; 6507678324; 7004348301","Toward an automatic 3D measurement of skin wheals from skin prick tests","2019","Proceedings of SPIE - The International Society for Optical Engineering","10991","","1099104","","","0","3","10.1117/12.2519034","https://www.scopus.com/inward/record.uri?eid=2-s2.0-85072573302&doi=10.1117%2F12.2519034&partnerID=40&md5=34bc707a32080d426f1383360add59aa","Conference paper","Final","","Scopus","2-s2.0-85072573302"
"Vargas, R.; Marrugo, A.G.; Pineda, J.; Romero, L.A.","Vargas, Raúl (57117284600); Marrugo, Andrés G. (24329839300); Pineda, Jesus (57192270016); Romero, Lenny A. (36142156300)","57117284600; 24329839300; 57192270016; 36142156300","A flexible and simplified calibration procedure for fringe projection profilometry","2019","Proceedings of SPIE - The International Society for Optical Engineering","11057","","110571R","","","0","4","10.1117/12.2527607","https://www.scopus.com/inward/record.uri?eid=2-s2.0-85072571081&doi=10.1117%2F12.2527607&partnerID=40&md5=0c93940b69daa114a78bf404c7e5af6f","Conference paper","Final","","Scopus","2-s2.0-85072571081"
"Marrugo, A.G.; Romero, L.A.; Meneses, J.","Marrugo, Andrés G. (24329839300); Romero, Lenny A. (36142156300); Meneses, Jaime Enrique (7004348301)","24329839300; 36142156300; 7004348301","Wide-field 3D imaging with an LED pattern projector for accurate skin feature measurements via Fourier transform profilometry","2019","Proceedings of SPIE - The International Society for Optical Engineering","10991","","1099102","","","0","1","10.1117/12.2518649","https://www.scopus.com/inward/record.uri?eid=2-s2.0-85072556655&doi=10.1117%2F12.2518649&partnerID=40&md5=a9d0533b237a2f674e97d8d17df22709","Conference paper","Final","","Scopus","2-s2.0-85072556655"
"Moreno-Sandoval, L.G.; Puertas, E.; Plaza-del-Arco, F.M.; Pomares-Quimbaya, A.; Alvarado Valencia, J.A.; Alfonso Ureña-López, L.","Moreno-Sandoval, Luis Gabriel (57194828933); Puertas, Edwin (57202285682); Plaza-del-Arco, Flor Miriam (57191078469); Pomares-Quimbaya, Alexandra (24832026300); Alvarado Valencia, Jorge Andrés (57211415779); Alfonso Ureña-López, L. (56986551200)","57194828933; 57202285682; 57191078469; 24832026300; 57211415779; 56986551200","Celebrity profiling on twitter using sociolinguistic features notebook for PAN at CLEF 2019","2019","CEUR Workshop Proceedings","2380","","","","","0","2","","https://www.scopus.com/inward/record.uri?eid=2-s2.0-85070517749&partnerID=40&md5=fa41968a27e8ebc57402aac5c3de64c1","Conference paper","Final","","Scopus","2-s2.0-85070517749"
"Puertas, E.; Moreno-Sandoval, L.G.; Plaza-del-Arco, F.M.; Alvarado Valencia, J.A.; Pomares-Quimbaya, A.; Alfonso Ureña-López, L.","Puertas, Edwin (57202285682); Moreno-Sandoval, Luis Gabriel (57194828933); Plaza-del-Arco, Flor Miriam (57191078469); Alvarado Valencia, Jorge Andrés (57211415779); Pomares-Quimbaya, Alexandra (24832026300); Alfonso Ureña-López, L. (56986551200)","57202285682; 57194828933; 57191078469; 57211415779; 24832026300; 56986551200","Bots and gender profiling on twitter using sociolinguistic features notebook for PAN at CLEF 2019","2019","CEUR Workshop Proceedings","2380","","","","","0","4","","https://www.scopus.com/inward/record.uri?eid=2-s2.0-85070510020&partnerID=40&md5=fcc69ef587023e644e71d9b5f6e5be01","Conference paper","Final","","Scopus","2-s2.0-85070510020"
"Marrugo-Arnedo, C.A.; Arrieta-Arrieta, A.; Herrera-Malambo, D.; Díaz-Vargas, L.C.; Perez-Yepes, C.; Dueñas-Castell, C.; Flórez-Tanus, A.; de la Rosa, F.G.; Alvear-Pájaro, R.; Alvis-Guzman, N.","Marrugo-Arnedo, Carlos Alberto (57189036878); Arrieta-Arrieta, Alí (57210122370); Herrera-Malambo, Diego Ernesto (57193391253); Díaz-Vargas, Lizeth Carolina (57210117681); Perez-Yepes, Carlos Alberto (55782941200); Dueñas-Castell, Carmelo Rafael (23004158800); Flórez-Tanus, Álvaro (57193789063); de la Rosa, Fernando Gómez (57209179998); Alvear-Pájaro, Rafael (57210110786); Alvis-Guzman, Nelson Rafael (57210741239)","57189036878; 57210122370; 57193391253; 57210117681; 55782941200; 23004158800; 57193789063; 57209179998; 57210110786; 57210741239","Determinants of prolonged stay of neonates in intensive care unit; Determinantes de estadia prolongada de neonatos em uma unidade de cuidados intensivos; Determinantes de estancia prolongada de neonatos en una unidad de cuidados intensivos","2019","Revista Ciencias de la Salud","17","2","","259","275","0","2","10.12804/revistas.urosario.edu.co/revsalud/a.7928","https://www.scopus.com/inward/record.uri?eid=2-s2.0-85069449013&doi=10.12804%2Frevistas.urosario.edu.co%2Frevsalud%2Fa.7928&partnerID=40&md5=628ec6fd61eedcc7a2ef014116432123","Article","Final","All Open Access; Gold Open Access; Green Accepted Open Access; Green Open Access","Scopus","2-s2.0-85069449013"
"Reyes, N.; Benedetti, I.; Rebollo-Pérez, J.; Correa-Jiménez, O.; Geliebter, J.","Reyes, Niradiz (22942253700); Benedetti, Ines (56082816400); Rebollo-Pérez, Juan Alberto (58619330000); Correa-Jiménez, Oscar (57184263100); Geliebter, Jan (7003696415)","22942253700; 56082816400; 58619330000; 57184263100; 7003696415","Atypical chemokine receptor CCRL2 is overexpressed in prostate cancer cells","2019","Journal of Biomedical Research","33","1","","17","23","0","17","10.7555/JBR.32.20170057","https://www.scopus.com/inward/record.uri?eid=2-s2.0-85067428403&doi=10.7555%2FJBR.32.20170057&partnerID=40&md5=1559a2233c7fdded803fab9321f2a465","Article","Final","All Open Access; Green Accepted Open Access; Green Open Access; Hybrid Gold Open Access","Scopus","2-s2.0-85067428403"
"Sanchez-Hernandez, S.; Aguilar, A.A.; Romero, H.J.; Morales, A.D.","Sanchez-Hernandez, Sergio A. (57220070743); Aguilar, A. A. (57209241492); Romero, Henrique J. (57209262629); Morales, Alex D. (59454679600)","57220070743; 57209241492; 57209262629; 59454679600","Development of a prototype of an electronic module that allows to calculate the frequency of spawning in laying hens","2019","IOP Conference Series: Materials Science and Engineering","519","1","012011","","","0","0","10.1088/1757-899X/519/1/012011","https://www.scopus.com/inward/record.uri?eid=2-s2.0-85067047720&doi=10.1088%2F1757-899X%2F519%2F1%2F012011&partnerID=40&md5=cc3a8cb32f7f725259fb65f879abbb17","Conference paper","Final","All Open Access; Gold Open Access","Scopus","2-s2.0-85067047720"
"Rojas, L.A.; Molina-Cardenas, M.; Caballero, E.; Rojas, C.; Patiño, A.","Rojas, Luis Alejandro (57214478029); Molina-Cardenas, M. (57209255267); Caballero, E. (57209242220); Rojas, C. (57213283630); Patiño, Alberto (57190688459)","57214478029; 57209255267; 57209242220; 57213283630; 57190688459","Modeling of dynamic mass coupled system with Runge-Kutta fourth order","2019","IOP Conference Series: Materials Science and Engineering","519","1","012009","","","0","1","10.1088/1757-899X/519/1/012009","https://www.scopus.com/inward/record.uri?eid=2-s2.0-85067041904&doi=10.1088%2F1757-899X%2F519%2F1%2F012009&partnerID=40&md5=5a1993a92cebef0312f4b1ba2289a915","Conference paper","Final","All Open Access; Gold Open Access","Scopus","2-s2.0-85067041904"
"Velasquez, O.S.; Montoya Giraldo, O.D.; Garrido, V.M.; Grisales-Noreña, L.F.","Velasquez, Orfilio Sebastian (57209250499); Montoya Giraldo, Oscar Danilo (56919564100); Garrido, Victor M. (57212456661); Grisales-Noreña, Luis Fernando (55791991200)","57209250499; 56919564100; 57212456661; 55791991200","Optimal power flow in direct-current power grids via black hole optimization","2019","Advances in Electrical and Electronic Engineering","17","1","","24","32","0","37","10.15598/aeee.v17i1.3069","https://www.scopus.com/inward/record.uri?eid=2-s2.0-85067041743&doi=10.15598%2Faeee.v17i1.3069&partnerID=40&md5=f5105a63f83e4b33c977ac8ba7b43467","Article","Final","All Open Access; Gold Open Access; Green Accepted Open Access; Green Open Access","Scopus","2-s2.0-85067041743"
"Martínez-Trespalacios, J.A.; Arrieta, O.E.W.","Martínez-Trespalacios, J. A. (57218161727); Arrieta, O. E.W. (57209248085)","57218161727; 57209248085","Element Free Galerkin (EFG) sensitivity study in structural analysis","2019","IOP Conference Series: Materials Science and Engineering","519","1","012004","","","0","1","10.1088/1757-899X/519/1/012004","https://www.scopus.com/inward/record.uri?eid=2-s2.0-85067023523&doi=10.1088%2F1757-899X%2F519%2F1%2F012004&partnerID=40&md5=929b381fb3f9be2ec15cffaa564cde8f","Conference paper","Final","All Open Access; Gold Open Access","Scopus","2-s2.0-85067023523"
"Morales, A.D.; Sanchez-Hernandez, S.; Pineda, C.M.; Romero, H.J.","Morales, Alex D. (59454679600); Sanchez-Hernandez, Sergio A. (57220070743); Pineda, C. M. (57209244299); Romero, Henrique J. (57209262629)","59454679600; 57220070743; 57209244299; 57209262629","Use of Augmented Reality for the Simulation of Basic Mechanical Physics Phenomena","2019","IOP Conference Series: Materials Science and Engineering","519","1","012021","","","0","6","10.1088/1757-899X/519/1/012021","https://www.scopus.com/inward/record.uri?eid=2-s2.0-85067016785&doi=10.1088%2F1757-899X%2F519%2F1%2F012021&partnerID=40&md5=e11d8afd57d9d9e87d3ef0d800d52f89","Conference paper","Final","All Open Access; Gold Open Access","Scopus","2-s2.0-85067016785"
"Sanchez-Hernandez, S.; Mercado, C.A.; Serpa, J.F.; Julio, J.S.; Almanza, A.J.","Sanchez-Hernandez, Sergio A. (57220070743); Mercado, C. A. (57209256621); Serpa, J. F. (57209262508); Julio, J. S. (57209244567); Almanza, A. J. (57209248220)","57220070743; 57209256621; 57209262508; 57209244567; 57209248220","Use of ICT Tools using the PBL Methodology as a Student Learning Strategy","2019","IOP Conference Series: Materials Science and Engineering","519","1","012031","","","0","1","10.1088/1757-899X/519/1/012031","https://www.scopus.com/inward/record.uri?eid=2-s2.0-85066988453&doi=10.1088%2F1757-899X%2F519%2F1%2F012031&partnerID=40&md5=15f16a9319a21bc7bf6bb5887054ee3e","Conference paper","Final","All Open Access; Gold Open Access","Scopus","2-s2.0-85066988453"
"Méndez, E.K.; Orrego, C.E.; Giraldo Gómez, G.I.","Méndez, E. K. (57532743500); Orrego, C. E. (24338999200); Giraldo Gómez, Glória Inés (15922531900)","57532743500; 24338999200; 15922531900","Organic versus conventional: A comparative study on the shelf life of passion fruit (Passiflora edulis Sims) crops","2019","International Food Research Journal","26","2","","393","399","0","3","","https://www.scopus.com/inward/record.uri?eid=2-s2.0-85065990525&partnerID=40&md5=1097a1dde17c76f440a687ea5a66b879","Article","Final","","Scopus","2-s2.0-85065990525"
"Gutiérrez-Ruiz, K.","Gutiérrez-Ruiz, Karol Patricia (57192930752)","57192930752","Early characteristics and predictors of clinical severity in Autism Spectrum Disorder; Características tempranas y predictores de la severidad del cuadro clínico en el trastorno del espectro autista","2019","Revista CES Psicologia","12","2","","12","25","0","3","10.21615/cesp.12.2.2","https://www.scopus.com/inward/record.uri?eid=2-s2.0-85065722764&doi=10.21615%2Fcesp.12.2.2&partnerID=40&md5=5930564c80084efaafc0d4383fb1f693","Article","Final","All Open Access; Gold Open Access","Scopus","2-s2.0-85065722764"
"Barón Mercado, S.; Cantillo-Orozco, A.; Martínez Tapia, E.","Barón Mercado, Sally (57208722222); Cantillo-Orozco, Ana Susana (59454824700); Martínez Tapia, Edgardo (57208723727)","57208722222; 59454824700; 57208723727","VAT behavior air transport of passengers Colombia-Peru, period 2002-2017; Comportamiento del IVA en el transporte aéreo de pasajeros Colombia-Perú, periodo 2002-2017","2019","Espacios","40","4","","","","12","0","","https://www.scopus.com/inward/record.uri?eid=2-s2.0-85065608610&partnerID=40&md5=81d0c4b78c3ff43b1f8d959ff8f76fbb","Article","Final","","Scopus","2-s2.0-85065608610"
"González, Y.G.","González, Yerlis Guardo (57208564047)","57208564047","The notion of Kierkegaardian conscience as an implication of the outside world: A critique of the Cartesian approach; La noción de conciencia kierkegaardiana como una implicación del mundo exterior: Una crítica al planteamiento cartesiano","2019","Eidos","","30","","211","238","0","0","10.14482/eidos.30.199","https://www.scopus.com/inward/record.uri?eid=2-s2.0-85065145614&doi=10.14482%2Feidos.30.199&partnerID=40&md5=16cae90c2d4aa2d91c4b3a6c13b0a5a3","Article","Final","All Open Access; Gold Open Access","Scopus","2-s2.0-85065145614"
"Acevedo-Barrios, R.; Bertel-Sevilla, A.; Alonso-Molina, J.; Olivero-Verbel, J.","Acevedo-Barrios, R. L. (56674579200); Bertel-Sevilla, Angela (56411953400); Alonso-Molina, José Luis (57204659394); Olivero-Verbel, Jesus T.V. (9736353600)","56674579200; 56411953400; 57204659394; 9736353600","Perchlorate-Reducing Bacteria from Hypersaline Soils of the Colombian Caribbean","2019","International Journal of Microbiology","2019","","6981865","","","0","18","10.1155/2019/6981865","https://www.scopus.com/inward/record.uri?eid=2-s2.0-85062623666&doi=10.1155%2F2019%2F6981865&partnerID=40&md5=802612bdec98b760590de6f13b4ddffd","Article","Final","All Open Access; Gold Open Access; Green Accepted Open Access; Green Open Access","Scopus","2-s2.0-85062623666"
"Henriquez, Y.; Pedroza, K.; Vega, K.; Serrano, J.E.","Henriquez, Yuranis (57982471000); Pedroza, Kevin (57205657279); Vega, Kevin (57205663775); Serrano, Jairo E. (57220927199)","57982471000; 57205657279; 57205663775; 57220927199","Yet another robot platform for teaching programming: YarpTp","2018","","","","8588143","","","0","2","10.1109/CCRA.2018.8588143","https://www.scopus.com/inward/record.uri?eid=2-s2.0-85061012250&doi=10.1109%2FCCRA.2018.8588143&partnerID=40&md5=c1e47b0eb79a90ac127e60423fcf3a86","Conference paper","Final","","Scopus","2-s2.0-85061012250"
"Campos, Y.; Villa, J.L.","Campos, Y. (57205660112); Villa, J. L. (7005142049)","57205660112; 7005142049","Technologies applied in the monitoring and control of the temperature in the Cold Chain","2018","","","","8588118","","","0","10","10.1109/CCRA.2018.8588118","https://www.scopus.com/inward/record.uri?eid=2-s2.0-85061009427&doi=10.1109%2FCCRA.2018.8588118&partnerID=40&md5=1588464409af5e3cd50b8c22970b058c","Conference paper","Final","","Scopus","2-s2.0-85061009427"
"Rodelo García, M.; Villa, J.L.; Duque, J.; Yime, E.","Rodelo García, Margarita Rosa (57205662246); Villa, J. L. (7005142049); Duque, Jorge Eliecer (57205658483); Yime, Eugenio (22837432800)","57205662246; 7005142049; 57205658483; 22837432800","Kinematic Analysis and Performance of a Planar 3RRR Parallel Robot with Kinematic Redundancy using Screw Theory","2018","","","","8588123","","","0","9","10.1109/CCRA.2018.8588123","https://www.scopus.com/inward/record.uri?eid=2-s2.0-85060995887&doi=10.1109%2FCCRA.2018.8588123&partnerID=40&md5=906ed996e55eded730fa130a3806303f","Conference paper","Final","","Scopus","2-s2.0-85060995887"
"Paez, J.; Villa, J.L.; Cabrera Tovar, J.H.T.; Yime, E.","Paez, Jheifer (56682671200); Villa, J. L. (7005142049); Cabrera Tovar, Jairo Humberto (57193252278); Yime, Eugenio (22837432800)","56682671200; 7005142049; 57193252278; 22837432800","Implementation of an Unmanned Surface Vehicle for Environmental Monitoring Applications","2018","","","","8588131","","","0","9","10.1109/CCRA.2018.8588131","https://www.scopus.com/inward/record.uri?eid=2-s2.0-85060985583&doi=10.1109%2FCCRA.2018.8588131&partnerID=40&md5=018fb0812a23727e9370235ae6393496","Conference paper","Final","","Scopus","2-s2.0-85060985583"
"Ibanez, J.F.; Serrano, J.E.; Martinez-Santos, J.C.","Ibanez, Jorge Franco (57205675016); Serrano, Jairo E. (57220927199); Martinez-Santos, Juan Carlos (26325154200)","57205675016; 57220927199; 26325154200","An IoT Camera System for the Collection of Data Using QR Code as Object Recognition Algorithm","2018","","","","8587087","","","0","9","10.1109/CONIITI.2018.8587087","https://www.scopus.com/inward/record.uri?eid=2-s2.0-85061033536&doi=10.1109%2FCONIITI.2018.8587087&partnerID=40&md5=0b62b4d54be644b4f805be240b7f9e5c","Conference paper","Final","","Scopus","2-s2.0-85061033536"
"Sanchez-Hernandez, S.; Contreras-Ortiz, S.H.","Sanchez-Hernandez, Sergio A. (57220070743); Contreras-Ortiz, Sonia H. (57210822856)","57220070743; 57210822856","Analysis and Classification of Evoked Potentials in Response to Familiar and Unfamiliar Faces","2018","","","","8564591","","","0","1","10.1109/ANDESCON.2018.8564591","https://www.scopus.com/inward/record.uri?eid=2-s2.0-85060377163&doi=10.1109%2FANDESCON.2018.8564591&partnerID=40&md5=a9b802a7720ec50773bdbdfa88d51125","Conference paper","Final","","Scopus","2-s2.0-85060377163"
"Huertas-Bolanos, M.E.; Acevedo-Barrios, R.; Rodríguez, M.; Gaviria, J.; Arana, R.; Arciniegas, C.","Huertas-Bolanos, Maria E. (54402814900); Acevedo-Barrios, R. L. (56674579200); Rodríguez, Melanys (57215026485); Gaviria, Julián (57215020737); Arana, Raúl (57215025493); Arciniegas, Cesar (57215021361)","54402814900; 56674579200; 57215026485; 57215020737; 57215025493; 57215021361","Identification and Quantification of Bioaerosols in a Tropical Coastal Region: Cartagena de Indias, Colombia","2018","Aerosol Science and Engineering","2","4","","206","215","0","13","10.1007/s41810-018-0037-1","https://www.scopus.com/inward/record.uri?eid=2-s2.0-85076247341&doi=10.1007%2Fs41810-018-0037-1&partnerID=40&md5=1ca5ce1e3be1fd7b4c4b5ea63021895d","Article","Final","","Scopus","2-s2.0-85076247341"
"Barrera, E.S.; Fantin, A.V.; Willemann, D.P.; Benedet, M.E.; Albertazzi Gonçalves, A.","Barrera, E. S. (57203306902); Fantin, Analucia Vieira (6701682062); Willemann, Daniel Pedro (6508237821); Benedet, Mauro Eduardo (50461061200); Albertazzi Gonçalves, Armando (36607348700)","57203306902; 6701682062; 6508237821; 50461061200; 36607348700","Multiple-aperture one-shot shearography for simultaneous measurements in three shearing directions","2018","Optics and Lasers in Engineering","111","","","86","92","0","39","10.1016/j.optlaseng.2018.07.018","https://www.scopus.com/inward/record.uri?eid=2-s2.0-85051394211&doi=10.1016%2Fj.optlaseng.2018.07.018&partnerID=40&md5=5ac82b1ce242862beec6582e52949f2a","Article","Final","","Scopus","2-s2.0-85051394211"
"Montoya Giraldo, O.D.; Campillo, J.; Gil-González, W.; Garces-Ruiz, A.","Montoya Giraldo, Oscar Danilo (56919564100); Campillo, Javier E. (55609096600); Gil-González, Walter Julian (57191493648); Garces-Ruiz, Alejandro (36449223500)","56919564100; 55609096600; 57191493648; 36449223500","Integration of PV Arrays in DC Power Grids via Unidirectional Boost Converters: A PBC Approach","2018","","","","8756428","","","0","6","10.1109/EPIM.2018.8756428","https://www.scopus.com/inward/record.uri?eid=2-s2.0-85069774602&doi=10.1109%2FEPIM.2018.8756428&partnerID=40&md5=2fb0cf27eb2f49e04220c757eb9b982d","Conference paper","Final","","Scopus","2-s2.0-85069774602"
"Gonzalez, L.E.G.; Campos, A.","Gonzalez, Luis Eduardo Garcia (57221460543); Campos, Alexandre (57194794100)","57221460543; 57194794100","Maximal singularity-free orientation subregions associated with initial parallel manipulator configuration","2018","Robotics","7","3","57","","","0","6","10.3390/robotics7030057","https://www.scopus.com/inward/record.uri?eid=2-s2.0-85056434046&doi=10.3390%2Frobotics7030057&partnerID=40&md5=eb5c5b364d83c44194e44adc38238804","Article","Final","All Open Access; Gold Open Access; Green Accepted Open Access; Green Open Access","Scopus","2-s2.0-85056434046"
"Useche, J.; Medina, C.","Useche, J. F. (24537991200); Medina, C. (57202660842)","24537991200; 57202660842","Boundary element analysis of laminated composite shear deformable shallow shells","2018","Composite Structures","199","","","24","37","0","12","10.1016/j.compstruct.2018.05.044","https://www.scopus.com/inward/record.uri?eid=2-s2.0-85047209627&doi=10.1016%2Fj.compstruct.2018.05.044&partnerID=40&md5=4c338e86575fcf2bed5a5c0517609c48","Article","Final","","Scopus","2-s2.0-85047209627"
"Pereira Batista, E.; Suazo, E.; Trespalacios, J.","Pereira Batista, Enrique (57189892062); Suazo, Erwin (24176056600); Trespalacios, Jessica (57200796083)","57189892062; 24176056600; 57200796083","Riccati–Ermakov systems and explicit solutions for variable coefficient reaction–diffusion equations","2018","Applied Mathematics and Computation","329","","","278","296","0","12","10.1016/j.amc.2018.01.047","https://www.scopus.com/inward/record.uri?eid=2-s2.0-85042432686&doi=10.1016%2Fj.amc.2018.01.047&partnerID=40&md5=b386a4491c552213467731b2b7d73f38","Article","Final","","Scopus","2-s2.0-85042432686"
"Sierra-Porta, D.","Sierra-Porta, D. (57191333650)","57191333650","Cross correlation and time-lag between cosmic ray intensity and solar activity during solar cycles 21, 22 and 23","2018","Astrophysics and Space Science","363","7","137","","","0","15","10.1007/s10509-018-3360-8","https://www.scopus.com/inward/record.uri?eid=2-s2.0-85048103935&doi=10.1007%2Fs10509-018-3360-8&partnerID=40&md5=9ad04b8cdf0fd1c5caa4cb9dc3b6ea0a","Review","Final","All Open Access; Green Accepted Open Access; Green Open Access","Scopus","2-s2.0-85048103935"
"Domínguez, C.; Prato Torres, R.P.; González, H.","Domínguez, Catalina (45860981700); Prato Torres, Ricardo (57193208942); González, Heidy (57212113860)","45860981700; 57193208942; 57212113860","An a posteriori error estimator for a non-conforming domain decomposition method for a harmonic elastodynamics equation","2018","East Asian Journal on Applied Mathematics","8","2","","365","384","0","1","10.4208/eajam.100317.020318a","https://www.scopus.com/inward/record.uri?eid=2-s2.0-85075962929&doi=10.4208%2Feajam.100317.020318a&partnerID=40&md5=22a4406505d13d6417c576d3829201c4","Article","Final","","Scopus","2-s2.0-85075962929"
"Castilla-Caballero, D.; Machuca-Martínez, F.; Bustillo-Lecompte, C.; Colina-Márquez, J.","Castilla-Caballero, Deyler Rafael (57024211000); Machuca-Martínez, Fiderman (35488117500); Bustillo-Lecompte, Ciro Fernando (55651891700); Colina-Márquez, José A. (23484999200)","57024211000; 35488117500; 55651891700; 23484999200","Photocatalytic degradation of commercial acetaminophen: Evaluation, modeling, and scaling-up of photoreactors","2018","Catalysts","8","5","179","","","0","17","10.3390/catal8050179","https://www.scopus.com/inward/record.uri?eid=2-s2.0-85048057450&doi=10.3390%2Fcatal8050179&partnerID=40&md5=8ff7d435fcdcf9dec576b20a2e40390d","Article","Final","All Open Access; Gold Open Access; Green Final Open Access; Green Open Access","Scopus","2-s2.0-85048057450"
"Acevedo-Barrios, R.; Sabater-Marco, C.; Olivero-Verbel, J.","Acevedo-Barrios, R. L. (56674579200); Sabater-Marco, Consuelo (57200990599); Olivero-Verbel, Jesus T.V. (9736353600)","56674579200; 57200990599; 9736353600","Ecotoxicological assessment of perchlorate using in vitro and in vivo assays","2018","Environmental Science and Pollution Research","25","14","","13697","13708","0","26","10.1007/s11356-018-1565-6","https://www.scopus.com/inward/record.uri?eid=2-s2.0-85042767977&doi=10.1007%2Fs11356-018-1565-6&partnerID=40&md5=a21d34f98d4f64a2945de8854c39c431","Article","Final","","Scopus","2-s2.0-85042767977"
"Gómez, R.M.; Ghotme, K.; Niño, J.J.; Quiroz-Padilla, M.; Vargas, D.; Dominguez-Monterrosa, A.R.; Barreto, G.E.; Sánchez, M.Y.","Gómez, Rosa Margarita (57072482300); Ghotme, Kemel A. (6504488159); Niño, Jackeline J. (57200990899); Quiroz-Padilla, María Fernanda (14627921600); Vargas, Daniela (57200993139); Dominguez-Monterrosa, Andy Rafael (57200983451); Barreto, George E. (15123723100); Sánchez, Magdy Y. (57198647163)","57072482300; 6504488159; 57200990899; 14627921600; 57200993139; 57200983451; 15123723100; 57198647163","Combined strategy for a reliable evaluation of spinal cord injury using an in vivo model","2018","Central Nervous System Agents in Medicinal Chemistry","18","1","","49","57","0","3","10.2174/1871524915666150819104114","https://www.scopus.com/inward/record.uri?eid=2-s2.0-85042765532&doi=10.2174%2F1871524915666150819104114&partnerID=40&md5=45fd435eabe21f8c18172099bc751716","Article","Final","","Scopus","2-s2.0-85042765532"
"Espinosa, M.; Pacheco, J.A.; Franco, J.F.","Espinosa, Mónica (37664928200); Pacheco, José A. (37665747400); Franco, Juan Felipe (35098574800)","37664928200; 37665747400; 35098574800","Mitigation potential of active transport projects: Trip attraction and CO2 avoidance indicators in colombian cities; Potencial de mitigación de proyectos de transporte activo: Indicadores de atracción de viajes y emisiones CO2 en ciudades colombianas","2018","DYNA (Colombia)","85","205","","302","309","0","2","10.15446/dyna.v85n205.68340","https://www.scopus.com/inward/record.uri?eid=2-s2.0-85060975245&doi=10.15446%2Fdyna.v85n205.68340&partnerID=40&md5=411fb549a9da52afec77adfec12b49f0","Article","Final","All Open Access; Gold Open Access","Scopus","2-s2.0-85060975245"
"Bejarano-Garavito, D.; Martínez-Sarmiento, R.; Manrique, C.; Parra, L.M.; Martínez Rocha, J.F.; Gómez Vargas, Y.; Abuabara, Y.; Gallego, J.","Bejarano-Garavito, Diego Hernán (57190746245); Martínez-Sarmiento, Rodrigo Alfredo (55485071100); Manrique, Carlos Cohen (36909258600); Parra, Luis Miguel (57202735754); Martínez Rocha, Juan Felipe (55177608700); Gómez Vargas, Yolanda (7003912679); Abuabara, Yesid (6507295914); Gallego, Jaime L. (57200884573)","57190746245; 55485071100; 36909258600; 57202735754; 55177608700; 7003912679; 6507295914; 57200884573","Linkage disequilibrium levels and allele frequency distribution in blanco orejinegro and romosinuano creole cattle using medium density snp chip data","2018","Genetics and Molecular Biology","41","2","S1415-47572018000300426","426","433","0","20","10.1590/1678-4685-gmb-2016-0310","https://www.scopus.com/inward/record.uri?eid=2-s2.0-85049150542&doi=10.1590%2F1678-4685-gmb-2016-0310&partnerID=40&md5=48732a557e752ccbd9d1eac3254e8aad","Article","Final","","Scopus","2-s2.0-85049150542"
"Sierra-Porta, D.","Sierra-Porta, D. (57191333650)","57191333650","Some Algebraic Approach for the Second Painlevé Equation Using the Optimal Homotopy Asymptotic Method (OHAM)","2018","Numerical Analysis and Applications","11","2","","170","177","0","2","10.1134/S1995423918020076","https://www.scopus.com/inward/record.uri?eid=2-s2.0-85048196045&doi=10.1134%2FS1995423918020076&partnerID=40&md5=727968d02dfba8151dfb0421740154d7","Article","Final","","Scopus","2-s2.0-85048196045"
"Guillén-Burgos, H.F.; Gutiérrez-Ruiz, K.","Guillén-Burgos, Hernán Felipe (57192927662); Gutiérrez-Ruiz, Karol Patricia (57192930752)","57192927662; 57192930752","Genetic Advances in Post-traumatic Stress Disorder; Avances genéticos en el trastorno por estrés postraumático","2018","Revista Colombiana de Psiquiatria","47","2","","108","118","0","12","10.1016/j.rcp.2016.12.001","https://www.scopus.com/inward/record.uri?eid=2-s2.0-85009188290&doi=10.1016%2Fj.rcp.2016.12.001&partnerID=40&md5=ce1c56dd431a165207ccdc5e62447294","Short survey","Final","","Scopus","2-s2.0-85009188290"
"de la Ossa, E.; Fortich-Pérez, D.F.; Rosero-Prada, A.L.","de la Ossa, Elsy Domínguez (57223851529); Fortich-Pérez, David J. (57201036449); Rosero-Prada, Ana Lucia (57639048500)","57223851529; 57201036449; 57639048500","Parental competences and child resilience in the context of displacement in Colombia; Competencias parentales y resiliencia infantil en contexto de desplazamiento en Colombia","2018","Prisma Social","","20","","227","253","0","3","","https://www.scopus.com/inward/record.uri?eid=2-s2.0-85046284006&partnerID=40&md5=f820e06e3d526ac2673dd5eeff6d0f12","Article","Final","","Scopus","2-s2.0-85046284006"
"Acevedo, J.M.","Acevedo, Jeovanny Muentes (57350116000)","57350116000","On the Continuity of the Topological Entropy of Non-autonomous Dynamical Systems","2018","Bulletin of the Brazilian Mathematical Society","49","1","","89","106","0","5","10.1007/s00574-017-0049-5","https://www.scopus.com/inward/record.uri?eid=2-s2.0-85021964037&doi=10.1007%2Fs00574-017-0049-5&partnerID=40&md5=cd8abc2be40202806cbe64814d5cd9a8","Article","Final","All Open Access; Green Accepted Open Access; Green Open Access","Scopus","2-s2.0-85021964037"
"Paternina-Caicedo, A.; De la Hoz Restrepo, F.; Diaz-Quijano, F.; Caicedo-Torres, W.; Badillo-Viloria, M.A.; Bula-Anichiarico, D.; Alvis-Guzman, N.; Máttar, S.; Constenla, D.; Pinzon-Redondo, H.","Paternina-Caicedo, Angel (35769665400); De la Hoz Restrepo, Fernando Pío (23134262800); Diaz-Quijano, Fredi Alexander (9532887500); Caicedo-Torres, William (55782426500); Badillo-Viloria, María Auxiliadora (57201395899); Bula-Anichiarico, Doris A. (56705381100); Alvis-Guzman, Nelson Rafael (57210741239); Máttar, Salim (7005860176); Constenla, Dagna O. (14057575400); Pinzon-Redondo, Hernando Samuel (56375235000)","35769665400; 23134262800; 9532887500; 55782426500; 57201395899; 56705381100; 57210741239; 7005860176; 14057575400; 56375235000","Features of dengue and chikungunya infections of colombian children under 24 months of age admitted to the emergency department","2018","Journal of Tropical Pediatrics","64","1","","31","37","0","7","10.1093/tropej/fmx024","https://www.scopus.com/inward/record.uri?eid=2-s2.0-85044616053&doi=10.1093%2Ftropej%2Ffmx024&partnerID=40&md5=4b93f400f77e1fe7ecae9e0e8b63ef39","Article","Final","All Open Access; Gold Open Access; Green Accepted Open Access; Green Open Access","Scopus","2-s2.0-85044616053"
"Méndez-Calderón, E.K.; Ocampo-Castaño, J.C.; Orrego, C.E.","Méndez-Calderón, Erika K. (57196035802); Ocampo-Castaño, Juan C. (57196030571); Orrego, C. E. (24338999200)","57196035802; 57196030571; 24338999200","Optimization of convective drying assisted by ultrasound for Mango Tommy (Mangifera indica L.)","2018","Journal of Food Process Engineering","41","1","e12634","","","0","20","10.1111/jfpe.12634","https://www.scopus.com/inward/record.uri?eid=2-s2.0-85031107704&doi=10.1111%2Fjfpe.12634&partnerID=40&md5=d9ffc844c59c2dbf9b53382ae591993a","Article","Final","","Scopus","2-s2.0-85031107704"
"Salas-Navarro, K.; Acevedo-Chedid, J.; Caruso, N.M.; Sana, S.S.","Salas-Navarro, Katherinne (57193504630); Acevedo-Chedid, Jaime (57193533853); Caruso, Nohora Mercado (57204763105); Sana, Shib Sankar (15078194000)","57193504630; 57193533853; 57204763105; 15078194000","An inventory model of three-layer supply chain of wood and furniture industry in the Caribbean region of Colombia","2018","International Journal of Systems Science: Operations and Logistics","5","1","","69","86","0","17","10.1080/23302674.2016.1212428","https://www.scopus.com/inward/record.uri?eid=2-s2.0-85055726750&doi=10.1080%2F23302674.2016.1212428&partnerID=40&md5=c73e7cbfda7649ca2101bbc5146cbd23","Article","Final","All Open Access; Green Accepted Open Access; Green Open Access","Scopus","2-s2.0-85055726750"
"Solano-Cahuana, I.L.","Solano-Cahuana, Iris Laudith (57219696066)","57219696066","Handbook of happiness research in Latin America, edited by Mariano Rojas (New York, Springer, 2016)","2018","Corvinus Journal of Sociology and Social Policy","9","1","","187","193","0","0","10.14267/CJSSP.2018.1.10","https://www.scopus.com/inward/record.uri?eid=2-s2.0-85094848728&doi=10.14267%2FCJSSP.2018.1.10&partnerID=40&md5=875626905854e17cb819459038173ea6","Note","Final","All Open Access; Gold Open Access","Scopus","2-s2.0-85094848728"
"Valdelamar-Villegas, J.C.; Andrade-Quintero, K.; Díaz-Mendoza, C.; Manjarrez-Paba, G.","Valdelamar-Villegas, Juan Carlos (57197735531); Andrade-Quintero, Kevin (57212528731); Díaz-Mendoza, Claudia (55258973100); Manjarrez-Paba, Ganiveth (57212530246)","57197735531; 57212528731; 55258973100; 57212530246","Temporal space behavior of three environmental quality determinants from touristic beaches in cartagena, Colombia","2018","Coastal Research Library","24","","","845","858","0","2","10.1007/978-3-319-58304-4_43","https://www.scopus.com/inward/record.uri?eid=2-s2.0-85077005808&doi=10.1007%2F978-3-319-58304-4_43&partnerID=40&md5=f7cb33f16b1ea0853ca0bff11af4c717","Book chapter","Final","","Scopus","2-s2.0-85077005808"
"Vázquez-Miraz, P.","Vázquez-Miraz, Pedro (57196040759)","57196040759","The Colombian press and the San José galleon: A political and legal interest but not numismatic; La prensa colombiana y el galeón san jose: Un interés político y jurídico pero no numismático","2018","Revista Numismatica Hecate","","5","","181","189","0","1","","https://www.scopus.com/inward/record.uri?eid=2-s2.0-85069644840&partnerID=40&md5=dbd974228f1e363691b51fa9ebc6d466","Article","Final","","Scopus","2-s2.0-85069644840"
"Fajardo Cuadro, J.; Valle, H.; Buelvas, A.","Fajardo Cuadro, Juan Gabriel (56581610900); Valle, H. (57207878802); Buelvas, Ana Medina (57207884321)","56581610900; 57207878802; 57207884321","Avoidable and unavoidable exergetic destruction analysis of a nitric acid production plant","2018","","6B-2018","","","","","0","3","10.1115/IMECE2018-87495","https://www.scopus.com/inward/record.uri?eid=2-s2.0-85063156043&doi=10.1115%2FIMECE2018-87495&partnerID=40&md5=a5e8936710cb76063bfdd2bfadab5569","Conference paper","Final","","Scopus","2-s2.0-85063156043"
"Millán, M.S.; Marrugo, A.G.; Alba-Bueno, F.","Millán, María S. (7201466399); Marrugo, Andrés G. (24329839300); Alba-Bueno, Francisco (26022872700)","7201466399; 24329839300; 26022872700","Quality changes in fundus images of pseudophakic eyes","2018","Optica Pura y Aplicada","51","4","50015","","","0","1","10.7149/OPA.51.4.50015","https://www.scopus.com/inward/record.uri?eid=2-s2.0-85062275279&doi=10.7149%2FOPA.51.4.50015&partnerID=40&md5=2671f9586bf4c9f213780a09d0b86798","Article","Final","All Open Access; Gold Open Access","Scopus","2-s2.0-85062275279"
"Pineda, J.; Vargas, R.; Romero, L.A.; Meneses, J.; Marrugo, A.G.","Pineda, Jesus (57192270016); Vargas, Raúl (57117284600); Romero, Lenny A. (36142156300); Meneses, Jaime Enrique (7004348301); Marrugo, Andrés G. (24329839300)","57192270016; 57117284600; 36142156300; 7004348301; 24329839300","Fringe quality map for fringe projection profilometry in LabVIEW","2018","Optica Pura y Aplicada","51","4","50302","","","0","6","10.7149/OPA.51.4.50302","https://www.scopus.com/inward/record.uri?eid=2-s2.0-85062274079&doi=10.7149%2FOPA.51.4.50302&partnerID=40&md5=88997d084514cece486bb52a400ec8b3","Article","Final","All Open Access; Gold Open Access","Scopus","2-s2.0-85062274079"
"Cobos, T.L.","Cobos, Tania Lucía (57206773929)","57206773929","Perceptions and experiences about Google News from the editors of Latin-American news media indexed in the editions of Colombia and Mexico; Las percepciones y experiencias sobre Google News de los editores de medios noticiosos latinoamericanos indexados en las ediciones de Colombia y México","2018","Estudios Sobre el Mensaje Periodistico","24","2","","1183","1198","0","4","10.5209/ESMP.62208","https://www.scopus.com/inward/record.uri?eid=2-s2.0-85061967576&doi=10.5209%2FESMP.62208&partnerID=40&md5=64ac533a063f360f07051c9101b468d1","Review","Final","All Open Access; Gold Open Access; Green Accepted Open Access; Green Open Access","Scopus","2-s2.0-85061967576"
"Dominguez-Jimenez, J.A.; Campo-Landines, K.C.; Martinez-Santos, J.C.; Contreras-Ortiz, S.H.","Dominguez-Jimenez, J. A. (56682770100); Campo-Landines, Kiara Coralia (57205565967); Martinez-Santos, Juan Carlos (26325154200); Contreras-Ortiz, Sonia H. (57210822856)","56682770100; 57205565967; 26325154200; 57210822856","Emotion detection through biomedical signals: A pilot study","2018","Proceedings of SPIE - The International Society for Optical Engineering","10975","","1097506","","","0","2","10.1117/12.2511598","https://www.scopus.com/inward/record.uri?eid=2-s2.0-85060513681&doi=10.1117%2F12.2511598&partnerID=40&md5=9f7b9d086f080fb73dde4bd2014b8254","Conference paper","Final","","Scopus","2-s2.0-85060513681"
"Vásquez, J.; Bruno, G.; Settineri, L.; Aguirre, S.","Vásquez, Jenifer (57205400052); Bruno, Giulia (22033901600); Settineri, Luca (6602463988); Aguirre, Santiago E. (55893282900)","57205400052; 22033901600; 6602463988; 55893282900","Conceptual Framework for Evaluating the Environmental Awareness and Eco-efficiency of SMEs","2018","Procedia CIRP","78","","","347","352","0","13","10.1016/j.procir.2018.09.062","https://www.scopus.com/inward/record.uri?eid=2-s2.0-85059914851&doi=10.1016%2Fj.procir.2018.09.062&partnerID=40&md5=779b9157b06ef93571dd51666d817ee4","Conference paper","Final","All Open Access; Gold Open Access","Scopus","2-s2.0-85059914851"
"Altamar-Mercado, H.; Patiño, A.; Marrugo, A.G.","Altamar-Mercado, Hernando (57203321995); Patiño, Alberto (57190688459); Marrugo, Andrés G. (24329839300)","57203321995; 57190688459; 24329839300","Adaptive filtering of interference fringes by polar transformation and empirical mode decomposition","2018","","Part F123-LAOP 2018","","","","","0","1","10.1364/LAOP.2018.W4C.4","https://www.scopus.com/inward/record.uri?eid=2-s2.0-85059484213&doi=10.1364%2FLAOP.2018.W4C.4&partnerID=40&md5=2e88025e439e039ab3f0471d7fe17a05","Conference paper","Final","","Scopus","2-s2.0-85059484213"
"Pineda, J.; Meza, J.; Marrugo, A.G.; Vargas, R.; Romero, L.A.","Pineda, Jesus (57192270016); Meza, Jhacson (57204065355); Marrugo, Andrés G. (24329839300); Vargas, Raúl (57117284600); Romero, Lenny A. (36142156300)","57192270016; 57204065355; 24329839300; 57117284600; 36142156300","A particle swarm optimization approach to log-gabor filtering in fourier transform profilometry","2018","","Part F123-LAOP 2018","","","","","0","0","10.1364/LAOP.2018.Th4A.9","https://www.scopus.com/inward/record.uri?eid=2-s2.0-85059464790&doi=10.1364%2FLAOP.2018.Th4A.9&partnerID=40&md5=6f5f357e3e93e666433842db0d45dff5","Conference paper","Final","","Scopus","2-s2.0-85059464790"
"Forero, N.; Marrugo, A.G.; Vargas, R.; Pineda, J.; Useche, J.; Romero, L.A.","Forero, Nelson (59008845200); Marrugo, Andrés G. (24329839300); Vargas, Raúl (57117284600); Pineda, Jesus (57192270016); Useche, J. F. (24537991200); Romero, Lenny A. (36142156300)","59008845200; 24329839300; 57117284600; 57192270016; 24537991200; 36142156300","An experimental study on deformation analysis of an indented pipe via fringe projection profilometry and digital image correlation","2018","","Part F123-LAOP 2018","","","","","0","0","10.1364/LAOP.2018.Th5B.3","https://www.scopus.com/inward/record.uri?eid=2-s2.0-85059459374&doi=10.1364%2FLAOP.2018.Th5B.3&partnerID=40&md5=57a3189b6e05108497a4d1fca95856fc","Conference paper","Final","","Scopus","2-s2.0-85059459374"
"Barrera, E.S.; Fantin, A.V.; Benedet, M.E.; Willemann, D.P.; Albertazzi, A.","Barrera, E. S. (57203306902); Fantin, Analucia Vieira (6701682062); Benedet, Mauro Eduardo (50461061200); Willemann, Daniel Pedro (6508237821); Albertazzi, Armando G. (55665419400)","57203306902; 6701682062; 50461061200; 6508237821; 55665419400","A single shot shearography device for simultaneous measurement in three shearing directions","2018","Proceedings of SPIE - The International Society for Optical Engineering","10834","","108340U","","","0","1","10.1117/12.2318706","https://www.scopus.com/inward/record.uri?eid=2-s2.0-85058385989&doi=10.1117%2F12.2318706&partnerID=40&md5=ff6e922da8dd9387f05f37d54c0fc962","Conference paper","Final","","Scopus","2-s2.0-85058385989"
"Vargas, R.; Marrugo, A.G.; Pineda, J.; Meneses, J.; Romero, L.A.","Vargas, Raúl (57117284600); Marrugo, Andrés G. (24329839300); Pineda, Jesus (57192270016); Meneses, Jaime Enrique (7004348301); Romero, Lenny A. (36142156300)","57117284600; 24329839300; 57192270016; 7004348301; 36142156300","Camera-projector calibration methods with compensation of geometric distortions in fringe projection profilometry: A comparative study; Métodos de calibración cámara-proyector con compensación de distorsiones geométricas en perfilometría por proyección de franjas: Un estudio comparativo","2018","Optica Pura y Aplicada","51","3","","1","10","0","17","10.7149/OPA.51.3.50305","https://www.scopus.com/inward/record.uri?eid=2-s2.0-85057739587&doi=10.7149%2FOPA.51.3.50305&partnerID=40&md5=4708c41651db7f7877205547b8a3345b","Article","Final","All Open Access; Gold Open Access","Scopus","2-s2.0-85057739587"
"Rojas, L.A.; Hurtado, J.; Rodríguez-Arias, A.J.","Rojas, Luis Alejandro (57214478029); Hurtado, Julio Seferino (57195913859); Rodríguez-Arias, Harold A. (57204847841)","57214478029; 57195913859; 57204847841","Viscosity analysis in lubricants through factorial design with three factors; Análisis de viscocidad en lubricantes mediante diseño factorial con tres factores","2018","Proceedings of the LACCEI international Multi-conference for Engineering, Education and Technology","2018-July","","","","","0","0","10.18687/LACCEI2018.1.1.43","https://www.scopus.com/inward/record.uri?eid=2-s2.0-85057478518&doi=10.18687%2FLACCEI2018.1.1.43&partnerID=40&md5=c25f539f2949962bf7428e39d27c5437","Conference paper","Final","All Open Access; Bronze Open Access","Scopus","2-s2.0-85057478518"
"Villa, J.L.; Bruno, O.; Jiménez-Castilla, T.I.","Villa, J. L. (7005142049); Bruno, O. (57204840599); Jiménez-Castilla, Tania I. (57204842254)","7005142049; 57204840599; 57204842254","Experiences with the use of Snap Circuits and Arduino boards as tools for human development with students in an insular Colombian community","2018","Proceedings of the LACCEI international Multi-conference for Engineering, Education and Technology","2018-July","","","","","0","1","10.18687/LACCEI2018.1.1.46","https://www.scopus.com/inward/record.uri?eid=2-s2.0-85057449133&doi=10.18687%2FLACCEI2018.1.1.46&partnerID=40&md5=cd2dd7a405f22883bf2373ec6762c1e3","Conference paper","Final","All Open Access; Bronze Open Access","Scopus","2-s2.0-85057449133"
"Caicedo-Torres, W.; Paternina-Caicedo, A.; Pinzon-Redondo, H.; Gutierrez, J.","Caicedo-Torres, William (55782426500); Paternina-Caicedo, Angel (35769665400); Pinzon-Redondo, Hernando Samuel (56375235000); Gutierrez, Jairo Alberto (7401653270)","55782426500; 35769665400; 56375235000; 7401653270","Differential diagnosis of dengue and chikungunya in colombian children using machine learning","2018","Lecture Notes in Computer Science","11238 LNAI","","","181","192","0","5","10.1007/978-3-030-03928-8_15","https://www.scopus.com/inward/record.uri?eid=2-s2.0-85057089239&doi=10.1007%2F978-3-030-03928-8_15&partnerID=40&md5=5ecb3f6985658cf6bc6fc9094643d39f","Conference paper","Final","","Scopus","2-s2.0-85057089239"
"Serrano, J.E.; Martinez-Santos, J.C.","Serrano, Jairo E. (57220927199); Martinez-Santos, Juan Carlos (26325154200)","57220927199; 26325154200","Preface","2018","Communications in Computer and Information Science","885","","","v","","0","0","","https://www.scopus.com/inward/record.uri?eid=2-s2.0-85054407202&partnerID=40&md5=3d5ceb345636f1f0420c4635750a169f","Editorial","Final","","Scopus","2-s2.0-85054407202"
"Echeverry-Mancera, I.; Bautista-Aguiar, W.; Florez-Quintero, D.; Narvaez-Martinez, D.; Contreras-Ortiz, S.H.","Echeverry-Mancera, Iván (57204063335); Bautista-Aguiar, William (57204073691); Florez-Quintero, Diego (57204076367); Narvaez-Martinez, Dayana (57204065078); Contreras-Ortiz, Sonia H. (57210822856)","57204063335; 57204073691; 57204076367; 57204065078; 57210822856","Instrumented insole for plantar pressure measurement in sports","2018","Communications in Computer and Information Science","885","","","252","259","0","0","10.1007/978-3-319-98998-3_20","https://www.scopus.com/inward/record.uri?eid=2-s2.0-85054397551&doi=10.1007%2F978-3-319-98998-3_20&partnerID=40&md5=c34ce4f2b76e388fca01834ac01f3726","Conference paper","Final","","Scopus","2-s2.0-85054397551"
"Puertas, E.; Alvarado Valencia, J.A.; Moreno-Sandoval, L.G.; Pomares-Quimbaya, A.","Puertas, Edwin (57202285682); Alvarado Valencia, Jorge Andrés (57211415779); Moreno-Sandoval, Luis Gabriel (57194828933); Pomares-Quimbaya, Alexandra (24832026300)","57202285682; 57211415779; 57194828933; 24832026300","An automatic approach to generate corpus in Spanish","2018","Communications in Computer and Information Science","885","","","150","161","0","0","10.1007/978-3-319-98998-3_12","https://www.scopus.com/inward/record.uri?eid=2-s2.0-85054377708&doi=10.1007%2F978-3-319-98998-3_12&partnerID=40&md5=b2a61c8693d5d5a07db23737919b613b","Conference paper","Final","","Scopus","2-s2.0-85054377708"
"Quintero, J.S.M.; Martinez-Santos, J.C.","Quintero, Juan Sebastián Mantilla (57204067041); Martinez-Santos, Juan Carlos (26325154200)","57204067041; 26325154200","Mathematical model for assigning an optimal frequency of buses in an integrated transport system","2018","Communications in Computer and Information Science","885","","","70","82","0","0","10.1007/978-3-319-98998-3_6","https://www.scopus.com/inward/record.uri?eid=2-s2.0-85054370898&doi=10.1007%2F978-3-319-98998-3_6&partnerID=40&md5=07fbc93b5b0048965a1a50956026438e","Conference paper","Final","","Scopus","2-s2.0-85054370898"
"Patiño, A.; Diaz-Pacheco, L.L.; Patiño-Vanegas, J.J.; Martinez-Santos, J.C.","Patiño, Alberto (57190688459); Diaz-Pacheco, Lenier Leonis (57204064204); Patiño-Vanegas, John Jairo (57204066424); Martinez-Santos, Juan Carlos (26325154200)","57190688459; 57204064204; 57204066424; 26325154200","HoloEasy, a web application for computer generated holograms","2018","Communications in Computer and Information Science","885","","","471","486","0","0","10.1007/978-3-319-98998-3_36","https://www.scopus.com/inward/record.uri?eid=2-s2.0-85054364104&doi=10.1007%2F978-3-319-98998-3_36&partnerID=40&md5=92a547f5f97dff58a5045d8f668a7e96","Conference paper","Final","","Scopus","2-s2.0-85054364104"
"Dominguez-Jimenez, J.A.; Campillo, J.","Dominguez-Jimenez, J. A. (56682770100); Campillo, Javier E. (55609096600)","56682770100; 55609096600","Object-oriented mathematical modeling for estimating electric vehicle’s range using modelica","2018","Communications in Computer and Information Science","885","","","444","458","0","5","10.1007/978-3-319-98998-3_34","https://www.scopus.com/inward/record.uri?eid=2-s2.0-85054351813&doi=10.1007%2F978-3-319-98998-3_34&partnerID=40&md5=2c3485292f8cb85c22fb88c86574fcc1","Conference paper","Final","","Scopus","2-s2.0-85054351813"
"Meza, J.; Marrugo, A.G.; Sierra, E.; Guerrero, M.; Meneses, J.; Romero, L.A.","Meza, Jhacson (57204065355); Marrugo, Andrés G. (24329839300); Sierra, Enrique (56682678200); Guerrero, Milton (57200615582); Meneses, Jaime Enrique (7004348301); Romero, Lenny A. (36142156300)","57204065355; 24329839300; 56682678200; 57200615582; 7004348301; 36142156300","A structure-from-motion pipeline for topographic reconstructions using unmanned aerial vehicles and open source software","2018","Communications in Computer and Information Science","885","","","213","225","0","8","10.1007/978-3-319-98998-3_17","https://www.scopus.com/inward/record.uri?eid=2-s2.0-85054350508&doi=10.1007%2F978-3-319-98998-3_17&partnerID=40&md5=ac31ee82240183e13493f48727ebec3f","Conference paper","Final","","Scopus","2-s2.0-85054350508"
"Narváez, A.; Cortes, C.; Trujillo, C.","Narváez, Alexander J. (57224404584); Cortes, Camilo A. (16243944100); Trujillo, César L. (24470081300)","57224404584; 16243944100; 24470081300","Real-time frequency-decoupling control for a hybrid energy storage system in an active parallel topology connected to a residential microgrid with intermittent generation","2018","Communications in Computer and Information Science","915","","","596","605","0","2","10.1007/978-3-030-00350-0_49","https://www.scopus.com/inward/record.uri?eid=2-s2.0-85054090649&doi=10.1007%2F978-3-030-00350-0_49&partnerID=40&md5=6a3a3a20c44c0eec2192b0980d6827a6","Conference paper","Final","","Scopus","2-s2.0-85054090649"
"Ballestas Ortega, O.J.; Villa, J.L.","Ballestas Ortega, Oscar De Jesús (57203997650); Villa, J. L. (7005142049)","57203997650; 7005142049","Failures Monitoring in Refrigeration Equipment","2018","Communications in Computer and Information Science","916","","","136","146","0","3","10.1007/978-3-030-00353-1_12","https://www.scopus.com/inward/record.uri?eid=2-s2.0-85053995105&doi=10.1007%2F978-3-030-00353-1_12&partnerID=40&md5=e8ebb9d9da16b5143f156f66b0f82e07","Conference paper","Final","All Open Access; Hybrid Gold Open Access","Scopus","2-s2.0-85053995105"
"Vargas, R.; Marrugo, A.G.; Pineda, J.; Meneses, J.; Romero, L.A.","Vargas, Raúl (57117284600); Marrugo, Andrés G. (24329839300); Pineda, Jesus (57192270016); Meneses, Jaime Enrique (7004348301); Romero, Lenny A. (36142156300)","57117284600; 24329839300; 57192270016; 7004348301; 36142156300","Evaluating the influence of camera and projector lens distortion in 3D reconstruction quality for fringe projection profilometry","2018","","Part F95-3D 2018","","","","","2","1","10.1364/3D.2018.3M3G.5","https://www.scopus.com/inward/record.uri?eid=2-s2.0-85051277290&doi=10.1364%2F3D.2018.3M3G.5&partnerID=40&md5=c8893743c48a8ec7773f358177fea62d","Conference paper","Final","","Scopus","2-s2.0-85051277290"
"Altamar-Mercado, H.; Patiño, A.; Marrugo, A.G.","Altamar-Mercado, Hernando (57203321995); Patiño, Alberto (57190688459); Marrugo, Andrés G. (24329839300)","57203321995; 57190688459; 24329839300","Microscopic shape from focus using white light interferometric fringes","2018","","Part F95-3D 2018","","","","","2","0","10.1364/3D.2018.JTu4A.19","https://www.scopus.com/inward/record.uri?eid=2-s2.0-85051263259&doi=10.1364%2F3D.2018.JTu4A.19&partnerID=40&md5=1a3b782e62d0a5d3eb6a410e6c3f54d8","Conference paper","Final","","Scopus","2-s2.0-85051263259"
"Albertazzi, A.; Viotti, M.R.; Silva, F.; Veiga, C.L.; Barrera, E.S.; Benedet, M.; Fantin, A.V.; Willemann, D.P.","Albertazzi, Armando G. (55665419400); Viotti, Matías Roberto (6506578303); Silva, Fabio A.A. (57190582829); Veiga, Celso Luiz Nickel (57200949771); Barrera, E. S. (57203306902); Benedet, Mauro Eduardo (50461061200); Fantin, Analucia Vieira (6701682062); Willemann, Daniel Pedro (6508237821)","55665419400; 6506578303; 57190582829; 57200949771; 57203306902; 50461061200; 6701682062; 6508237821","Speckle Interferometry in harsh environments: Design considerations and successful examples","2018","Proceedings of SPIE - The International Society for Optical Engineering","10678","","1067802","","","0","4","10.1117/12.2317941","https://www.scopus.com/inward/record.uri?eid=2-s2.0-85051223915&doi=10.1117%2F12.2317941&partnerID=40&md5=441e08c491bb678c5b5d2567bd0e6d68","Conference paper","Final","","Scopus","2-s2.0-85051223915"
"Ferreira-Villadiego, J.; García-Echeverri, J.; Vidal, M.V.; Pasqualino, J.; Meza-Castellar, P.; Lambis-Miranda, H.A.","Ferreira-Villadiego, Jeiffer (57202776800); García-Echeverri, José (57202773053); Vidal, M. V. (57202779866); Pasqualino, Jorgelina C. (14622047600); Meza-Castellar, Pedro Javier (57194681019); Lambis-Miranda, Henry A. (57194689395)","57202776800; 57202773053; 57202779866; 14622047600; 57194681019; 57194689395","Chemical modification and characterization of starch derived from plantain (Musa paradisiaca) peel waste, as a source of biodegradable material","2018","Chemical Engineering Transactions","65","","","763","768","0","49","10.3303/CET1865128","https://www.scopus.com/inward/record.uri?eid=2-s2.0-85049328572&doi=10.3303%2FCET1865128&partnerID=40&md5=3ae04ec717e6802acc004a065a045a74","Article","Final","","Scopus","2-s2.0-85049328572"
"Lopez-Diago, L.F.; Castillo, K.; Vidal, M.V.; Pasqualino, J.; Meza-Castellar, P.; Lambis-Miranda, H.A.","Lopez-Diago, Luis F. (57202786720); Castillo, Kevin (57202778773); Vidal, M. V. (57202779866); Pasqualino, Jorgelina C. (14622047600); Meza-Castellar, Pedro Javier (57194681019); Lambis-Miranda, Henry A. (57194689395)","57202786720; 57202778773; 57202779866; 14622047600; 57194681019; 57194689395","Evaluation of the production of starch from bitter cassava (Manihot utilissima) using different methodologies","2018","Chemical Engineering Transactions","65","","","613","618","0","6","10.3303/CET1865103","https://www.scopus.com/inward/record.uri?eid=2-s2.0-85049328039&doi=10.3303%2FCET1865103&partnerID=40&md5=4cddfe7dd1cf660675ed318de9281406","Article","Final","","Scopus","2-s2.0-85049328039"
"Moreno-Sandoval, L.G.; Mendoza-Molina, J.F.; Puertas, E.; Duque-Marín, A.; Pomares-Quimbaya, A.; Alvarado Valencia, J.A.","Moreno-Sandoval, Luis Gabriel (57194828933); Mendoza-Molina, Joan Felipe (57202280679); Puertas, Edwin (57202285682); Duque-Marín, Arturo (57202281188); Pomares-Quimbaya, Alexandra (24832026300); Alvarado Valencia, Jorge Andrés (57211415779)","57194828933; 57202280679; 57202285682; 57202281188; 24832026300; 57211415779","Age classification from Spanish tweets the variable age analyzed by using linear classifiers","2018","","1","","","275","281","0","3","10.5220/0006811102750281","https://www.scopus.com/inward/record.uri?eid=2-s2.0-85047761819&doi=10.5220%2F0006811102750281&partnerID=40&md5=0417f4a4a87b7fea0df190ed13b65178","Conference paper","Final","All Open Access; Gold Open Access","Scopus","2-s2.0-85047761819"
"Acevedo, J.J.M.","Acevedo, Jeovanny Muentes (57350116000)","57350116000","Openness of Anosov families","2018","Journal of the Korean Mathematical Society","55","3","","575","591","0","5","10.4134/JKMS.j170312","https://www.scopus.com/inward/record.uri?eid=2-s2.0-85045915892&doi=10.4134%2FJKMS.j170312&partnerID=40&md5=6994c47dd4adf2ea617905f5600d5e13","Article","Final","","Scopus","2-s2.0-85045915892"
"Siverio-Mota, D.; Andújar, I.; Marrero-Ponce, Y.; Giner, R.M.; Díaz-Mendoza, C.; Manjarrez, G.; Vicet-Muro, L.; Cordero-Maldonado, M.L.; De Witte, P.A.M.; Crawford, A.D.; Sylla-Iyarreta Veitía, M.S.-I.; Pérez-Jiménez, F.; Arán, V.J.","Siverio-Mota, Dany (54414888900); Andújar, Isabel (26537198900); Marrero-Ponce, Yovani (55665599200); Giner, R. M. (35554633300); Díaz-Mendoza, Claudia (55258973100); Manjarrez, Ganiveth (56317854100); Vicet-Muro, Liliana (55314347900); Cordero-Maldonado, María Lorena (53063501800); De Witte, Peter A.M. (7006646483); Crawford, Alexander D. (57217097801); Sylla-Iyarreta Veitía, Maité (40262701000); Pérez-Jiménez, Facundo (37112801700); Arán, Vicente J. (6601927074)","54414888900; 26537198900; 55665599200; 35554633300; 55258973100; 56317854100; 55314347900; 53063501800; 7006646483; 57217097801; 40262701000; 37112801700; 6601927074","Anti-inflammatory activity and cheminformatics analysis of new potent 2-substituted 1-methyl-5-nitroindazolinones","2017","Current Topics in Medicinal Chemistry","17","30","","3236","3248","0","1","10.2174/1568026618666180119125255","https://www.scopus.com/inward/record.uri?eid=2-s2.0-85043303519&doi=10.2174%2F1568026618666180119125255&partnerID=40&md5=1847e99897983b9e4ce91c2165da4f0e","Article","Final","All Open Access; Bronze Open Access; Green Accepted Open Access; Green Open Access","Scopus","2-s2.0-85043303519"
"Fang, S.-P.; Jao, P.F.; Senior, D.E.; Kim, K.-T.; Yoon, Y.-K.","Fang, Shengpo (55369366700); Jao, Pitfee (36698143800); Senior, David E. (36698427600); Kim, Kyoung-tae (7409321912); Yoon, Yong Kyu Yk (7402126778)","55369366700; 36698143800; 36698427600; 7409321912; 7402126778","Study on high throughput nanomanufacturing of photopatternable nanofibers using tube nozzle electrospinning with multi-tubes and multi-nozzles","2017","Micro and Nano Systems Letters","5","1","10","","","0","9","10.1186/s40486-017-0044-z","https://www.scopus.com/inward/record.uri?eid=2-s2.0-85041208020&doi=10.1186%2Fs40486-017-0044-z&partnerID=40&md5=8d32418253dba18418a5614f1cbfdd0f","Letter","Final","All Open Access; Gold Open Access","Scopus","2-s2.0-85041208020"
"Martinez-Santos, J.C.; Acevedo-Patĩno, O.; Contreras-Ortiz, S.H.","Martinez-Santos, Juan Carlos (26325154200); Acevedo-Patĩno, Oscar (57197327858); Contreras-Ortiz, Sonia H. (57210822856)","26325154200; 57197327858; 57210822856","Influence of Arduino on the Development of Advanced Microcontrollers Courses","2017","Revista Iberoamericana de Tecnologias del Aprendizaje","12","4","8123929","208","217","0","29","10.1109/RITA.2017.2776444","https://www.scopus.com/inward/record.uri?eid=2-s2.0-85040307034&doi=10.1109%2FRITA.2017.2776444&partnerID=40&md5=29bca66987c99267d7fc8ef827c52fa5","Article","Final","","Scopus","2-s2.0-85040307034"
"Hernández-Carmona, F.; Morales-Matos, Y.; Lambis-Miranda, H.A.; Pasqualino, J.","Hernández-Carmona, Franklin (57195738873); Morales-Matos, Yeison (57195738374); Lambis-Miranda, Henry A. (57194689395); Pasqualino, Jorgelina C. (14622047600)","57195738873; 57195738374; 57194689395; 14622047600","Starch extraction potential from plantain peel wastes","2017","Journal of Environmental Chemical Engineering","5","5","","4980","4985","0","77","10.1016/j.jece.2017.09.034","https://www.scopus.com/inward/record.uri?eid=2-s2.0-85029668787&doi=10.1016%2Fj.jece.2017.09.034&partnerID=40&md5=694195b49a3023dc9de7950c4fc3fa5c","Article","Final","","Scopus","2-s2.0-85029668787"
"Montes-Grajales, D.; Fennix-Agudelo, M.; Miranda-Castro, W.","Montes-Grajales, Diana (55670024000); Fennix-Agudelo, Mary Andrea (57193855099); Miranda-Castro, Wendy (57193857478)","55670024000; 57193855099; 57193857478","Occurrence of personal care products as emerging chemicals of concern in water resources: A review","2017","Science of the Total Environment","595","","","601","614","0","313","10.1016/j.scitotenv.2017.03.286","https://www.scopus.com/inward/record.uri?eid=2-s2.0-85017095281&doi=10.1016%2Fj.scitotenv.2017.03.286&partnerID=40&md5=e3589997da6aef8bac263f2eb6f9e1fc","Review","Final","","Scopus","2-s2.0-85017095281"
"Puertas, E.; Alvarado Valencia, J.A.; Pomares-Quimbaya, A.","Puertas, Edwin (57202285682); Alvarado Valencia, Jorge Andrés (57211415779); Pomares-Quimbaya, Alexandra (24832026300)","57202285682; 57211415779; 24832026300","Constructor automático de modelos dominios sin corpus preexistente; Automatic constructor of domain models without pre-xisting corpus","2017","Procesamiento del Lenguaje Natural","59","","","129","132","0","1","","https://www.scopus.com/inward/record.uri?eid=2-s2.0-85028891408&partnerID=40&md5=d62ff79c8ca26da96a73803e9ae860e9","Article","Final","","Scopus","2-s2.0-85028891408"
"Hughes, S.; Garcés-Prettel, M.; Márquez-Ramírez, M.; Arroyave, J.","Hughes, Sallie (8091728300); Garcés-Prettel, Miguel Efrén (57193012270); Márquez-Ramírez, Mireya (57193011223); Arroyave, Jesús Antonio (57218461329)","8091728300; 57193012270; 57193011223; 57218461329","Rethinking professional autonomy: Autonomy to develop and to publish news in Mexico and Colombia","2017","Journalism","18","8","","956","976","0","50","10.1177/1464884916659409","https://www.scopus.com/inward/record.uri?eid=2-s2.0-85027549400&doi=10.1177%2F1464884916659409&partnerID=40&md5=bef336ecaa99220d12a9b121a095cdd1","Article","Final","","Scopus","2-s2.0-85027549400"
"Narváez, A.; Cortes, C.; Trujillo, C.","Narváez, Alexander J. (57224404584); Cortes, Camilo A. (16243944100); Trujillo, César L. (24470081300)","57224404584; 16243944100; 24470081300","Comparative analysis of topologies for the interconnection of batteries and supercapacitors in a Hybrid Energy Storage System","2017","","","","7972542","","","0","16","10.1109/PEDG.2017.7972542","https://www.scopus.com/inward/record.uri?eid=2-s2.0-85027877289&doi=10.1109%2FPEDG.2017.7972542&partnerID=40&md5=4f52435c59c1952a488d1f6135e958fa","Conference paper","Final","","Scopus","2-s2.0-85027877289"
"Sana, S.S.; Herrera-Vidal, G.; Acevedo-Chedid, J.","Sana, Shib Sankar (15078194000); Herrera-Vidal, German (57193094721); Acevedo-Chedid, Jaime (57193533853)","15078194000; 57193094721; 57193533853","Collaborative Model on the Agro-Industrial Supply Chain of Cocoa","2017","Cybernetics and Systems","48","4","","325","347","0","19","10.1080/01969722.2017.1285160","https://www.scopus.com/inward/record.uri?eid=2-s2.0-85014723713&doi=10.1080%2F01969722.2017.1285160&partnerID=40&md5=81d5836e5acd6a2099ff03bc369b8549","Article","Final","","Scopus","2-s2.0-85014723713"
"Ganguly, P.; Senior, D.E.; Chakrabarti, A.; Parimi, P.V.","Ganguly, Prapti (56437346100); Senior, David E. (36698427600); Chakrabarti, Amlan K. (24342850300); Parimi, Patanjali V. (6701781388)","56437346100; 36698427600; 24342850300; 6701781388","Sensitive transmit receive architecture for body wearable RF plethysmography sensor","2017","","0","","7931277","","","0","2","10.1109/APMC.2016.7931277","https://www.scopus.com/inward/record.uri?eid=2-s2.0-85021204547&doi=10.1109%2FAPMC.2016.7931277&partnerID=40&md5=99a36b27d175c6ce11fc2e530394c7e3","Conference paper","Final","","Scopus","2-s2.0-85021204547"
"Vassileva, I.; Campillo, J.; Schwede, S.","Vassileva, Iana (26424866700); Campillo, Javier E. (55609096600); Schwede, Sebastian (55660676100)","26424866700; 55609096600; 55660676100","Technology assessment of the two most relevant aspects for improving urban energy efficiency identified in six mid-sized European cities from case studies in Sweden","2017","Applied Energy","194","","","808","818","0","18","10.1016/j.apenergy.2016.07.097","https://www.scopus.com/inward/record.uri?eid=2-s2.0-85040861722&doi=10.1016%2Fj.apenergy.2016.07.097&partnerID=40&md5=032f5177899cb1198d322248661b0591","Article","Final","","Scopus","2-s2.0-85040861722"
"Hughes, S.; Mellado, C.; Arroyave, J.; Benítez, J.L.; De Beer, A.; Garcés-Prettel, M.; Lang, K.; Márquez-Ramírez, M.","Hughes, Sallie (8091728300); Mellado, Claudia (24504020400); Arroyave, Jesús Antonio (57218461329); Benítez, José Luis (12761281900); De Beer, Arnold S. (56994873000); Garcés-Prettel, Miguel Efrén (57193012270); Lang, Katharina (57193010311); Márquez-Ramírez, Mireya (57193011223)","8091728300; 24504020400; 57218461329; 12761281900; 56994873000; 57193012270; 57193010311; 57193011223","Expanding Influences Research to Insecure Democracies: How violence, public insecurity, economic inequality and uneven democratic performance shape journalists’ perceived work environments","2017","Journalism Studies","18","5","","645","665","0","60","10.1080/1461670X.2016.1266278","https://www.scopus.com/inward/record.uri?eid=2-s2.0-85009986862&doi=10.1080%2F1461670X.2016.1266278&partnerID=40&md5=174bb957281b52572cba8aa55e99a91d","Article","Final","All Open Access; Green Accepted Open Access; Green Open Access","Scopus","2-s2.0-85009986862"
"Gutiérrez-Ruiz, K.; Mejía Pérez, K.; López Murillo, A.; Cuadros Aristizabal, U.; Suarez Morelo, D.","Gutiérrez-Ruiz, Karol Patricia (57192930752); Mejía Pérez, Karolain (57201402442); López Murillo, Alejandra (57201409522); Cuadros Aristizabal, Uberly (57201400874); Suarez Morelo, Daniela (57201401481)","57192930752; 57201402442; 57201409522; 57201400874; 57201401481","Influence of sex and task difficulty on switching attention; Influencia del sexo y la dificultad de la tarea en el cambio atencional","2017","Anuario de Psicologia","47","2","","80","86","0","1","10.1016/j.anpsic.2017.10.002","https://www.scopus.com/inward/record.uri?eid=2-s2.0-85044634765&doi=10.1016%2Fj.anpsic.2017.10.002&partnerID=40&md5=0157415d7476ee92dfffc6f092a1e1d0","Article","Final","All Open Access; Gold Open Access","Scopus","2-s2.0-85044634765"
"Acevedo-Patĩno, O.; Kagaris, D.","Acevedo-Patĩno, Oscar (57197327858); Kagaris, Dimitri (7004389110)","57197327858; 7004389110","LFSR characteristic polynomial and phase shifter computation for two-dimensional test set generation","2017","","","","7906758","","","0","2","10.1109/LATW.2017.7906758","https://www.scopus.com/inward/record.uri?eid=2-s2.0-85020214634&doi=10.1109%2FLATW.2017.7906758&partnerID=40&md5=a7de973e26066623641d1cf58bd57634","Conference paper","Final","","Scopus","2-s2.0-85020214634"
"Patino, O.A.; Martinez-Santos, J.C.","Patino, Oscar Acevedo (57192643059); Martinez-Santos, Juan Carlos (26325154200)","57192643059; 26325154200","Physical-aware pattern selection for stuck-at faults","2017","","","","7906754","","","0","1","10.1109/LATW.2017.7906754","https://www.scopus.com/inward/record.uri?eid=2-s2.0-85020204386&doi=10.1109%2FLATW.2017.7906754&partnerID=40&md5=f4eed3cfca2d877352ba55839baf00bb","Conference paper","Final","","Scopus","2-s2.0-85020204386"
"Mercado-Aguirre, I.M.; Mercado-Medina, E.L.; Chavarro-Hernandez, Z.D.; Dominguez-Jimenez, J.A.; Contreras-Ortiz, S.H.","Mercado-Aguirre, Isabela M. (57190165939); Mercado-Medina, Edgardo Luis (56682863100); Chavarro-Hernandez, Zulay D. (56682866800); Dominguez-Jimenez, J. A. (56682770100); Contreras-Ortiz, Sonia H. (57210822856)","57190165939; 56682863100; 56682866800; 56682770100; 57210822856","A wearable system for biosignal monitoring in weightlifting","2017","Sports Engineering","20","1","","73","80","0","3","10.1007/s12283-016-0212-z","https://www.scopus.com/inward/record.uri?eid=2-s2.0-84978148116&doi=10.1007%2Fs12283-016-0212-z&partnerID=40&md5=bdadbcde996c12d2ad1772b4b06abc1e","Article","Final","","Scopus","2-s2.0-84978148116"
"Escobar-Pérez, J.; Reyes, N.; Márquez-Ortiz, R.A.; Rebollo-Pérez, J.; Pinzón, H.; Tovar-Acero, C.; Moreno-Castañeda, J.; Corredor Rozo, Z.L.; Castro, B.E.; Moncada, M.V.; Vanegas, N.","Escobar-Pérez, Javier Antonio (55625953000); Reyes, Niradiz (22942253700); Márquez-Ortiz, Ricaurte Alejandro (55571832000); Rebollo-Pérez, Juan Alberto (58619330000); Pinzón, Hernando Samuel (55782490400); Tovar-Acero, Catalina (55827740400); Moreno-Castañeda, Jaime (57193152778); Corredor Rozo, Zayda Lorena (57193159987); Castro, Betsy E. (53871057400); Moncada, María Victoria (57193153801); Vanegas, Natasha (15137439000)","55625953000; 22942253700; 55571832000; 58619330000; 55782490400; 55827740400; 57193152778; 57193159987; 53871057400; 57193153801; 15137439000","Emergence and spread of a new community-genotype methicillin-resistant Staphylococcus aureus clone in Colombia","2017","BMC Infectious Diseases","17","1","108","","","0","6","10.1186/s12879-017-2193-3","https://www.scopus.com/inward/record.uri?eid=2-s2.0-85011304759&doi=10.1186%2Fs12879-017-2193-3&partnerID=40&md5=d3c80d68da013f358ae89566a813e8dc","Article","Final","All Open Access; Gold Open Access; Green Accepted Open Access; Green Open Access","Scopus","2-s2.0-85011304759"
"Giraldo-Guzmán, J.; Marrugo, A.G.; Contreras-Ortiz, S.H.","Giraldo-Guzmán, Jader Alexander (56520286300); Marrugo, Andrés G. (24329839300); Contreras-Ortiz, Sonia H. (57210822856)","56520286300; 24329839300; 57210822856","Vehicle speed estimation using audio features and neural networks","2017","","","","7836250","","","0","11","10.1109/ANDESCON.2016.7836250","https://www.scopus.com/inward/record.uri?eid=2-s2.0-85015226955&doi=10.1109%2FANDESCON.2016.7836250&partnerID=40&md5=cbf64aeb5870df4734606410095e554e","Conference paper","Final","","Scopus","2-s2.0-85015226955"
"Villa, J.L.; Paez, J.; Quintero, C.; Yime, E.; Cabrera Tovar, J.","Villa, J. L. (7005142049); Paez, Jheifer (56682671200); Quintero, C. (57214354275); Yime, Eugenio (22837432800); Cabrera Tovar, Jairo Humberto (57193252278)","7005142049; 56682671200; 57214354275; 22837432800; 57193252278","Design and control of an unmanned surface vehicle for environmental monitoring applications","2017","","","","7811411","","","0","23","10.1109/CCRA.2016.7811411","https://www.scopus.com/inward/record.uri?eid=2-s2.0-85011965382&doi=10.1109%2FCCRA.2016.7811411&partnerID=40&md5=6286c27b5dd80479d3519101a6368fc0","Conference paper","Final","","Scopus","2-s2.0-85011965382"
"Campos, A.A.C.; da Silva, L.; Gonzalez, L.E.G.","Campos, Alexandre (57194794100); da Silva, Leandro (57205075416); Gonzalez, Luis Eduardo Garcia (57221460543)","57194794100; 57205075416; 57221460543","Robot Position Optimization Based on Joint Mean Torque Norm","2017","Lecture Notes in Networks and Systems","13","","","1","12","0","0","10.1007/978-3-319-54377-2_1","https://www.scopus.com/inward/record.uri?eid=2-s2.0-85106792059&doi=10.1007%2F978-3-319-54377-2_1&partnerID=40&md5=8e139c6c9fd161b99bb9f795a5f6320a","Book chapter","Final","","Scopus","2-s2.0-85106792059"
"Vázquez-Miraz, P.; Vázquez-Miraz, J.","Vázquez-Miraz, Pedro (57196040759); Vázquez-Miraz, Jaime (57210157072)","57196040759; 57210157072","Descriptive analysis of female representations in the Spanish peseta; Análisis descriptivo de las representaciones femeninas en la peseta Española","2017","Revista Numismatica Hecate","","4","","255","265","0","1","","https://www.scopus.com/inward/record.uri?eid=2-s2.0-85069744540&partnerID=40&md5=72c2dcfaea97ad3603606488ef5514e3","Article","Final","","Scopus","2-s2.0-85069744540"
"Martínez-Buelvas, L.; Jaramillo, O.; Gamarra-Amarís, O.; Llinás-Herrera, A.; Jiménez-Pérez, F.","Martínez-Buelvas, Laura Patricia (57039103600); Jaramillo, Olga (57202514794); Gamarra-Amarís, Osvaldo (57202515982); Llinás-Herrera, Andrea (57202515429); Jiménez-Pérez, Fernando (57202510720)","57039103600; 57202514794; 57202515982; 57202515429; 57202510720","Perception of working conditions on the quality of working life: Employees linked to health companies in Barranquilla, Colombia","2017","","2017-January","","","2076","2089","0","1","","https://www.scopus.com/inward/record.uri?eid=2-s2.0-85048639323&partnerID=40&md5=936a7a89d89502be15a3d57e0a6164a6","Conference paper","Final","","Scopus","2-s2.0-85048639323"
"Toro-González, D.","Toro-González, Daniel (56380539800)","56380539800","The craft brewing industry in latin America: The case of Colombia","2017","","","","","115","136","0","8","10.1007/978-3-319-58235-1_4","https://www.scopus.com/inward/record.uri?eid=2-s2.0-85042620217&doi=10.1007%2F978-3-319-58235-1_4&partnerID=40&md5=88d9b9cf2d27230b1e9caae0f1d4acd5","Book chapter","Final","","Scopus","2-s2.0-85042620217"
"Fajardo Cuadro, J.; Sarria, B.; Padron, J.; Barreto, D.","Fajardo Cuadro, Juan Gabriel (56581610900); Sarria, B. (56581727500); Padron, J. (57200341087); Barreto, Deibys (57190756815)","56581610900; 56581727500; 57200341087; 57190756815","Thermoeconomic analysis of pvc production plant reactors cooling system","2017","","6","","","","","0","2","10.1115/IMECE2017-70171","https://www.scopus.com/inward/record.uri?eid=2-s2.0-85040943283&doi=10.1115%2FIMECE2017-70171&partnerID=40&md5=036820673b58be263c913897921c4a8a","Conference paper","Final","","Scopus","2-s2.0-85040943283"
"Sierra, E.; Marrugo, A.G.; Millán, M.S.","Sierra, Enrique (56682678200); Marrugo, Andrés G. (24329839300); Millán, María S. (7201466399)","56682678200; 24329839300; 7201466399","Dust particle artifact detection and removal in retinal images","2017","Optica Pura y Aplicada","50","4","","379","387","0","7","10.7149/OPA.50.4.49075","https://www.scopus.com/inward/record.uri?eid=2-s2.0-85039953172&doi=10.7149%2FOPA.50.4.49075&partnerID=40&md5=b8548a2c5ddd1a8bc21c95105795d6b8","Article","Final","All Open Access; Gold Open Access","Scopus","2-s2.0-85039953172"
"Giraldo-Guzmán, J.; Contreras-Ortiz, S.H.; Lasprilla, G.I.B.; Kotas, M.","Giraldo-Guzmán, Jader Alexander (56520286300); Contreras-Ortiz, Sonia H. (57210822856); Lasprilla, Gloria Isabel Bautista (57199861860); Kotas, Marian P. (55985160800)","56520286300; 57210822856; 57199861860; 55985160800","Fetal ECG extraction using independent component analysis by Jade approach","2017","Proceedings of SPIE - The International Society for Optical Engineering","10572","","105720V","","","0","5","10.1117/12.2285962","https://www.scopus.com/inward/record.uri?eid=2-s2.0-85038431554&doi=10.1117%2F12.2285962&partnerID=40&md5=0e94fccd51241e90f1097bdf2e90e1fc","Conference paper","Final","","Scopus","2-s2.0-85038431554"
"Flórez-Prias, L.A.; Contreras-Ortiz, S.H.","Flórez-Prias, L. A. (57199857784); Contreras-Ortiz, Sonia H. (57210822856)","57199857784; 57210822856","Analysis of sEMG signals using discrete wavelet transform for muscle fatigue detection","2017","Proceedings of SPIE - The International Society for Optical Engineering","10572","","105720S","","","0","0","10.1117/12.2285950","https://www.scopus.com/inward/record.uri?eid=2-s2.0-85038430967&doi=10.1117%2F12.2285950&partnerID=40&md5=20be01052c48ddde9317540ba5de707c","Conference paper","Final","","Scopus","2-s2.0-85038430967"
"Garcés-Prettel, M.; Jaramillo Echeverri, L.-G.","Garcés-Prettel, Miguel Efrén (57193012270); Jaramillo Echeverri, Luis Guillermo (57057826700)","57193012270; 57057826700","Ronda del Sinú Avenue: Spaces and meanings; Avenida ronda del sinú: Entre espacios y significados","2017","Revista Luna Azul","44","","","247","264","0","2","10.17151/luaz.2017.44.15","https://www.scopus.com/inward/record.uri?eid=2-s2.0-85036563435&doi=10.17151%2Fluaz.2017.44.15&partnerID=40&md5=83997538274cc473336a3dc018bdb772","Article","Final","All Open Access; Gold Open Access","Scopus","2-s2.0-85036563435"
"Del Rio Cortina, J.; Cardona, D.; Simancas-Trujillo, R.","Del Rio Cortina, Jorge Luis (57197807415); Cardona, Diego A. (57195632504); Simancas-Trujillo, Ricardo Antonio (57197811010)","57197807415; 57195632504; 57197811010","Proposal of a theoretical model of branding for the positioning of the university brand; Propuesta de un modelo teórico de branding para el posicionamiento de la marca universitaria","2017","Espacios","38","53","36","","","0","6","","https://www.scopus.com/inward/record.uri?eid=2-s2.0-85034969537&partnerID=40&md5=cf800e145e27c10016864239747344ed","Article","Final","","Scopus","2-s2.0-85034969537"
"Hernández-Palma, H.G.; Cardona, D.; Del Rio Cortina, J.","Hernández-Palma, Hugo Gaspar (57194016904); Cardona, Diego A. (57195632504); Del Rio Cortina, Jorge Luis (57197807415)","57194016904; 57195632504; 57197807415","Strategic direction: Projection of technological innovation and administrative management in small enterprises; Direccionamiento estratégico: Proyección de la innovación tecnológica y gestión administrativa en las pequeñas empresas","2017","Informacion Tecnologica","28","5","","15","22","0","34","10.4067/S0718-07642017000500003","https://www.scopus.com/inward/record.uri?eid=2-s2.0-85032371374&doi=10.4067%2FS0718-07642017000500003&partnerID=40&md5=2ca8651c3030b587972dd859009a7255","Article","Final","All Open Access; Gold Open Access; Green Accepted Open Access; Green Final Open Access; Green Open Access","Scopus","2-s2.0-85032371374"
"Vázquez-Miraz, P.","Vázquez-Miraz, Pedro (57196040759)","57196040759","The role of women in Rainbow of Peace, by Fray Pedro de Santa María y Ulloa; El rol de la mujer en Arco Iris de Paz, de Fray Pedro de Santa María y Ulloa","2017","Revista de Humanidades (SPAIN)","","32","","139","160","0","2","10.5944/rdh.32.2017.18869","https://www.scopus.com/inward/record.uri?eid=2-s2.0-85031290574&doi=10.5944%2Frdh.32.2017.18869&partnerID=40&md5=8c1e8f3408374edca9c28ff7853e41f9","Review","Final","All Open Access; Gold Open Access","Scopus","2-s2.0-85031290574"
"Perez, E.; Hurtado, J.; Villa, J.L.","Perez, Edgar Villa (57195914957); Hurtado, Julio Seferino (57195913859); Villa, J. L. (7005142049)","57195914957; 57195913859; 7005142049","Design and implementation of an energy monitoring system for buildings based on internet of things architecture","2017","Communications in Computer and Information Science","742","","","339","348","0","1","10.1007/978-3-319-66963-2_31","https://www.scopus.com/inward/record.uri?eid=2-s2.0-85030032106&doi=10.1007%2F978-3-319-66963-2_31&partnerID=40&md5=8844d60dec93c8efc55c291468265db8","Conference paper","Final","","Scopus","2-s2.0-85030032106"
"Figueroa-García, J.C.; LóPez-Santana, E.R.; Villa, J.L.; Ferro-Escobar, R.","Figueroa-García, Juan Carlos (24767828800); LóPez-Santana, Eduyn Ramiro (57189442448); Villa, J. L. (7005142049); Ferro-Escobar, Roberto (16174917900)","24767828800; 57189442448; 7005142049; 16174917900","Applied computer sciences in engineering: 4th workshop on engineering applications, WEA 2017 Cartagena, Colombia, september 27-29, 2017 proceedings","2017","Communications in Computer and Information Science","742","","","III","IV","0","1","","https://www.scopus.com/inward/record.uri?eid=2-s2.0-85030031564&partnerID=40&md5=3746afd15a92f9e23d2d7b2fabc44db7","Conference paper","Final","","Scopus","2-s2.0-85030031564"
"Porto-Solano, O.; Acuña, L.; VillaRamírez, J.L.","Porto-Solano, Oscar (56520373900); Acuña, Leonardo Castellanos (57220920906); VillaRamírez, Jose Luis (57195913774)","56520373900; 57220920906; 57195913774","Power monitoring based on industrial internet of things","2017","Communications in Computer and Information Science","742","","","324","330","0","0","10.1007/978-3-319-66963-2_29","https://www.scopus.com/inward/record.uri?eid=2-s2.0-85030030491&doi=10.1007%2F978-3-319-66963-2_29&partnerID=40&md5=ac9a976c289a905f2ea789aa4f05c632","Conference paper","Final","","Scopus","2-s2.0-85030030491"
"Delgado, I.B.; Magre, L.A.M.; Argüello-Prada, E.J.; Martinez-Santos, J.C.","Delgado, Ivan Baños (57212004586); Magre, Luz Alejandra (56682785300); Argüello-Prada, Erick Javier (55515784100); Martinez-Santos, Juan Carlos (26325154200)","57212004586; 56682785300; 55515784100; 26325154200","Irrigation system for oil palm in Colombia - an internet of things approach","2017","Communications in Computer and Information Science","742","","","300","311","0","3","10.1007/978-3-319-66963-2_27","https://www.scopus.com/inward/record.uri?eid=2-s2.0-85030029940&doi=10.1007%2F978-3-319-66963-2_27&partnerID=40&md5=0d7215b13cb3655f389db40e8b5a6fec","Conference paper","Final","","Scopus","2-s2.0-85030029940"
"Figueroa-García, J.C.; LóPez-Santana, E.R.; Villa, J.L.; Ferro-Escobar, R.","Figueroa-García, Juan Carlos (24767828800); LóPez-Santana, Eduyn Ramiro (57189442448); Villa, J. L. (7005142049); Ferro-Escobar, Roberto (16174917900)","24767828800; 57189442448; 7005142049; 16174917900","Preface","2017","Communications in Computer and Information Science","742","","","V","VI","0","2","","https://www.scopus.com/inward/record.uri?eid=2-s2.0-85030027376&partnerID=40&md5=7dc7173d6405257a50365abfcabdaaa4","Editorial","Final","","Scopus","2-s2.0-85030027376"
"Ospina-Mateus, H.; Acevedo-Chedid, J.; Salas-Navarro, K.; Morales-Londoño, N.; Montero-Perez, J.","Ospina-Mateus, Holman (57194034904); Acevedo-Chedid, Jaime (57193533853); Salas-Navarro, Katherinne (57193504630); Morales-Londoño, Natalie (57195913974); Montero-Perez, Jairo (57195913794)","57194034904; 57193533853; 57193504630; 57195913974; 57195913794","Model of optimization of mining complex for the planning of flow of quarry production of limestone in multiple products and with elements for the analysis of the capacity","2017","Communications in Computer and Information Science","742","","","544","555","0","3","10.1007/978-3-319-66963-2_48","https://www.scopus.com/inward/record.uri?eid=2-s2.0-85030026163&doi=10.1007%2F978-3-319-66963-2_48&partnerID=40&md5=dab8fc2072f08761db341843af2d2a24","Conference paper","Final","","Scopus","2-s2.0-85030026163"
"Benjumea, E.; Espitia, J.; Leonardo Diaz, L.; Torres Moreno, C.","Benjumea, Eberto (57195681584); Espitia, José (57195685665); Leonardo Diaz, M. A. (55570229300); Torres Moreno, Cesar Orlando (55793189473)","57195681584; 57195685665; 55570229300; 55793189473","Infrared light sensor applied to early detection of tooth decay","2017","Proceedings of SPIE - The International Society for Optical Engineering","10453","","1045328","","","0","0","10.1117/12.2275922","https://www.scopus.com/inward/record.uri?eid=2-s2.0-85029499476&doi=10.1117%2F12.2275922&partnerID=40&md5=863175110d4c7834e8e66b4136205a23","Conference paper","Final","","Scopus","2-s2.0-85029499476"
"Trujillo, C.; Henao, G.; Castro, J.; Narváez, A.","Trujillo, César L. (24470081300); Henao, Gabriel (57195627533); Castro, Johann (57195632898); Narváez, Alexander J. (57224404584)","24470081300; 57195627533; 57195632898; 57224404584","Design and development of a LED Driver prototype with a Single-Stage PFC and low current harmonic distortion","2017","IEEE Latin America Transactions","15","8","7994781","1368","1375","0","19","10.1109/TLA.2017.7994781","https://www.scopus.com/inward/record.uri?eid=2-s2.0-85029393149&doi=10.1109%2FTLA.2017.7994781&partnerID=40&md5=bed36164f447a6ff85170d4630bcdff3","Article","Final","","Scopus","2-s2.0-85029393149"
"Caicedo-Torres, W.; Montes-Grajales, D.; Miranda-Castro, W.; Fennix-Agudelo, M.; Agudelo-Herrera, N.","Caicedo-Torres, William (55782426500); Montes-Grajales, Diana (55670024000); Miranda-Castro, Wendy (57193857478); Fennix-Agudelo, Mary Andrea (57193855099); Agudelo-Herrera, Nicolas (57195570557)","55782426500; 55670024000; 57193857478; 57193855099; 57195570557","Kernel-based machine learning models for the prediction of dengue and chikungunya morbidity in Colombia","2017","Communications in Computer and Information Science","735","","","472","484","0","13","10.1007/978-3-319-66562-7_34","https://www.scopus.com/inward/record.uri?eid=2-s2.0-85028893106&doi=10.1007%2F978-3-319-66562-7_34&partnerID=40&md5=288a7187da12b4108c05cb958199ee5c","Conference paper","Final","","Scopus","2-s2.0-85028893106"
"Magre, L.A.M.; Martinez-Santos, J.C.","Magre, Luz Alejandra (56682785300); Martinez-Santos, Juan Carlos (26325154200)","56682785300; 26325154200","Leveraging 1-wire communication bus system for secure home automation","2017","Communications in Computer and Information Science","735","","","759","771","0","3","10.1007/978-3-319-66562-7_54","https://www.scopus.com/inward/record.uri?eid=2-s2.0-85028646233&doi=10.1007%2F978-3-319-66562-7_54&partnerID=40&md5=f7af46026880c70953c761e97b63d9f3","Conference paper","Final","","Scopus","2-s2.0-85028646233"
"Carrillo Caballero, G.E.; Mendoza Castellanos, L.S.; Reyes, A.M.; Silva Lora, E.E.; Melian Cobas, V.R.; Venturini, O.J.; Del Olmo, O.A.","Carrillo Caballero, Gaylord Enrique (57193171659); Mendoza Castellanos, Luis Sebastian (57193169160); Reyes, Arnaldo Martín Martinez (57194178713); Silva Lora, Electo Eduardo (35606579500); Melian Cobas, Vladimir Rafael (6504307714); Venturini, Osvaldo Jose (23092328600); Del Olmo, Oscar Almazán (56709564600)","57193171659; 57193169160; 57194178713; 35606579500; 6504307714; 23092328600; 56709564600","Optimization of a Dish Stirling system working with DIR-type receiver using multi-objective techniques","2017","Applied Energy","204","","","271","286","0","57","10.1016/j.apenergy.2017.07.053","https://www.scopus.com/inward/record.uri?eid=2-s2.0-85025087578&doi=10.1016%2Fj.apenergy.2017.07.053&partnerID=40&md5=da6eac5c33c85bc0809a2f7e2a82c4e2","Article","Final","","Scopus","2-s2.0-85025087578"
"Cano, A.J.; Vergara Arrieta, J.J.; Puerta-Guardo, A.F.","Cano, Jose Alejandro (57206782738); Vergara Arrieta, José Julio (57194764844); Puerta-Guardo, Fabio Andrés (58619059200)","57206782738; 57194764844; 58619059200","Design and implementation of a balanced scorecard in a colombian company","2017","Espacios","38","31","19","","","0","9","","https://www.scopus.com/inward/record.uri?eid=2-s2.0-85022016291&partnerID=40&md5=6fb095a3738bb2ae5a929bf28f5be971","Article","Final","","Scopus","2-s2.0-85022016291"
"Vergara Arrieta, J.J.; Carbal Herrera, A.E.","Vergara Arrieta, José Julio (57194764844); Carbal Herrera, Adolfo Enrique (57194770163)","57194764844; 57194770163","Social and environmental costs of the double carriageway to the sea Cartagena-Barranquilla Section 1; Costos sociales y ambientales de la doble calzada vía al mar Cartagena-Barranquilla Tramo 1","2017","Espacios","38","31","12","","","0","1","","https://www.scopus.com/inward/record.uri?eid=2-s2.0-85021931445&partnerID=40&md5=105f827816e1e27aed34a98e6ddece06","Article","Final","","Scopus","2-s2.0-85021931445"
"Valencia, M.C.","Valencia, Maria Clara (57194768207)","57194768207","Creating emotional proximity with the environment","2017","","","","","260","262","0","0","10.4324/9781315562148","https://www.scopus.com/inward/record.uri?eid=2-s2.0-85021892747&doi=10.4324%2F9781315562148&partnerID=40&md5=63d8324772c786a54f6bfa491373265f","Book chapter","Final","","Scopus","2-s2.0-85021892747"
"Acevedo-Chedid, J.; Salas-Navarro, K.; Ospina-Mateus, H.; Santander-Mercado, A.","Acevedo-Chedid, Jaime (57193533853); Salas-Navarro, Katherinne (57193504630); Ospina-Mateus, Holman (57194034904); Santander-Mercado, Alcides R. (57185806100)","57193533853; 57193504630; 57194034904; 57185806100","Reactive scheduling in collaborative supply chain: A literature review; Reprogramación de producción en cadenas de suministro colaborativas: Una revisión de la literatura","2017","Espacios","38","29","30","","","0","0","","https://www.scopus.com/inward/record.uri?eid=2-s2.0-85021369604&partnerID=40&md5=5f726c13ef14757839dce458002738c2","Article","Final","","Scopus","2-s2.0-85021369604"
"Palencia Díaz, A.; Barraza-Botet, C.; Bula Silvera, A.J.","Palencia Díaz, Argemiro (56801043600); Barraza-Botet, Cesar L. (56724273500); Bula Silvera, Antonio José (6602652627)","56801043600; 56724273500; 6602652627","Experimental study of flat plate cooling using draft induced by a submerged radial jet","2017","Revista Facultad de Ingenieria","2017","83","","57","64","0","0","10.17533/udea.redin.n83a08","https://www.scopus.com/inward/record.uri?eid=2-s2.0-85021267754&doi=10.17533%2Fudea.redin.n83a08&partnerID=40&md5=0979ccfb9d3e553e75dbaddd7f1e83f9","Article","Final","All Open Access; Gold Open Access; Green Accepted Open Access; Green Final Open Access; Green Open Access","Scopus","2-s2.0-85021267754"
"Salas-Navarro, K.; Maiguel-Mejía, H.; Acevedo-Chedid, J.","Salas-Navarro, Katherinne (57193504630); Maiguel-Mejía, Henry (57194597254); Acevedo-Chedid, Jaime (57193533853)","57193504630; 57194597254; 57193533853","Inventory Management Methodology to determine the levels of integration and collaboration in supply chain; Metodología de Gestión de Inventarios para determinar los niveles de integración y colaboración en una cadena de suministro","2017","Ingeniare","25","2","","326","337","0","18","10.4067/S0718-33052017000200326","https://www.scopus.com/inward/record.uri?eid=2-s2.0-85021100531&doi=10.4067%2FS0718-33052017000200326&partnerID=40&md5=7f54ac2844707c4716c52b74cd951ca0","Article","Final","All Open Access; Gold Open Access","Scopus","2-s2.0-85021100531"
"Mercado-Aguirre, I.M.; Patiño, A.; Contreras-Ortiz, S.H.","Mercado-Aguirre, Isabela M. (57190165939); Patiño, Alberto (57190688459); Contreras-Ortiz, Sonia H. (57210822856)","57190165939; 57190688459; 57210822856","Region growing segmentation of ultrasound images using gradients and local statistics","2017","Progress in Biomedical Optics and Imaging - Proceedings of SPIE","10139","","101391E","","","0","1","10.1117/12.2254518","https://www.scopus.com/inward/record.uri?eid=2-s2.0-85020784325&doi=10.1117%2F12.2254518&partnerID=40&md5=0748acc0ff91b4d08a60bad7b2a5f36c","Conference paper","Final","","Scopus","2-s2.0-85020784325"
"Ghaviha, N.; Campillo, J.; Bohlin, M.; Dahlquist, E.","Ghaviha, Nima (56943426400); Campillo, Javier E. (55609096600); Bohlin, Markus (23487993800); Dahlquist, Erik (6701334488)","56943426400; 55609096600; 23487993800; 6701334488","Review of Application of Energy Storage Devices in Railway Transportation","2017","Energy Procedia","105","","","4561","4568","0","137","10.1016/j.egypro.2017.03.980","https://www.scopus.com/inward/record.uri?eid=2-s2.0-85020733634&doi=10.1016%2Fj.egypro.2017.03.980&partnerID=40&md5=956345efbbb0f189c4b351e38d9a5db3","Conference paper","Final","All Open Access; Gold Open Access","Scopus","2-s2.0-85020733634"
"Patiño, A.; Contreras-Ortiz, S.H.; Martinez-Santos, J.C.","Patiño, Alberto (57190688459); Contreras-Ortiz, Sonia H. (57210822856); Martinez-Santos, Juan Carlos (26325154200)","57190688459; 57210822856; 26325154200","A low noise stenography method for medical images with QR encoding of patient information","2017","Progress in Biomedical Optics and Imaging - Proceedings of SPIE","10138","","101380H","","","0","3","10.1117/12.2254568","https://www.scopus.com/inward/record.uri?eid=2-s2.0-85020376303&doi=10.1117%2F12.2254568&partnerID=40&md5=4d47f79de00f36617e21668810ddeb1e","Conference paper","Final","","Scopus","2-s2.0-85020376303"
"Sierra-Porta, D.; Chirinos, M.; Stock, J.","Sierra-Porta, D. (57191333650); Chirinos, M. (56003049400); Stock, J. (35186387000)","57191333650; 56003049400; 35186387000","Comparison of solutions to the Thomas-Fermi equation by a direct method and variational calculus","2017","Revista Mexicana de Fisica","63","4","","333","338","0","2","","https://www.scopus.com/inward/record.uri?eid=2-s2.0-85020251039&partnerID=40&md5=f972c8653d7428ad51ef425d696ec832","Article","Final","","Scopus","2-s2.0-85020251039"
"Mercado-Aguirre, I.M.; Contreras-Ortiz, S.H.","Mercado-Aguirre, Isabela M. (57190165939); Contreras-Ortiz, Sonia H. (57210822856)","57190165939; 57210822856","Design and construction of a wearable wireless electrogoniometer for joint angle measurements in sports","2017","IFMBE Proceedings","60","","","389","392","0","4","10.1007/978-981-10-4086-3_98","https://www.scopus.com/inward/record.uri?eid=2-s2.0-85018414490&doi=10.1007%2F978-981-10-4086-3_98&partnerID=40&md5=94bd37d1742ddeac8afb4cb80b20657a","Conference paper","Final","","Scopus","2-s2.0-85018414490"
"Ospina-Mateus, H.; Niño-Prada, B.; Tilbe-Ayola, K.; Contreras-Ortiz, S.H.","Ospina-Mateus, Holman (57194034904); Niño-Prada, Benilda (57194035998); Tilbe-Ayola, Keyla (57194044971); Contreras-Ortiz, Sonia H. (57210822856)","57194034904; 57194035998; 57194044971; 57210822856","Ergonomic and biomechanical evaluation of the use of computers, tablets and smart phones by children. A pilot study","2017","IFMBE Proceedings","60","","","320","324","0","1","10.1007/978-981-10-4086-3_81","https://www.scopus.com/inward/record.uri?eid=2-s2.0-85018396408&doi=10.1007%2F978-981-10-4086-3_81&partnerID=40&md5=854b9a6494f500f9c56a649a44473c77","Conference paper","Final","","Scopus","2-s2.0-85018396408"
"Marrugo, A.G.; Millán, M.S.","Marrugo, Andrés G. (24329839300); Millán, María S. (7201466399)","24329839300; 7201466399","Retinal image analysis: Image processing and feature extraction oriented to the clinical task","2017","Optica Pura y Aplicada","50","1","","49","62","0","4","10.7149/OPA.50.1.49507","https://www.scopus.com/inward/record.uri?eid=2-s2.0-85016604839&doi=10.7149%2FOPA.50.1.49507&partnerID=40&md5=8541398c4401d3d9a9bba1cf14ca93e8","Article","Final","All Open Access; Gold Open Access","Scopus","2-s2.0-85016604839"
"Romero, L.A.; Millán, M.S.","Romero, Lenny A. (36142156300); Millán, María S. (7201466399)","36142156300; 7201466399","Programmable diffractive optical elements with applicability in ophthalmic optics; Elementos ópticos difractivos programables con aplicabilidad en óptica oftálmica","2017","Optica Pura y Aplicada","50","1","","75","91","0","2","10.7149/OPA.50.1.49509","https://www.scopus.com/inward/record.uri?eid=2-s2.0-85016593929&doi=10.7149%2FOPA.50.1.49509&partnerID=40&md5=a9885eba4e93d47f1e7d30f60bb837e4","Article","Final","All Open Access; Gold Open Access","Scopus","2-s2.0-85016593929"
"Padron-Cano, J.; Coronado-Hernandez, J.R.; Caicedo-Torres, W.; Mercado-Caruso, N.; Ospino-Valdiris, F.V.","Padron-Cano, Jaime (57193747743); Coronado-Hernandez, Jairo R. (54383095000); Caicedo-Torres, William (55782426500); Mercado-Caruso, Nohora (57193502899); Ospino-Valdiris, Fairuz V. (57193746869)","57193747743; 54383095000; 55782426500; 57193502899; 57193746869","Materials requirements planning through an application based on particle swarm optimization; Planificación de requerimientos de materiales por medio de la aplicación de un algoritmo basado en enjambre de partículas","2017","Espacios","38","14","13","","","0","3","","https://www.scopus.com/inward/record.uri?eid=2-s2.0-85016298121&partnerID=40&md5=00c7b7af9570f71654b856bd0017dd61","Article","Final","","Scopus","2-s2.0-85016298121"
"Mendoza Castellanos, L.S.; Carrillo Caballero, G.E.; Melian Cobas, V.R.; Silva Lora, E.E.; Reyes, A.M.","Mendoza Castellanos, Luis Sebastian (57193169160); Carrillo Caballero, Gaylord Enrique (57193171659); Melian Cobas, Vladimir Rafael (6504307714); Silva Lora, Electo Eduardo (35606579500); Reyes, Arnaldo Martín Martinez (57194178713)","57193169160; 57193171659; 6504307714; 35606579500; 57194178713","Mathematical modeling of the geometrical sizing and thermal performance of a Dish/Stirling system for power generation","2017","Renewable Energy","107","","","23","35","0","62","10.1016/j.renene.2017.01.020","https://www.scopus.com/inward/record.uri?eid=2-s2.0-85011355689&doi=10.1016%2Fj.renene.2017.01.020&partnerID=40&md5=5f775462d0dc2a9da64ef66b32f3120c","Article","Final","","Scopus","2-s2.0-85011355689"
"Garcés-Prettel, M.; Cabrera, J.A.","Garcés-Prettel, Miguel Efrén (57193012270); Cabrera, Jesús Arroyave (57193072399)","57193012270; 57193072399","Autonomía profesional y riesgos de seguridad de los periodistas en Colombia","2017","Perfiles Latinoamericanos","25","49","","35","53","0","17","10.18504/pl2549-002-2017","https://www.scopus.com/inward/record.uri?eid=2-s2.0-85010458385&doi=10.18504%2Fpl2549-002-2017&partnerID=40&md5=752bf8901980987baad22958edb27057","Article","Final","All Open Access; Gold Open Access","Scopus","2-s2.0-85010458385"
"Vassileva, I.; Campillo, J.","Vassileva, Iana (26424866700); Campillo, Javier E. (55609096600)","26424866700; 55609096600","Adoption barriers for electric vehicles: Experiences from early adopters in Sweden","2017","Energy","120","","","632","641","0","230","10.1016/j.energy.2016.11.119","https://www.scopus.com/inward/record.uri?eid=2-s2.0-85007482475&doi=10.1016%2Fj.energy.2016.11.119&partnerID=40&md5=17356dc0bdd3ce19cb11606e262e37e5","Article","Final","","Scopus","2-s2.0-85007482475"
"Dos Santos Pereira, D.A.; Ceresini, P.C.; Castroagudín, V.L.; Ramos-Molina, L.M.; Chavarro-Mesa, E.; Negrisoli, M.M.; Campos, S.N.; Pegolo, M.E.S.; Takada, H.M.","Dos Santos Pereira, Danilo A. (57192639811); Ceresini, Paulo Cezar (6507211837); Castroagudín, Vanina Lilián (55974751500); Ramos-Molina, Lina Maria (57188837490); Chavarro-Mesa, Edisson (57188841051); Negrisoli, Matheus Mereb (57190385670); Campos, Samara Nunes (57192643985); Pegolo, Mauro E.S. (57192639631); Takada, Hélio Minoru (57192641786)","57192639811; 6507211837; 55974751500; 57188837490; 57188841051; 57190385670; 57192643985; 57192639631; 57192641786","Population genetic structure of Rhizoctonia oryzae-sativae from rice in Latin America and its adaptive potential to emerge as a pathogen on urochloa pastures","2017","Phytopathology","107","1","","121","131","0","11","10.1094/PHYTO-05-16-0219-R","https://www.scopus.com/inward/record.uri?eid=2-s2.0-85006989425&doi=10.1094%2FPHYTO-05-16-0219-R&partnerID=40&md5=7e179dc79f9402bbf2ef8b824a313785","Article","Final","All Open Access; Bronze Open Access","Scopus","2-s2.0-85006989425"
"Sandoval-Díaz, L.-E.; Aragon-Quiroz, J.-A.; Ruíz-Cardona, Y.-S.; Dominguez-Monterrosa, A.-R.; Trujillo, C.-A.","Sandoval-Díaz, Luís Ernesto (24437456100); Aragon-Quiroz, Jhon Anderson (57191343534); Ruíz-Cardona, Yefferson Stid (57009070000); Dominguez-Monterrosa, Andy Rafael (57200983451); Trujillo, Carlos Alexander (57256170000)","24437456100; 57191343534; 57009070000; 57200983451; 57256170000","Fractal analysis at mesopore scale of modified USY zeolites by nitrogen adsorption: A classical thermodynamic approach","2017","Microporous and Mesoporous Materials","237","","","260","267","0","24","10.1016/j.micromeso.2016.08.030","https://www.scopus.com/inward/record.uri?eid=2-s2.0-84988942393&doi=10.1016%2Fj.micromeso.2016.08.030&partnerID=40&md5=846c2519e84bb6cfdcda849edce940f8","Article","Final","","Scopus","2-s2.0-84988942393"
"Serrano, J.E.S.; Patino, O.A.; Martinez-Santos, J.C.","Serrano, Jairo E. (57220927199); Patino, Oscar Acevedo (57192643059); Martinez-Santos, Juan Carlos (26325154200)","57220927199; 57192643059; 26325154200","AquApp, an information system for a collaborative sensor network","2016","","","","7750784","","","0","3","10.1109/ColumbianCC.2016.7750784","https://www.scopus.com/inward/record.uri?eid=2-s2.0-85006976102&doi=10.1109%2FColumbianCC.2016.7750784&partnerID=40&md5=d3578e0e47028a582a2c8e26411cd61d","Conference paper","Final","","Scopus","2-s2.0-85006976102"
"Vargas, R.; Pineda, J.; Marrugo, A.G.; Romero, L.A.","Vargas, Raúl (57117284600); Pineda, Jesus (57192270016); Marrugo, Andrés G. (24329839300); Romero, Lenny A. (36142156300)","57117284600; 57192270016; 24329839300; 36142156300","Background intensity removal in structured light three-dimensional reconstruction","2016","","","","7743326","","","0","5","10.1109/STSIVA.2016.7743326","https://www.scopus.com/inward/record.uri?eid=2-s2.0-85002980258&doi=10.1109%2FSTSIVA.2016.7743326&partnerID=40&md5=c49061a7edb7b0c854bf6db5f6741472","Conference paper","Final","","Scopus","2-s2.0-85002980258"
"Marrugo, A.G.; Vargas, R.; Contreras-Ortiz, S.H.; Millán, M.S.","Marrugo, Andrés G. (24329839300); Vargas, Raúl (57117284600); Contreras-Ortiz, Sonia H. (57210822856); Millán, María S. (7201466399)","24329839300; 57117284600; 57210822856; 7201466399","On the compensation of uneven illumination in retinal images for restoration by means of blind deconvolution","2016","","","","7743327","","","0","1","10.1109/STSIVA.2016.7743327","https://www.scopus.com/inward/record.uri?eid=2-s2.0-85002970865&doi=10.1109%2FSTSIVA.2016.7743327&partnerID=40&md5=45c96a0c7fbbe9ed52bbcb1d9e26d65e","Conference paper","Final","","Scopus","2-s2.0-85002970865"
"Patiño, A.; Altamar-Mercado, H.; Martinez-Santos, J.C.","Patiño, Alberto (57190688459); Altamar-Mercado, Hernando (57203321995); Martinez-Santos, Juan Carlos (26325154200)","57190688459; 57203321995; 26325154200","Speckle free optical watermarking based on pseudo-random phase encoding","2016","","","","7743296","","","0","2","10.1109/STSIVA.2016.7743296","https://www.scopus.com/inward/record.uri?eid=2-s2.0-85002518268&doi=10.1109%2FSTSIVA.2016.7743296&partnerID=40&md5=c3ddf2b1ee15fa8efc2872d6ea4f3b67","Conference paper","Final","","Scopus","2-s2.0-85002518268"
"Malambo-Garcıa, D.I.; López-Sáleme, R.; Mora-García, G.J.; Ramos-Clason, E.; Mazenett-Granados, E.; Herrera-Malambo, D.; Gómez-Camargo, D.","Malambo-Garcıa, Dacia Isabel (56669825600); López-Sáleme, Rossana (55983102700); Mora-García, Gustavo (59157876600); Ramos-Clason, Enrique C. (36651365700); Mazenett-Granados, Enrique A. (57193393594); Herrera-Malambo, Diego Ernesto (57193391253); Gómez-Camargo, Doris Esther (53982777400)","56669825600; 55983102700; 59157876600; 36651365700; 57193393594; 57193391253; 53982777400","Frequency for genetic orphan diseases in Cartagena de Indias, Colombia; Frecuencia de enfermedades huérfanas en Cartagena de Indias, Colombia","2016","Revista de Salud Publica","18","6","","858","870","0","4","10.15446/rsap.v18n6.50823","https://www.scopus.com/inward/record.uri?eid=2-s2.0-85013406862&doi=10.15446%2Frsap.v18n6.50823&partnerID=40&md5=4768f2156ee07c9e93e3a5b23196dfe6","Article","Final","All Open Access; Gold Open Access; Green Accepted Open Access; Green Open Access","Scopus","2-s2.0-85013406862"
"Ganguly, P.; Senior, D.E.; Parimi, P.V.; Chakrabarti, A.","Ganguly, Prapti (56437346100); Senior, David E. (36698427600); Parimi, Patanjali V. (6701781388); Chakrabarti, Amlan K. (24342850300)","56437346100; 36698427600; 6701781388; 24342850300","Wearable RF plethysmography sensor using a slot antenna","2016","","","","7696292","1169","1170","0","4","10.1109/APS.2016.7696292","https://www.scopus.com/inward/record.uri?eid=2-s2.0-84997426787&doi=10.1109%2FAPS.2016.7696292&partnerID=40&md5=04f13b156be86d82136204c402698caf","Conference paper","Final","","Scopus","2-s2.0-84997426787"
"Senior, D.E.; Parimi, P.V.","Senior, David E. (36698427600); Parimi, Patanjali V. (6701781388)","36698427600; 6701781388","Planar wireless power tranfer system with embedded magnetic metamaterial resonators","2016","","","","7696012","607","608","0","3","10.1109/APS.2016.7696012","https://www.scopus.com/inward/record.uri?eid=2-s2.0-84997208384&doi=10.1109%2FAPS.2016.7696012&partnerID=40&md5=20b04ccc964d5ca7ca6ce8cd7f46eb1a","Conference paper","Final","","Scopus","2-s2.0-84997208384"
"Cataño-Ochoa, D.; Senior, D.E.; López, F.; Reyes-Vera, E.","Cataño-Ochoa, Daniel (56690487500); Senior, David E. (36698427600); López, Francisco Eugenio (23670472900); Reyes-Vera, Erick (57195722871)","56690487500; 36698427600; 23670472900; 57195722871","Performance analysis of a microstrip patch antenna loaded with an array of metamaterial resonators","2016","","","","7695849","281","282","0","19","10.1109/APS.2016.7695849","https://www.scopus.com/inward/record.uri?eid=2-s2.0-84997109070&doi=10.1109%2FAPS.2016.7695849&partnerID=40&md5=ac21328c3195ca708a13a5f4b6bb4197","Conference paper","Final","","Scopus","2-s2.0-84997109070"
"Rahimi, A.; Senior, D.E.; Shorey, A.; Yoon, Y.-K.","Rahimi, Arian (56297560700); Senior, David E. (36698427600); Shorey, Aric B. (58426269000); Yoon, Yong Kyu Yk (7402126778)","56297560700; 36698427600; 58426269000; 7402126778","In-Substrate Resonators and Bandpass Filters with Improved Insertion Loss in K-Band Utilizing Low Loss Glass Interposer Technology and Superlattice Conductors","2016","Proceedings - Electronic Components and Technology Conference","2016-August","","7545596","1322","1328","0","6","10.1109/ECTC.2016.249","https://www.scopus.com/inward/record.uri?eid=2-s2.0-84987808849&doi=10.1109%2FECTC.2016.249&partnerID=40&md5=351c87f3cd9683b003624fe189e3404b","Conference paper","Final","","Scopus","2-s2.0-84987808849"
"Vargas, R.; Pineda, J.; Romero, L.A.; Marrugo, A.G.","Vargas, Raúl (57117284600); Pineda, Jesus (57192270016); Romero, Lenny A. (36142156300); Marrugo, Andrés G. (24329839300)","57117284600; 57192270016; 36142156300; 24329839300","Background intensity removal in Fourier transform profilometry: A comparative study","2016","","","","","","","3","0","10.1364/LAOP.2016.LTh2C.6","https://www.scopus.com/inward/record.uri?eid=2-s2.0-85165789391&doi=10.1364%2FLAOP.2016.LTh2C.6&partnerID=40&md5=00beeb34b6f7f9ebdf8a1d2e2aa75aaa","Conference paper","Final","","Scopus","2-s2.0-85165789391"
"Marrugo, A.G.; Barone, M.; Useche, J.; Pagnola, M.","Marrugo, Andrés G. (24329839300); Barone, Marcelo (56433990700); Useche, J. F. (24537991200); Pagnola, Marcelo R. (14012202200)","24329839300; 56433990700; 24537991200; 14012202200","Experimental investigation of high-speed melt spinning by means of digital image analysis","2016","","","","","","","3","1","10.1364/LAOP.2016.LTh2C.5","https://www.scopus.com/inward/record.uri?eid=2-s2.0-85165780993&doi=10.1364%2FLAOP.2016.LTh2C.5&partnerID=40&md5=fc9d6b9a9cbea86d5d07d732b4c0d2f4","Conference paper","Final","","Scopus","2-s2.0-85165780993"
"Patiño, A.; Durand, P.-E.; Pellat-Finet, P.; Torres, R.","Patiño, Alberto (57190688459); Durand, Pierre Emmanuel (7202230088); Pellat-Finet, Pierre (6701664259); Torres, Rafael (56270896900)","57190688459; 7202230088; 6701664259; 56270896900","Diffuser in Fractional Fourier Optics","2016","","","","","","","3","0","10.1364/LAOP.2016.LTu3A.2","https://www.scopus.com/inward/record.uri?eid=2-s2.0-85165777760&doi=10.1364%2FLAOP.2016.LTu3A.2&partnerID=40&md5=2f639dfa255bac46eb48f5f9935c440a","Conference paper","Final","","Scopus","2-s2.0-85165777760"
"Campillo, J.; Dahlquist, E.; Wallin, F.; Vassileva, I.","Campillo, Javier E. (55609096600); Dahlquist, Erik (6701334488); Wallin, Fredrik (14053136800); Vassileva, Iana (26424866700)","55609096600; 6701334488; 14053136800; 26424866700","Is real-time electricity pricing suitable for residential users without demand-side management?","2016","Energy","109","","","310","325","0","57","10.1016/j.energy.2016.04.105","https://www.scopus.com/inward/record.uri?eid=2-s2.0-84971231501&doi=10.1016%2Fj.energy.2016.04.105&partnerID=40&md5=52a954de1fd3d92e07e6c49a1820debc","Article","Final","All Open Access; Green Accepted Open Access; Green Open Access","Scopus","2-s2.0-84971231501"
"Sun, Q.; Li, H.; Ma, Z.; Wang, C.; Campillo, J.; Zhang, Q.; Wallin, F.; Guo, J.","Sun, Qie (52364999900); Li, Hailong (11640367500); Ma, Zhanyu (55479111500); Wang, Chao (55992151100); Campillo, Javier E. (55609096600); Zhang, Qi (57199112865); Wallin, Fredrik (14053136800); Guo, Jun (56168336500)","52364999900; 11640367500; 55479111500; 55992151100; 55609096600; 57199112865; 14053136800; 56168336500","A Comprehensive Review of Smart Energy Meters in Intelligent Energy Networks","2016","IEEE Internet of Things Journal","3","4","7365417","464","479","0","293","10.1109/JIOT.2015.2512325","https://www.scopus.com/inward/record.uri?eid=2-s2.0-84983001397&doi=10.1109%2FJIOT.2015.2512325&partnerID=40&md5=faaad196dab93ab8ef44ff8bd4991744","Article","Final","","Scopus","2-s2.0-84983001397"
"Serrano, J.E.S.; Leguizamon, J.; Martinez-Santos, J.C.","Serrano, Jairo E. (57220927199); Leguizamon, J. (57191608709); Martinez-Santos, Juan Carlos (26325154200)","57220927199; 57191608709; 26325154200","GridUI, a RESTful web service and ubiquitous UI for accessing HPC resources","2016","","","","7520134","","","0","2","10.1109/EATIS.2016.7520134","https://www.scopus.com/inward/record.uri?eid=2-s2.0-84992053006&doi=10.1109%2FEATIS.2016.7520134&partnerID=40&md5=3d8f5de80f3e8a2ceabf7dfca3ee98ed","Conference paper","Final","","Scopus","2-s2.0-84992053006"
"Poloni, N.M.; Molina, L.M.R.; Chavarro-Mesa, E.; Garcia, I.L.; Ceresini, P.C.","Poloni, Nadia Maria (56967992800); Molina, Lina Maria Ramos (56967694800); Chavarro-Mesa, Edisson (57188841051); Garcia, Izabela Lopes (57191188027); Ceresini, Paulo Cezar (6507211837)","56967992800; 56967694800; 57188841051; 57191188027; 6507211837","Evidence that the fungus Rhizoctonia solani AG-1 IA adapted to Urochloa in Colombia keeps a broad host range including maize; Evidência de que o fungo Rhizoctonia solani AG-1 IA adaptado à Urochloa na Colômbia mantém ampla gama de hospedeiros incluindo o milho","2016","Summa Phytopathologica","42","3","","228","232","0","4","10.1590/0100-5405/2176","https://www.scopus.com/inward/record.uri?eid=2-s2.0-84987781490&doi=10.1590%2F0100-5405%2F2176&partnerID=40&md5=db0f8b7af67e934925729e74bf678b8e","Article","Final","All Open Access; Gold Open Access; Green Accepted Open Access; Green Open Access","Scopus","2-s2.0-84987781490"
"Molina, S.; Ríos, M.; Ortiz, Y.; Manrique, C.; Jiménez, A.; Ariza Botero, F.","Molina, Susan Castro (57975991000); Ríos, Marcela (56399029500); Ortiz, Yurany (56399233300); Manrique, Carlos Cohen (36909258600); Jiménez, Ariel (55414044400); Ariza Botero, Fernando (55752303100)","57975991000; 56399029500; 56399233300; 36909258600; 55414044400; 55752303100","Association of single nucleotide polymorphisms in CAPN1, CAST and MB genes with meat color of Brahman and crossbreed cattle","2016","Meat Science","117","","","44","49","0","9","10.1016/j.meatsci.2016.02.021","https://www.scopus.com/inward/record.uri?eid=2-s2.0-84959373380&doi=10.1016%2Fj.meatsci.2016.02.021&partnerID=40&md5=cc17f6d87a00a875c47055742ea663c2","Article","Final","","Scopus","2-s2.0-84959373380"
"Martínez Santiago, O.; Marrero-Ponce, Y.; Barigye, S.J.; Le-Thi-Thu, H.L.T.; Torres, F.; Zambrano, C.H.; Muñiz-Olite, J.L.; Cruz-Monteagudo, M.; Vivas, R.; Infante, L.V.; Artiles-Martínez, L.M.","Martínez Santiago, Oscar (24824951000); Marrero-Ponce, Yovani (55665599200); Barigye, Stephen J. (55363486500); Le-Thi-Thu, Huong (36454896800); Torres, Fernando Javier (16025887100); Zambrano, César H. (14040865600); Muñiz-Olite, Jorge Luis (57758796500); Cruz-Monteagudo, Maykel (7801534311); Vivas, Ricardo (6508090932); Infante, Liliana Vázquez (57189385865); Artiles-Martínez, Luis Manuel (55364050900)","24824951000; 55665599200; 55363486500; 36454896800; 16025887100; 14040865600; 57758796500; 7801534311; 6508090932; 57189385865; 55364050900","Physico-Chemical and structural interpretation of discrete derivative indices on N-tuples atoms","2016","International Journal of Molecular Sciences","17","6","812","","","0","7","10.3390/ijms17060812","https://www.scopus.com/inward/record.uri?eid=2-s2.0-85015581550&doi=10.3390%2Fijms17060812&partnerID=40&md5=0a0addb0e72a3e1b7431252a5d9a3c96","Article","Final","All Open Access; Gold Open Access; Green Accepted Open Access; Green Open Access","Scopus","2-s2.0-85015581550"
"Lindhult, E.; Campillo, J.; Dahlquist, E.; Read, S.","Lindhult, Erik (56023821800); Campillo, Javier E. (55609096600); Dahlquist, Erik (6701334488); Read, Stephen (52664384800)","56023821800; 55609096600; 6701334488; 52664384800","Innovation capabilities and challenges for energy smart development in medium sized European cities","2016","Energy Procedia","88","","","205","211","0","5","10.1016/j.egypro.2016.06.057","https://www.scopus.com/inward/record.uri?eid=2-s2.0-85007608370&doi=10.1016%2Fj.egypro.2016.06.057&partnerID=40&md5=7b007b2c315b0f4583487b5cfd1028c0","Conference paper","Final","All Open Access; Gold Open Access; Green Final Open Access; Green Open Access","Scopus","2-s2.0-85007608370"
"Vassileva, I.; Dahlquist, E.; Campillo, J.","Vassileva, Iana (26424866700); Dahlquist, Erik (6701334488); Campillo, Javier E. (55609096600)","26424866700; 6701334488; 55609096600","The citizens' role in energy smart city development","2016","Energy Procedia","88","","","200","204","0","12","10.1016/j.egypro.2016.06.055","https://www.scopus.com/inward/record.uri?eid=2-s2.0-85007575358&doi=10.1016%2Fj.egypro.2016.06.055&partnerID=40&md5=1a4f28a88a89c7d9aaf39b2dfe504a7a","Conference paper","Final","All Open Access; Gold Open Access","Scopus","2-s2.0-85007575358"
"Campillo, J.; Dahlquist, E.; Vassileva, I.","Campillo, Javier E. (55609096600); Dahlquist, Erik (6701334488); Vassileva, Iana (26424866700)","55609096600; 6701334488; 26424866700","Technology capacity assessment tool for developing city action plans to increase efficiency in mid-sized cities in Europe","2016","Energy Procedia","88","","","16","22","0","1","10.1016/j.egypro.2016.06.006","https://www.scopus.com/inward/record.uri?eid=2-s2.0-85007557326&doi=10.1016%2Fj.egypro.2016.06.006&partnerID=40&md5=17334cce1d5c5b052a4cfca13ca366cc","Conference paper","Final","All Open Access; Gold Open Access","Scopus","2-s2.0-85007557326"
"Sanmartin-Mendoza, P.S.; Hernández, K.Á.; Viloria-Nuñez, C.V.; Jabba-Molinares, D.J.","Sanmartin-Mendoza, Paul (58921410900); Hernández, Karen Ávila (57193161967); Viloria-Nuñez, Cesar (35788581800); Jabba-Molinares, Daladier (57205667177)","58921410900; 57193161967; 35788581800; 57205667177","Internet of things and home-centered health; Internet de las cosas y la salud centrada en el hogar","2016","Salud Uninorte","32","2","","337","351","0","15","10.14482/sun.32.2.8954","https://www.scopus.com/inward/record.uri?eid=2-s2.0-85011391197&doi=10.14482%2Fsun.32.2.8954&partnerID=40&md5=b091e59443d2c447895a70367a5cd4da","Review","Final","All Open Access; Gold Open Access","Scopus","2-s2.0-85011391197"
"Colina-Márquez, J.; Castilla-Caballero, D.; Machuca-Martínez, F.","Colina-Márquez, José A. (23484999200); Castilla-Caballero, Deyler Rafael (57024211000); Machuca-Martínez, Fiderman (35488117500)","23484999200; 57024211000; 35488117500","Modeling of a falling-film photocatalytic reactor: Fluid dynamics for turbulent regime","2016","Applied Mathematical Modelling","40","7-8","","4812","4821","0","19","10.1016/j.apm.2015.12.007","https://www.scopus.com/inward/record.uri?eid=2-s2.0-84951910742&doi=10.1016%2Fj.apm.2015.12.007&partnerID=40&md5=2e77c3a89fd27071ca81f7bc5bf70b8e","Article","Final","","Scopus","2-s2.0-84951910742"
"Vassileva, I.; Campillo, J.","Vassileva, Iana (26424866700); Campillo, Javier E. (55609096600)","26424866700; 55609096600","Consumers' perspective on full-scale adoption of smart meters: A case study in Västerås, Sweden","2016","Resources","5","1","3","","","0","28","10.3390/resources5010003","https://www.scopus.com/inward/record.uri?eid=2-s2.0-85018238322&doi=10.3390%2Fresources5010003&partnerID=40&md5=34a4d3021377c53f102017d17a7d6394","Article","Final","All Open Access; Gold Open Access; Green Accepted Open Access; Green Open Access","Scopus","2-s2.0-85018238322"
"Useche, J.; Harnish, C.","Useche, J. F. (24537991200); Harnish, C. (56974175900)","24537991200; 56974175900","A boundary element method formulation for modal analysis of doubly curved thick shallow shells","2016","Applied Mathematical Modelling","40","5-6","","3591","3600","0","13","10.1016/j.apm.2015.09.082","https://www.scopus.com/inward/record.uri?eid=2-s2.0-84958163726&doi=10.1016%2Fj.apm.2015.09.082&partnerID=40&md5=067cd710d73ddfee2aa813b023090ca3","Article","Final","","Scopus","2-s2.0-84958163726"
"Acevedo-Patĩno, O.; Kagaris, D.","Acevedo-Patĩno, Oscar (57197327858); Kagaris, Dimitri (7004389110)","57197327858; 7004389110","On the computation of LFSR characteristic polynomials for built-in deterministic test pattern generation","2016","IEEE Transactions on Computers","65","2","7100883","664","669","0","17","10.1109/TC.2015.2428697","https://www.scopus.com/inward/record.uri?eid=2-s2.0-84962090065&doi=10.1109%2FTC.2015.2428697&partnerID=40&md5=f996d39f35486e7c6e9d62601d9b375f","Article","Final","","Scopus","2-s2.0-84962090065"
"Reyes, N.; Benedetti, I.; Bettin Martínez, A.; Rebollo-Pérez, J.; Geliebter, J.","Reyes, Niradiz (22942253700); Benedetti, Ines (56082816400); Bettin Martínez, Alfonso C. (56165764300); Rebollo-Pérez, Juan Alberto (58619330000); Geliebter, Jan (7003696415)","22942253700; 56082816400; 56165764300; 58619330000; 7003696415","The small leucine rich proteoglycan fibromodulin is overexpressed in human prostate epithelial cancer cell lines in culture and human prostate cancer tissue","2016","Cancer Biomarkers","16","1","","191","202","0","20","10.3233/CBM-150555","https://www.scopus.com/inward/record.uri?eid=2-s2.0-84956841215&doi=10.3233%2FCBM-150555&partnerID=40&md5=55457682842ca68c421dbb318465161e","Article","Final","","Scopus","2-s2.0-84956841215"
"Roque Díaz, P.R.R.; Pérez, M.A.R.; González, Á.M.R.; Herrera-Moya, I.H.; Guevara, V.S.O.; Martínez, R.M.; Díaz, I.L.; Feitó Cespón, M.; Santiago, P.S.; Bermúdez, R.A.P.; Benito, Y.R.; Dos Reis Parise, J.A.; Mena, J.B.; Ávalo, R.G.; Rodríguez, M.L.; Álvarez-Guerra Plasencia, M.A.; Armas, J.C.A.; Gómez Sarduy, J.G.; de Ruyck, J.; Kumarverma, V.; Bram, S.; Cuadro, J.G.F.; López, B.S.; Pérez, C.E.Q.; Ruiz, J.J.; del Pilar Dorado, M.; Cruz-Peragón, F.; Sagastume, A.S.; Cogollos Martínez, J.B.; Vandecasteele, C.; Carballo, V.N.; Fonticiella, O.M.C.; Santos, O.R.; Céspedes, A.A.L.; Rodríguez, M.B.R.; de Los Ángeles García Hernández, M.; López, S.R.","Roque Díaz, Pablo Romelio (36441649400); Pérez, Manuel Rodríguez (57212615811); González, Ángel Manuel Rubio (58805274100); Herrera-Moya, Idalberto (37122045100); Guevara, Víctor Samuel Ocaña (59216970500); Martínez, Reinaldo M. (57214531869); Díaz, Iosvani López (59217268000); Feitó Cespón, Michael (56454323500); Santiago, Pedro Sáez (59217980500); Bermúdez, Raúl Alberto Pérez (59217980600); Benito, Yipsy Roque (36440961200); Dos Reis Parise, José Alberto (59216970600); Mena, Jesús Betancourt (36945657900); Ávalo, Ricardo Grau (59217408500); Rodríguez, Margarita Lapido (56068285400); Álvarez-Guerra Plasencia, Mario Antonio (57349260300); Armas, Juan Carlos Nunez (49860930800); Gómez Sarduy, Julio R. (16244936300); de Ruyck, Jacques (12790562200); Kumarverma, Vijay (59216970700); Bram, Svan (59217691500); Cuadro, Juan Gabriel Fajardo (59217119800); López, Bienvenido Sarria (59217834700); Pérez, Cándido Enrique Quintana (59217980700); Ruiz, J. J. (59864684700); del Pilar Dorado, María (59217408600); Cruz-Peragón, Fernando (22933814700); Sagastume, Alexis (57902133300); Cogollos Martínez, Juan Bautista (35848239600); Vandecasteele, Carlo H.A. (7005856566); Carballo, Vladimir Núñez (59217834800); Fonticiella, Oscar Miguel Cruz (56521605800); Santos, Ovidio Rodríguez (59217119900); Céspedes, Alfredo Alejandro Leyva (59217980800); Rodríguez, Maida Bárbara Reyes (59217834900); de Los Ángeles García Hernández, María (59217120000); López, Sonia Ramírez (59217835000)","36441649400; 57212615811; 58805274100; 37122045100; 59216970500; 57214531869; 59217268000; 56454323500; 59217980500; 59217980600; 36440961200; 59216970600; 36945657900; 59217408500; 56068285400; 57349260300; 49860930800; 16244936300; 12790562200; 59216970700; 59217691500; 59217119800; 59217834700; 59217980700; 59864684700; 59217408600; 22933814700; 57902133300; 35848239600; 7005856566; 59217834800; 56521605800; 59217119900; 59217980800; 59217834900; 59217120000; 59217835000","Application of tools for the improvement of energy transformation systems for sustainable development; APLICACIÓN DE HERRAMIENTAS PARA EL MEJORAMIENTO DE SISTEMAS DE TRANSFORMACIÓN DE LA ENERGÍA EN FUNCIÓN DEL DESARROLLO SOSTENIBLE","2016","Anales de la Academia de Ciencias de Cuba","6","3","","","","0","0","","https://www.scopus.com/inward/record.uri?eid=2-s2.0-85198493480&partnerID=40&md5=371cc7fce6730fa08eea5d4d16a55a7f","Article","Final","","Scopus","2-s2.0-85198493480"
"Jacas, C.R.G.; Ponce, Y.M.; Barigye, S.J.; Martínez, L.A.; Torres, E.C.; Cubillán, N.; Rivera-Borroto, O.M.R.; Rico, H.A.; Alvarado, Y.J.; Le-Thi-Thu, H.L.T.; Mendoza, L.A.; Martiní, J.R.V.; Meriño, M.P.; Leyva, L.C.; Ortega, T.H.; Urias, R.W.P.","Jacas, César Raúl García (59204946200); Ponce, Yovani Marrero (59204179500); Barigye, Stephen J. (55363486500); Martínez, Liesner Acevedo (59204946300); Torres, Ernesto Contreras (59204373200); Cubillán, Néstor (6506139148); Rivera-Borroto, Óscar Miguel (24436944800); Rico, Harold Ariza (59204946400); Alvarado, Ysaías J. (6602882448); Le-Thi-Thu, Huong (36454896800); Mendoza, Longendri Aguilera (59204563500); Martiní, José Ricardo Valdés (59204179600); Meriño, Mario Pupo (59203983800); Leyva, Lisset Cabrera (59204946500); Ortega, Taymara Hernández (59204946600); Urias, Ricardo W.Pino (56497011800)","59204946200; 59204179500; 55363486500; 59204946300; 59204373200; 6506139148; 24436944800; 59204946400; 6602882448; 36454896800; 59204563500; 59204179600; 59203983800; 59204946500; 59204946600; 56497011800","Tensor algebra-based algorithms for the geometric characterization of organic molecules. Application to the prediction of biological activity; Algoritmos basados en álgebra tensorial para la caracterización geométrica de moléculas orgánicas. Aplicación a la predicción de actividad biológica","2016","Anales de la Academia de Ciencias de Cuba","6","3","","","","0","0","","https://www.scopus.com/inward/record.uri?eid=2-s2.0-85197535052&partnerID=40&md5=ccd7730a934537d7c6db72045a4a490d","Article","Final","","Scopus","2-s2.0-85197535052"
"Hernández, M.; Cardona-Muñoz, L.; Zapata, L.C.; Iglesias-Acosta, J.; Meléndez-Labrador, S.; Guzmán, M.O.; Chate, V.O.; Menco, L.P.; García, K.P.; Roa, A.R.; Ortiz, R.R.; Romero-Moreno, M.; Vargas-Rosero, E.; Celín, C.V.; Olmos, J.H.","Hernández, Marta (56924321600); Cardona-Muñoz, Laura (57195396317); Zapata, Liliana Celis (57195393235); Iglesias-Acosta, Jesús (55815541300); Meléndez-Labrador, Sandra Mireya (57217075987); Guzmán, Magda Ospina (57195395582); Chate, Vicente Otero (57195399452); Menco, Laura Posso (57195394394); García, Kell Pozo (57195393862); Roa, Alana Farrah (57203817245); Ortiz, Rosa Rodríguez (57195399819); Romero-Moreno, Martha C. (57190304032); Vargas-Rosero, Elizabeth (23568867700); Celín, Carmen Elena Viveros (57192642932); Olmos, Joanne Hernández (57195394965)","56924321600; 57195396317; 57195393235; 55815541300; 57217075987; 57195395582; 57195399452; 57195394394; 57195393862; 57203817245; 57195399819; 57190304032; 23568867700; 57192642932; 57195394965","Community participation and communication processes in the implementation of programs of resettlement of families within the context of urban development in the city of barranquilla (Colombia); Participación comunitaria y procesos de comunicación en la implementación de programas de reasentamiento de familias dentro del contexto del desarrollo urbano en Barranquilla (Colombia)","2016","Salud Uninorte","32","3","","528","543","0","1","10.14482/sun.32.2.9751","https://www.scopus.com/inward/record.uri?eid=2-s2.0-85027715587&doi=10.14482%2Fsun.32.2.9751&partnerID=40&md5=fe45886562f0ea2a00bcf1298747911d","Review","Final","All Open Access; Gold Open Access","Scopus","2-s2.0-85027715587"
"Campillo, J.; Dahlquist, E.; Danilov, D.L.; Ghaviha, N.; Notten, P.H.L.; Zimmerman, N.","Campillo, Javier E. (55609096600); Dahlquist, Erik (6701334488); Danilov, Dmitri L. (6701602365); Ghaviha, Nima (56943426400); Notten, Peter H.L. (7004189316); Zimmerman, Nathan (56943141400)","55609096600; 6701334488; 6701602365; 56943426400; 7004189316; 56943141400","Battery technologies for transportation applications","2016","","","","","151","206","0","3","10.1007/978-3-319-43651-7_5","https://www.scopus.com/inward/record.uri?eid=2-s2.0-85026527662&doi=10.1007%2F978-3-319-43651-7_5&partnerID=40&md5=98060eb10f672c12dbeac89039935c83","Book chapter","Final","","Scopus","2-s2.0-85026527662"
"Fajardo Cuadro, J.; Guerra, M.A.; Sarria, B.; Cruz, O.","Fajardo Cuadro, Juan Gabriel (56581610900); Guerra, M. Alvarez (57194727134); Sarria, B. (56581727500); Cruz, O. (57194716721)","56581610900; 57194727134; 56581727500; 57194716721","Exergy study of air-conditioned space of a prototype scale of a river vessel room","2016","","6B-2016","","","","","0","1","10.1115/IMECE2016-65093","https://www.scopus.com/inward/record.uri?eid=2-s2.0-85021784501&doi=10.1115%2FIMECE2016-65093&partnerID=40&md5=94a7746f38f84e069fb84d513c2140b6","Conference paper","Final","","Scopus","2-s2.0-85021784501"
"Barrera, E.S.; Benedet, M.; Willemann, D.P.; Fantin, A.V.; Albertazzi, A.","Barrera, E. S. (57203306902); Benedet, Mauro Eduardo (50461061200); Willemann, Daniel Pedro (6508237821); Fantin, Analucia Vieira (6701682062); Albertazzi, Armando G. (55665419400)","57203306902; 50461061200; 6508237821; 6701682062; 55665419400","Analysis of a shearography device using a Wollaston prism and polarization phase shifting","2016","Proceedings of SPIE - The International Society for Optical Engineering","9960","","996015","","","0","3","10.1117/12.2237395","https://www.scopus.com/inward/record.uri?eid=2-s2.0-85002142011&doi=10.1117%2F12.2237395&partnerID=40&md5=14f8b8ee5776b6e440b4f73e543ea447","Conference paper","Final","","Scopus","2-s2.0-85002142011"
"Martínez Santiago, O.; Cabrera, R.M.; Marrero-Ponce, Y.; Barigye, S.J.; Le-Thi-Thu, H.L.T.; Torres, F.; Zambrano, C.H.; Yaber-Goenag, I.; Cruz-Monteagudo, M.; López, Y.M.; Giménez, F.P.; Torres Pérez, F.","Martínez Santiago, Oscar (24824951000); Cabrera, Reisel Millán (56506611500); Marrero-Ponce, Yovani (55665599200); Barigye, Stephen J. (55363486500); Le-Thi-Thu, Huong (36454896800); Torres, Fernando Javier (16025887100); Zambrano, César H. (14040865600); Yaber-Goenag, Ivan (57192014301); Cruz-Monteagudo, Maykel (7801534311); López, Yoan Martínez (57192013138); Giménez, Facundo Pérez (57192004534); Torres Pérez, Francisco (56924529100)","24824951000; 56506611500; 55665599200; 55363486500; 36454896800; 16025887100; 14040865600; 57192014301; 7801534311; 57192013138; 57192004534; 56924529100","Generalized molecular descriptors derived from event-based discrete derivative","2016","Current Pharmaceutical Design","22","33","","5095","5113","0","7","10.2174/1381612822666160610114148","https://www.scopus.com/inward/record.uri?eid=2-s2.0-84995975328&doi=10.2174%2F1381612822666160610114148&partnerID=40&md5=c2068b902d41f82d9c570e428d647d65","Review","Final","","Scopus","2-s2.0-84995975328"
"Caicedo-Torres, W.; Payares, F.","Caicedo-Torres, William (55782426500); Payares, Fabián (57191841375)","55782426500; 57191841375","A machine learning model for occupancy rates and demand forecasting in the hospitality industry","2016","Lecture Notes in Computer Science","10022 LNAI","","","201","211","0","25","10.1007/978-3-319-47955-2_17","https://www.scopus.com/inward/record.uri?eid=2-s2.0-84994181326&doi=10.1007%2F978-3-319-47955-2_17&partnerID=40&md5=96b1d215a163b5d7949c1c44cceb21bc","Conference paper","Final","","Scopus","2-s2.0-84994181326"
"Caicedo-Torres, W.; García, G.; Pinzón, H.","Caicedo-Torres, William (55782426500); García, Gisela (57191839719); Pinzón, Hernando Samuel (55782490400)","55782426500; 57191839719; 55782490400","A machine learning model for triage in lean pediatric emergency departments","2016","Lecture Notes in Computer Science","10022 LNAI","","","212","221","0","6","10.1007/978-3-319-47955-2_18","https://www.scopus.com/inward/record.uri?eid=2-s2.0-84994153904&doi=10.1007%2F978-3-319-47955-2_18&partnerID=40&md5=f4354aeead405f1d9177a4d9a4bd886e","Conference paper","Final","","Scopus","2-s2.0-84994153904"
"Caicedo-Torres, W.; Paternina-Caicedo, Á.; Pinzón, H.","Caicedo-Torres, William (55782426500); Paternina-Caicedo, Angel (35769665400); Pinzón, Hernando Samuel (55782490400)","55782426500; 35769665400; 55782490400","Machine learning models for early dengue severity prediction","2016","Lecture Notes in Computer Science","10022 LNAI","","","247","258","0","16","10.1007/978-3-319-47955-2_21","https://www.scopus.com/inward/record.uri?eid=2-s2.0-84994130153&doi=10.1007%2F978-3-319-47955-2_21&partnerID=40&md5=cccb3bbbc14a69e6b91e5e7915919bdd","Conference paper","Final","","Scopus","2-s2.0-84994130153"
"Rodríguez, E.A.; Estrada, F.E.; Torres, W.C.; Martinez-Santos, J.C.","Rodríguez, Eugenia Arrieta (59257205400); Estrada, Francisco Edna (57191835839); Torres, William Caicedo (57191844192); Martinez-Santos, Juan Carlos (26325154200)","59257205400; 57191835839; 57191844192; 26325154200","Early prediction of severe maternal morbidity using machine learning techniques","2016","Lecture Notes in Computer Science","10022 LNAI","","","259","270","0","8","10.1007/978-3-319-47955-2_22","https://www.scopus.com/inward/record.uri?eid=2-s2.0-84994065492&doi=10.1007%2F978-3-319-47955-2_22&partnerID=40&md5=aa0936953c13ad2d8efef3a940f69abb","Conference paper","Final","","Scopus","2-s2.0-84994065492"
"Sierra-Porta, D.; Chirinos, M.; Stock, M.J.","Sierra-Porta, D. (57191333650); Chirinos, M. (56003049400); Stock, M. J. (57213997543)","57191333650; 56003049400; 57213997543","Comparison of variational solutions of the Thomas-Fermi model in terms of the ionization energy","2016","Revista Mexicana de Fisica","62","6","","538","542","0","4","","https://www.scopus.com/inward/record.uri?eid=2-s2.0-84988908323&partnerID=40&md5=e67fa917b09e2014c78ad2764f97a29a","Article","Final","","Scopus","2-s2.0-84988908323"
"Castellanos-González, L.M.; Bolívar-Osorio, F.J.; Lugo, H.R.","Castellanos-González, Luis Marcos (57218168527); Bolívar-Osorio, Francisco Javier (57221051635); Lugo, Halder R. (57191266864)","57218168527; 57221051635; 57191266864","Corrosion failure assessment on AISI 310s steel used as support of refractory concrete panels in a clinker cooler; Análisis de la falla por corrosión del acero AISI 310 s usado como soporte de paneles de hormigón refractario en un enfriador de clinker","2016","Revista Latinoamericana de Metalurgia y Materiales","36","2","","235","247","0","1","","https://www.scopus.com/inward/record.uri?eid=2-s2.0-84988485478&partnerID=40&md5=0ce98a8c0bd83aa23ea0f483dc12da2e","Article","Final","","Scopus","2-s2.0-84988485478"
"Patiño, A.; Durand, P.-E.; Torres, R.; Pellat-Finet, P.","Patiño, Alberto (57190688459); Durand, Pierre Emmanuel (7202230088); Torres, Rafael (56270896900); Pellat-Finet, Pierre (6701664259)","57190688459; 7202230088; 56270896900; 6701664259","α-bandlimited diffuser in fractional Fourier optics","2016","Proceedings of SPIE - The International Society for Optical Engineering","9889","","98890K","","","0","0","10.1117/12.2228985","https://www.scopus.com/inward/record.uri?eid=2-s2.0-84982299822&doi=10.1117%2F12.2228985&partnerID=40&md5=de0943e2593d7274f2b7e8759c9cc09c","Conference paper","Final","","Scopus","2-s2.0-84982299822"
"Amador, G.; Colon, K.; Luna, N.; Mercado, G.; Pereira Batista, E.; Suazo, E.","Amador, Gabriel (57189896067); Colon, Kiara (57189893822); Luna, Nathalie (57189894466); Mercado, Gerardo (57189886832); Pereira Batista, Enrique (57189892062); Suazo, Erwin (24176056600)","57189896067; 57189893822; 57189894466; 57189886832; 57189892062; 24176056600","On solutions for linear and nonlinear Schrödinger equations with variable coefficients: A computational approach","2016","Symmetry","8","6","38","","","0","10","10.3390/sym8060038","https://www.scopus.com/inward/record.uri?eid=2-s2.0-84975780222&doi=10.3390%2Fsym8060038&partnerID=40&md5=06631c91df074d4b1a410b0d3f5a9f91","Article","Final","All Open Access; Gold Open Access; Green Accepted Open Access; Green Open Access","Scopus","2-s2.0-84975780222"
"Ramos-Molina, L.M.; Chavarro-Mesa, E.; Pereira, D.A.S.; Silva-Herrera, M.R.; Ceresini, P.C.","Ramos-Molina, Lina Maria (57188837490); Chavarro-Mesa, Edisson (57188841051); Pereira, Danilo Augusto dos Santos (56967625500); Silva-Herrera, María Del Rosario (57188843624); Ceresini, Paulo Cezar (6507211837)","57188837490; 57188841051; 56967625500; 57188843624; 6507211837","Rhizoctonia solani AG-1 IA infects both rice and signalgrass in the Colombian Llanos; Rhizoctonia solani AG-1 IA infecta arroz e braquiária nos Llanos Colombianos","2016","Pesquisa Agropecuaria Tropical","46","1","","65","71","0","11","10.1590/1983-40632016v4638696","https://www.scopus.com/inward/record.uri?eid=2-s2.0-84963718591&doi=10.1590%2F1983-40632016v4638696&partnerID=40&md5=cec0af3cf9001f664b32f1d606bad24d","Article","Final","All Open Access; Gold Open Access; Green Accepted Open Access; Green Final Open Access; Green Open Access","Scopus","2-s2.0-84963718591"
"Kullman, M.; Campillo, J.; Dahlquist, E.; Fertner, C.; Giffinger, R.; Grosse, J.; Groth, N.B.; Haindlmaier, G.; Kunnasvirta, A.; Strohmayer, F.; Haselberger, J.","Kullman, Mikael (57130854600); Campillo, Javier E. (55609096600); Dahlquist, Erik (6701334488); Fertner, Christian (36720527200); Giffinger, Rudolf (6506120630); Grosse, Juliane (57130387900); Groth, Niels Boje (6603758464); Haindlmaier, Gudrun (36156064800); Kunnasvirta, Annika (57131016600); Strohmayer, Florian (57131061900); Haselberger, Julia (57130843300)","57130854600; 55609096600; 6701334488; 36720527200; 6506120630; 57130387900; 6603758464; 36156064800; 57131016600; 57131061900; 57130843300","Note: The PLEEC project–planning for energy efficient cities","2016","Journal of Settlements and Spatial Planning","2016","","","89","92","0","11","","https://www.scopus.com/inward/record.uri?eid=2-s2.0-84958818083&partnerID=40&md5=08d30e3d88fae4b1cefeba4b8c8a8672","Article","Final","","Scopus","2-s2.0-84958818083"
"Campillo, J.; Vassileva, I.; Dahlquist, E.; Lundström, L.; Thygesen, R.","Campillo, Javier E. (55609096600); Vassileva, Iana (26424866700); Dahlquist, Erik (6701334488); Lundström, Lukas (56506849700); Thygesen, Richard (55821355500)","55609096600; 26424866700; 6701334488; 56506849700; 55821355500","Beyond the building–understanding building renovations in relation to urban energy systems","2016","Journal of Settlements and Spatial Planning","2016","","","31","39","0","2","","https://www.scopus.com/inward/record.uri?eid=2-s2.0-84958776541&partnerID=40&md5=440fb2126aa8e8b2643bc737202fa94e","Article","Final","","Scopus","2-s2.0-84958776541"
"Mora, S.N.; Martinez-Santos, J.C.","Mora, Susana Navarro (57162647200); Martinez-Santos, Juan Carlos (26325154200)","57162647200; 26325154200","Visual servoing of a five-bar linkage mechanism","2015","","","","7345205","","","0","1","10.1109/CCAC.2015.7345205","https://www.scopus.com/inward/record.uri?eid=2-s2.0-84960352790&doi=10.1109%2FCCAC.2015.7345205&partnerID=40&md5=4663597482d02469c1ccd78c89a0160a","Conference paper","Final","","Scopus","2-s2.0-84960352790"
"Moreno, J.C.M.; Martínez Castro, D.M.; Villa, J.L.","Moreno, Juan Carlos Mena (57190659716); Martínez Castro, Diego (57196435237); Villa, J. L. (7005142049)","57190659716; 57196435237; 7005142049","Design of discrete event systems supported on wireless sensors and actuator networks using colored Petri Nets","2015","","","","7345183","","","0","2","10.1109/CCAC.2015.7345183","https://www.scopus.com/inward/record.uri?eid=2-s2.0-84960332344&doi=10.1109%2FCCAC.2015.7345183&partnerID=40&md5=5368f777790b9764f94f25a1ba92660e","Conference paper","Final","","Scopus","2-s2.0-84960332344"
"Bayona-Carvajal, W.; Useche, J.","Bayona-Carvajal, Wilmer (57039187100); Useche, J. F. (24537991200)","57039187100; 24537991200","Estimate of induced stress during filling and discharge of metallic silos for cement storage; Estimación de esfuerzos inducidos durante el llenado y vaciado de silos metálicos para almacenamiento de cemento","2015","DYNA (Colombia)","82","194","","238","246","0","0","10.15446/dyna.v82n194.49731","https://www.scopus.com/inward/record.uri?eid=2-s2.0-84953333555&doi=10.15446%2Fdyna.v82n194.49731&partnerID=40&md5=bf5802abbd5009493fc323c3210afb63","Article","Final","All Open Access; Gold Open Access","Scopus","2-s2.0-84953333555"
"Medina-Marrero, R.; Marrero-Ponce, Y.; Barigye, S.J.; Echeverría-Díaz, Y.; Acevedo-Barrios, R.; Casañola-Martin, G.M.; García Bernal, M.; Torres Pérez, F.; Peréz-Giménez, F.","Medina-Marrero, Ricardo (6506280403); Marrero-Ponce, Yovani (55665599200); Barigye, Stephen J. (55363486500); Echeverría-Díaz, Yunaimy (55683426700); Acevedo-Barrios, R. L. (56674579200); Casañola-Martin, Gerardo M. (9434652400); García Bernal, Milagro (57193209050); Torres Pérez, Francisco (56924529100); Peréz-Giménez, Facundo (6701762262)","6506280403; 55665599200; 55363486500; 55683426700; 56674579200; 9434652400; 57193209050; 56924529100; 6701762262","QuBiLs-MAS method in early drug discovery and rational drug identification of antifungal agents","2015","SAR and QSAR in Environmental Research","26","11","","943","958","0","30","10.1080/1062936X.2015.1104517","https://www.scopus.com/inward/record.uri?eid=2-s2.0-84947865592&doi=10.1080%2F1062936X.2015.1104517&partnerID=40&md5=c266637e18dc70f0f2622071bdb179f2","Article","Final","","Scopus","2-s2.0-84947865592"
"Chavarro-Mesa, E.; Ceresini, P.C.; Molina, L.M.R.; Pereira, D.A.S.; Schurt, D.A.; Vieira, J.R.; Poloni, N.M.; McDonald, B.A.","Chavarro-Mesa, Edisson (57188841051); Ceresini, Paulo Cezar (6507211837); Molina, Lina Maria Ramos (56967694800); Pereira, Danilo Augusto dos Santos (56967625500); Schurt, Daniel Augusto (24722179600); Vieira, José R. (57611012100); Poloni, Nadia Maria (56967992800); McDonald, Bruce A. (7102704031)","57188841051; 6507211837; 56967694800; 56967625500; 24722179600; 57611012100; 56967992800; 7102704031","The urochloa foliar blight and collar rot pathogen rhizoctonia solani AG-1 IA emerged in South America via a host shift from rice","2015","Phytopathology","105","11","","1475","1486","0","22","10.1094/PHYTO-04-15-0093-R","https://www.scopus.com/inward/record.uri?eid=2-s2.0-84947593699&doi=10.1094%2FPHYTO-04-15-0093-R&partnerID=40&md5=e5c678fbb6c766ece506764019a60791","Article","Final","All Open Access; Bronze Open Access; Green Accepted Open Access; Green Open Access","Scopus","2-s2.0-84947593699"
"Vassileva, I.; Thygesen, R.; Campillo, J.; Schwede, S.","Vassileva, Iana (26424866700); Thygesen, Richard (55821355500); Campillo, Javier E. (55609096600); Schwede, Sebastian (55660676100)","26424866700; 55821355500; 55609096600; 55660676100","From goals to action: The efforts for increasing energy efficiency and integration of renewable sources in Eskilstuna, Sweden","2015","Resources","4","3","","548","565","0","9","10.3390/resources4030548","https://www.scopus.com/inward/record.uri?eid=2-s2.0-85007546796&doi=10.3390%2Fresources4030548&partnerID=40&md5=e298d1b9a5884a8b43d00094a0ce1f38","Article","Final","All Open Access; Gold Open Access; Green Accepted Open Access; Green Open Access","Scopus","2-s2.0-85007546796"
"Chapman Quevedo, W.A.C.; Agudelo-González, A.L.A.; Rambaut, I.R.M.","Chapman Quevedo, Willian Alfredo (56501863000); Agudelo-González, Ángela Lucía (57193081473); Rambaut, Iesica Rocio Morales (57105799600)","56501863000; 57193081473; 57105799600","Tuboerculosis in Barranquilla, 1930-1960; La tuberculosis pulmonar en Barranquilla, 1930-1960","2015","Memorias","","27","","276","305","0","1","10.14482/memor.27.7676","https://www.scopus.com/inward/record.uri?eid=2-s2.0-84957680140&doi=10.14482%2Fmemor.27.7676&partnerID=40&md5=931a6dc259bfe84920b6cc13f84f2993","Article","Final","All Open Access; Gold Open Access","Scopus","2-s2.0-84957680140"
"Palencia Díaz, A.; Jiménez Pajaro, G.; Utria Salas, K.","Palencia Díaz, Argemiro (56801043600); Jiménez Pajaro, Giovanni (56800926500); Utria Salas, Khriscia (56801020500)","56801043600; 56800926500; 56801020500","Computational model of savonius turbine; Modelado computacional de turbina Savonius","2015","Ingeniare","23","3","","406","412","0","4","10.4067/S0718-33052015000300009","https://www.scopus.com/inward/record.uri?eid=2-s2.0-84940045997&doi=10.4067%2FS0718-33052015000300009&partnerID=40&md5=b219adb051fbb7426d4eee50ab5d8e76","Article","Final","All Open Access; Gold Open Access; Green Accepted Open Access; Green Open Access","Scopus","2-s2.0-84940045997"
"Rubiano-Labrador, C.; Bland, C.; Miotello, G.; Armengaud, J.; Baena, S.","Rubiano-Labrador, Carolina (55649334800); Bland, Céline (55757249800); Miotello, Guylaine (54986159000); Armengaud, Jean (6603746656); Baena, S. (6603442157)","55649334800; 55757249800; 54986159000; 6603746656; 6603442157","Salt stress induced changes in the exoproteome of the halotolerant bacterium Tistlia consotensis deciphered by proteogenomics","2015","PLOS ONE","10","8","e0135065","","","0","37","10.1371/journal.pone.0135065","https://www.scopus.com/inward/record.uri?eid=2-s2.0-84942694095&doi=10.1371%2Fjournal.pone.0135065&partnerID=40&md5=2c9e3fdaa704a2fbd414653984e83e5a","Article","Final","All Open Access; Gold Open Access; Green Accepted Open Access; Green Open Access","Scopus","2-s2.0-84942694095"
"Senior, D.E.; Rahimi, A.; Yoon, Y.-K.","Senior, David E. (36698427600); Rahimi, Arian (56297560700); Yoon, Yong Kyu Yk (7402126778)","36698427600; 56297560700; 7402126778","Millimeter-wave bandpass filter on LCP using CSRR-loaded triangular-shape quarter-mode substrate integrated waveguide","2015","Microwave and Optical Technology Letters","57","8","","1782","1784","0","4","10.1002/mop.29190","https://www.scopus.com/inward/record.uri?eid=2-s2.0-84930063619&doi=10.1002%2Fmop.29190&partnerID=40&md5=01d070a0acc1ce34bf8c934780d679ce","Article","Final","","Scopus","2-s2.0-84930063619"
"Perilla Granados, J.S.A.P.","Perilla Granados, Juan Sebastian Alejandro (57023375100)","57023375100","Antiformalist construction of the average consumer; Construcción antiformalista del consumidor medio","2015","Revista de Derecho Privado","","54","","1","22","0","3","10.15425/redepriv.54.2015.01","https://www.scopus.com/inward/record.uri?eid=2-s2.0-84956676665&doi=10.15425%2Fredepriv.54.2015.01&partnerID=40&md5=b41b2de8587d23b824ce7ed1af900a51","Article","Final","All Open Access; Gold Open Access","Scopus","2-s2.0-84956676665"
"Castillo-Garit, J.A.; Marrero-Ponce, Y.; Barigye, S.J.; Medina-Marrero, R.; García Bernal, M.; García De La Vega, J.M.G.; Torres Pérez, F.; Arán, V.J.; Peréz-Giménez, F.; García Domenech, R.; Acevedo-Barrios, R.","Castillo-Garit, Juan A. (7801470655); Marrero-Ponce, Yovani (55665599200); Barigye, Stephen J. (55363486500); Medina-Marrero, Ricardo (6506280403); García Bernal, Milagro (57193209050); García De La Vega, José Manuel (6603869427); Torres Pérez, Francisco (56924529100); Arán, Vicente J. (6601927074); Peréz-Giménez, Facundo (6701762262); García Domenech, R. V. (7005333392); Acevedo-Barrios, R. L. (56674579200)","7801470655; 55665599200; 55363486500; 6506280403; 57193209050; 6603869427; 56924529100; 6601927074; 6701762262; 7005333392; 56674579200","In silico antibacterial activity modeling based on the TOMOCOMD-CARDD approach","2015","Journal of the Brazilian Chemical Society","26","6","","1218","1226","0","14","10.5935/0103-5053.20150087","https://www.scopus.com/inward/record.uri?eid=2-s2.0-84930670379&doi=10.5935%2F0103-5053.20150087&partnerID=40&md5=fb8d42793bb6bc5c271790ebd888e089","Article","Final","All Open Access; Gold Open Access","Scopus","2-s2.0-84930670379"
"Campillo, J.; Ghaviha, N.; Zimmerman, N.; Dahlquist, E.","Campillo, Javier E. (55609096600); Ghaviha, Nima (56943426400); Zimmerman, Nathan (56943141400); Dahlquist, Erik (6701334488)","55609096600; 56943426400; 56943141400; 6701334488","Flow batteries use potential in heavy vehicles","2015","Electrical Systems for Aircraft, Railway and Ship Propulsion, ESARS","2015-May","","7101496","","","0","20","10.1109/ESARS.2015.7101496","https://www.scopus.com/inward/record.uri?eid=2-s2.0-84946204604&doi=10.1109%2FESARS.2015.7101496&partnerID=40&md5=dafaf8a4ae64ad5a1fab9e86ba36a295","Conference paper","Final","","Scopus","2-s2.0-84946204604"
"Brito-Sánchez, Y.; Marrero-Ponce, Y.; Barigye, S.J.; Yaber-Goenaga, I.; Morell, C.; Le-Thi-Thu, H.L.T.; Cherkasov, A.","Brito-Sánchez, Yoan (55604777000); Marrero-Ponce, Yovani (55665599200); Barigye, Stephen J. (55363486500); Yaber-Goenaga, Iván (56674636400); Morell, Carlos (57204812867); Le-Thi-Thu, Huong (36454896800); Cherkasov, Artem R. (26643601100)","55604777000; 55665599200; 55363486500; 56674636400; 57204812867; 36454896800; 26643601100","Towards better BBB passage prediction using an extensive and curated data set","2015","Molecular Informatics","34","5","","308","330","0","46","10.1002/minf.201400118","https://www.scopus.com/inward/record.uri?eid=2-s2.0-84930640106&doi=10.1002%2Fminf.201400118&partnerID=40&md5=73f5b8282022e94c6596fc29f86a45a7","Article","Final","","Scopus","2-s2.0-84930640106"
"Khoudeir, A.; Sierra-Porta, D.","Khoudeir, Adel (6603012202); Sierra-Porta, D. (57191333650)","6603012202; 57191333650","Duality invariance in massive theories","2015","Physical Review D - Particles, Fields, Gravitation and Cosmology","91","6","064015","","","0","4","10.1103/PhysRevD.91.064015","https://www.scopus.com/inward/record.uri?eid=2-s2.0-84924386366&doi=10.1103%2FPhysRevD.91.064015&partnerID=40&md5=6e0723b5b27acc2ece4f02ad9a64e35c","Article","Final","All Open Access; Green Accepted Open Access; Green Open Access","Scopus","2-s2.0-84924386366"
"Useche, J.; Albuquerque, E.L.","Useche, J. F. (24537991200); Albuquerque, E. L. (7102992846)","24537991200; 7102992846","Transient dynamic analysis of shear deformable shallow shells using the boundary element method","2015","Engineering Structures","87","","","1","7","0","18","10.1016/j.engstruct.2015.01.006","https://www.scopus.com/inward/record.uri?eid=2-s2.0-84921636187&doi=10.1016%2Fj.engstruct.2015.01.006&partnerID=40&md5=7a23fc8bb78d01787ecb79905b95fd68","Article","Final","","Scopus","2-s2.0-84921636187"
"Velasco, D.; Trujillo, C.; Narváez, A.","Velasco, David (35747191400); Trujillo, César L. (24470081300); Narváez, Alexander J. (57224404584)","35747191400; 24470081300; 57224404584","Review of Anti-Islanding Methods: Analysis by Figures of Merit Tools for Controllers Reconfiguration in Microgrids","2015","IEEE Latin America Transactions","13","3","7069092","679","686","0","14","10.1109/TLA.2015.7069092","https://www.scopus.com/inward/record.uri?eid=2-s2.0-84927565200&doi=10.1109%2FTLA.2015.7069092&partnerID=40&md5=f419858f1010a97ec111be27a8d2eb1a","Review","Final","","Scopus","2-s2.0-84927565200"
"Rodríguez-Artacho, M.; Lorenzo, E.J.; Robles, L.S.; Cigarrán, J.; Centeno, R.; Mayorga, J.I.; Vêlez, J.; Castro, M.; SanCristóbal, E.; Díaz-Orueta, G.; Martin-Gutierrez, S.; Gil, R.; García, F.; Cubillo, J.; Ros, S.","Rodríguez-Artacho, Miguel A. (6506542188); Lorenzo, Emilio Julio (22980242800); Robles, Luz Stella (56740493500); Cigarrán, Juan Manuel (8879649100); Centeno, Roberto (22733621200); Mayorga, José Ignacio (55906658100); Vêlez, Javier (7003654204); Castro, Manuel Alonso (26643374700); SanCristóbal, Elio (6508164379); Díaz-Orueta, Gabriel (23093484400); Martin-Gutierrez, Sergio Bravo (55450108900); Gil, Rosario (35781364800); García, Félix (57209186685); Cubillo, Joaquín (44761075700); Ros, Salvador Cador (7005158730)","6506542188; 22980242800; 56740493500; 8879649100; 22733621200; 55906658100; 7003654204; 26643374700; 6508164379; 23093484400; 55450108900; 35781364800; 57209186685; 44761075700; 7005158730","Enhancing higher education experience: The eMadrid initiative at UNED university","2015","Proceedings - Frontiers in Education Conference, FIE","2015-February","February","7044051","","","0","0","10.1109/FIE.2014.7044051","https://www.scopus.com/inward/record.uri?eid=2-s2.0-84938152434&doi=10.1109%2FFIE.2014.7044051&partnerID=40&md5=fa6a22b628aa0f3b9a5a151e3c3aac82","Conference paper","Final","","Scopus","2-s2.0-84938152434"
"Franco, J.F.; Pacheco, J.; Belalcázar, L.C.; Behrentz, E.","Franco, Juan Felipe (35098574800); Pacheco, José A. (37665747400); Belalcázar, Luis Carlos (57221925284); Behrentz, Eduardo (6507627811)","35098574800; 37665747400; 57221925284; 6507627811","Charcterization and source identification of VOC species in Bogotá, Colombia","2015","Atmosfera","28","1","","","","0","0","10.20937/ATM.2015.28.01.01","https://www.scopus.com/inward/record.uri?eid=2-s2.0-85121899551&doi=10.20937%2FATM.2015.28.01.01&partnerID=40&md5=20c0b2926b21d525862c444371095601","Article","Final","All Open Access; Gold Open Access","Scopus","2-s2.0-85121899551"
"Perilla Granados, J.S.A.P.","Perilla Granados, Juan Sebastian Alejandro (57023375100)","57023375100","Theoretical Alignment of the Commercial Law; Alineación iusteórica de las fuentes del derecho comercial","2015","Revista de Derecho Privado","","53","","","","0","0","","https://www.scopus.com/inward/record.uri?eid=2-s2.0-85082026663&partnerID=40&md5=fcc75fa5e490469352d1b7c7b678f0b5","Article","Final","","Scopus","2-s2.0-85082026663"
"Vargas-Chaves, I.; Marrugo-Salas, L.","Vargas-Chaves, Iván (57188579768); Marrugo-Salas, Lina Margarita (57392556500)","57188579768; 57392556500","The corporate social responsibility as guiding criteria for sustainability and ethics of the banking sector activities; La responsabilidad social empresarial como criterio orientador para la sostenibilidad y la ética de las actividades del sector bancario","2015","Juridicas","12","2","","42","57","0","5","10.17151/jurid.2015.12.2.4","https://www.scopus.com/inward/record.uri?eid=2-s2.0-85002597294&doi=10.17151%2Fjurid.2015.12.2.4&partnerID=40&md5=45a18a5869d33c1126204de8ed639350","Article","Final","All Open Access; Gold Open Access; Green Accepted Open Access; Green Open Access","Scopus","2-s2.0-85002597294"
"Fajardo Cuadro, J.; Castellon, L.; Sarria, B.; Barreto, D.","Fajardo Cuadro, Juan Gabriel (56581610900); Castellon, Liliana (57190757268); Sarria, B. (56581727500); Barreto, Deibys (57190756815)","56581610900; 57190757268; 56581727500; 57190756815","Thermoeconomic analysis of wheat flour agroindustrial plant","2015","","6B-2015","","","","","0","4","10.1115/IMECE201551652","https://www.scopus.com/inward/record.uri?eid=2-s2.0-84982992676&doi=10.1115%2FIMECE201551652&partnerID=40&md5=068982dc0a09745a4d6c15bef2086134","Conference paper","Final","","Scopus","2-s2.0-84982992676"
"Noguera-Santamaría, M.C.; Anderson, C.E.; Uricoechea, D.; Durán, C.; Briceño-Balcazar, I.; Villegas, J.B.","Noguera-Santamaría, María Claudia (57190509368); Anderson, Carl Edlund (56263257200); Uricoechea, Daniel (56331406300); Durán, Clemencia (56794949600); Briceño-Balcazar, Ignacio (6602789012); Villegas, Jaime Bernal (57190515916)","57190509368; 56263257200; 56331406300; 56794949600; 6602789012; 57190515916","Mitochondrial DNA analysis suggests a chibchan migration into Colombia","2015","Universitas Scientiarum","20","2","","261","278","0","10","10.11144/Javeriana.SC20-2.mdas","https://www.scopus.com/inward/record.uri?eid=2-s2.0-84980488225&doi=10.11144%2FJaveriana.SC20-2.mdas&partnerID=40&md5=44f1d41cadaedc67fca4bcd82120c41e","Article","Final","All Open Access; Gold Open Access; Green Final Open Access; Green Open Access","Scopus","2-s2.0-84980488225"
"Useche, J.; Alvarez, H.","Useche, J. F. (24537991200); Alvarez, H. (57188805878)","24537991200; 57188805878","Elastodynamic analysis of thick multilayer composite plates by the Boundary Element Method","2015","CMES - Computer Modeling in Engineering and Sciences","107","4","","277","296","0","12","","https://www.scopus.com/inward/record.uri?eid=2-s2.0-84963623614&partnerID=40&md5=b63cb500903287677fcf6d6245d7d464","Article","Final","","Scopus","2-s2.0-84963623614"
"Magre, L.A.M.; Martinez-Santos, J.C.","Magre, Luz Alejandra (56682785300); Martinez-Santos, Juan Carlos (26325154200)","56682785300; 26325154200","Kinematic parameter estimation using close range photogrammetry for sport applications","2015","Proceedings of SPIE - The International Society for Optical Engineering","9681","","96810M","","","0","1","10.1117/12.2208354","https://www.scopus.com/inward/record.uri?eid=2-s2.0-84958225751&doi=10.1117%2F12.2208354&partnerID=40&md5=c5160d397808ddca44f53d4ffb167f81","Conference paper","Final","","Scopus","2-s2.0-84958225751"
"Castillo-Amor, A.M.; Navarro-Navia, C.A.; Cadena, A.J.; Contreras-Ortiz, S.H.","Castillo-Amor, Angélica M. (57118254200); Navarro-Navia, Cristian A. (57118085900); Cadena, Alberto J. (56925085600); Contreras-Ortiz, Sonia H. (57210822856)","57118254200; 57118085900; 56925085600; 57210822856","Reduction of blooming artifacts in cardiac CT images by blind deconvolution and anisotropic diffusion filtering","2015","Proceedings of SPIE - The International Society for Optical Engineering","9681","","96810P","","","0","1","10.1117/12.2209217","https://www.scopus.com/inward/record.uri?eid=2-s2.0-84958212721&doi=10.1117%2F12.2209217&partnerID=40&md5=cee76a9aceb3057dc49cfef6fdc51d2e","Conference paper","Final","","Scopus","2-s2.0-84958212721"
"Marrugo, A.G.; Vargas, R.; Chirino, M.; Millán, M.S.","Marrugo, Andrés G. (24329839300); Vargas, Raúl (57117284600); Chirino, Melet (57118151700); Millán, María S. (7201466399)","24329839300; 57117284600; 57118151700; 7201466399","On the illumination compensation of retinal images by means of the bidimensional empirical mode decomposition","2015","Proceedings of SPIE - The International Society for Optical Engineering","9681","","96810D","","","0","2","10.1117/12.2211464","https://www.scopus.com/inward/record.uri?eid=2-s2.0-84958211440&doi=10.1117%2F12.2211464&partnerID=40&md5=063f02277b3c75240fe17171d63efb1b","Conference paper","Final","","Scopus","2-s2.0-84958211440"
"Vega, F.; Torres Moreno, C.","Vega, Fabio Andrés Varón (55571476800); Torres Moreno, Cesar Orlando (55793189473)","55571476800; 55793189473","Proposal of a bio-speckle descriptor for computing machine take decisions","2015","Proceedings of SPIE - The International Society for Optical Engineering","9660","","96600B","","","0","0","10.1117/12.2196735","https://www.scopus.com/inward/record.uri?eid=2-s2.0-84943558165&doi=10.1117%2F12.2196735&partnerID=40&md5=7f64442e72b4493dbeaccca75174ac26","Conference paper","Final","","Scopus","2-s2.0-84943558165"
"Toro, J.; Daza, C.; Vega, F.; Leonardo Diaz, L.; Torres Moreno, C.","Toro, Jessica (57206234033); Daza, Carolina (56895908400); Vega, Fabio Andrés Varón (55571476800); Leonardo Diaz, M. A. (55570229300); Torres Moreno, Cesar Orlando (55793189473)","57206234033; 56895908400; 55571476800; 55570229300; 55793189473","Portable equipment for determining ripeness in Hass avocado using a low cost color sensor","2015","Proceedings of SPIE - The International Society for Optical Engineering","9660","","96601V","","","0","0","10.1117/12.2196752","https://www.scopus.com/inward/record.uri?eid=2-s2.0-84943529867&doi=10.1117%2F12.2196752&partnerID=40&md5=a9711d78b89119c6646bf77fc7bf3dba","Conference paper","Final","","Scopus","2-s2.0-84943529867"
"Leal-Gutiérrez, J.D.; Jiménez-Robayo, L.M.; Ariza, M.; Manrique, C.; López, J.; Martínez, C.; Pinilla, Y.; Molina, S.; García, N.; Bedoya, C.; Jiménez, A.","Leal-Gutiérrez, Joel David (56107174000); Jiménez-Robayo, Ligia Mercedes (56107060800); Ariza, Manuel Fernando (57212285005); Manrique, Carlos Cohen (36909258600); López, J. J. (57654256800); Martínez, Carlos Alberto (57189620009); Pinilla, Y. (57078977500); Molina, Susan Castro (57975991000); García, N. (58681816000); Bedoya, C. (24337476500); Jiménez, Ariel (55414044400)","56107174000; 56107060800; 57212285005; 36909258600; 57654256800; 57189620009; 57078977500; 57975991000; 58681816000; 24337476500; 55414044400","Polymorphisms of CAPN1, CAST, DES, PRKAG3 and RYR1 genes associated with water holding capacity in raw and cooked meat of crossbred bovine bos indicus and bos taurus in colombia; Polimorfsmos de los genes CAPN1, CAST, DES, PRKAG3 y RYR1 asociados a la capacidad de retención de agua en crudo y cocinado en carne de bovino en cruces Bos indicus y Bos taurus en Colombia","2015","Archivos de Zootecnia","64","245","","29","35","0","6","10.21071/az.v64i245.371","https://www.scopus.com/inward/record.uri?eid=2-s2.0-84935851869&doi=10.21071%2Faz.v64i245.371&partnerID=40&md5=5afa24fbabb23d3a44057c1613f03678","Article","Final","All Open Access; Gold Open Access","Scopus","2-s2.0-84935851869"
"Vargas-Duarte, J.J.; Lozano-Márquez, H.; Grajales-Lombana, H.A.; Manrique, C.; Martínez-Bello, D.A.; Saegerman, C.; Raes, M.; Kirschvink, N.","Vargas-Duarte, Jimmy Jolman (16033709500); Lozano-Márquez, Harvey (56674607400); Grajales-Lombana, Henry Alberto (59158047400); Manrique, Carlos Cohen (36909258600); Martínez-Bello, Daniel Adyro (36612092000); Saegerman, Claude L. (6603901442); Raes, Marianne (35105671200); Kirschvink, Nathalie A. (6603883565)","16033709500; 56674607400; 59158047400; 36909258600; 36612092000; 6603901442; 35105671200; 6603883565","Effect of moxidectin treatment at peripartum on gastrointestinal parasite infections in ewes raised under tropical andes high altitude conditions","2015","Veterinary Medicine International","2015","","932080","","","0","4","10.1155/2015/932080","https://www.scopus.com/inward/record.uri?eid=2-s2.0-84930647101&doi=10.1155%2F2015%2F932080&partnerID=40&md5=c578b5e09c469784b80f3817ac61dfca","Article","Final","All Open Access; Gold Open Access; Green Accepted Open Access; Green Open Access","Scopus","2-s2.0-84930647101"
"Giraldo-Guzmán, J.; Porto-Solano, O.; Cadena, A.J.; Contreras-Ortiz, S.H.","Giraldo-Guzmán, Jader Alexander (56520286300); Porto-Solano, Oscar (56520373900); Cadena, Alberto J. (56925085600); Contreras-Ortiz, Sonia H. (57210822856)","56520286300; 56520373900; 56925085600; 57210822856","Speckle reduction in echocardiography by temporal compounding and anisotropic diffusion filtering","2015","Progress in Biomedical Optics and Imaging - Proceedings of SPIE","9287","","92871F","","","0","5","10.1117/12.2070634","https://www.scopus.com/inward/record.uri?eid=2-s2.0-84923034034&doi=10.1117%2F12.2070634&partnerID=40&md5=2e22e4776154b79d4c29e7a7664569be","Conference paper","Final","","Scopus","2-s2.0-84923034034"
"Marrugo, A.G.; Millán, M.S.; Šorel, M.; Kotera, J.; Sroubek, F.","Marrugo, Andrés G. (24329839300); Millán, María S. (7201466399); Šorel, Michal (15846700100); Kotera, Jan (55860891700); Sroubek, Filip (55882243100)","24329839300; 7201466399; 15846700100; 55860891700; 55882243100","Improving the blind restoration of retinal images by means of point-spread-function estimation assessment","2015","Progress in Biomedical Optics and Imaging - Proceedings of SPIE","9287","","92871D","","","0","7","10.1117/12.2073820","https://www.scopus.com/inward/record.uri?eid=2-s2.0-84923010501&doi=10.1117%2F12.2073820&partnerID=40&md5=8d2e766cb2f5eed344bbce37068aab7b","Conference paper","Final","","Scopus","2-s2.0-84923010501"
"Romero, L.A.; Millán, M.S.; Jaroszewicz, Z.; Kolodziejczyk, A.","Romero, Lenny A. (36142156300); Millán, María S. (7201466399); Jaroszewicz, Zbigniew (7006308488); Kolodziejczyk, Andrzej (7004989645)","36142156300; 7201466399; 7006308488; 7004989645","Programmable diffractive optical elements for extending the depth of focus in ophthalmic optics","2015","Progress in Biomedical Optics and Imaging - Proceedings of SPIE","9287","","92871E","","","0","8","10.1117/12.2073866","https://www.scopus.com/inward/record.uri?eid=2-s2.0-84922983845&doi=10.1117%2F12.2073866&partnerID=40&md5=d785981b1d334b4a062c4872445727e1","Conference paper","Final","","Scopus","2-s2.0-84922983845"
"Franco, J.F.; Pacheco, J.; Belalcázar, L.C.; Behrentz, E.","Franco, Juan Felipe (35098574800); Pacheco, José A. (37665747400); Belalcázar, Luis Carlos (57221925284); Behrentz, Eduardo (6507627811)","35098574800; 37665747400; 57221925284; 6507627811","Characterization and source identification of VOC species in Bogotá, Colombia","2015","Atmosfera","28","1","","1","11","0","29","10.1016/s0187-6236(15)72155-7","https://www.scopus.com/inward/record.uri?eid=2-s2.0-84922364236&doi=10.1016%2Fs0187-6236%2815%2972155-7&partnerID=40&md5=fefbedf14eebc52654a9e92d51776566","Article","Final","All Open Access; Gold Open Access","Scopus","2-s2.0-84922364236"
"Vega, F.; Lasso, W.; Torres Moreno, C.","Vega, Fabio Andrés Varón (55571476800); Lasso, William (55978095800); Torres Moreno, Cesar Orlando (55793189473)","55571476800; 55978095800; 55793189473","Image processing applied to measurement of particle size","2015","Journal of Physics: Conference Series","582","1","012061","","","0","6","10.1088/1742-6596/582/1/012061","https://www.scopus.com/inward/record.uri?eid=2-s2.0-84921038417&doi=10.1088%2F1742-6596%2F582%2F1%2F012061&partnerID=40&md5=acee2e12b75fda62d63d592b05f5775a","Conference paper","Final","All Open Access; Gold Open Access","Scopus","2-s2.0-84921038417"
"Vega, F.; Torres Moreno, C.","Vega, Fabio Andrés Varón (55571476800); Torres Moreno, Cesar Orlando (55793189473)","55571476800; 55793189473","System of acquisition and processing of images of dynamic speckle","2015","Journal of Physics: Conference Series","582","1","012025","","","0","4","10.1088/1742-6596/582/1/012025","https://www.scopus.com/inward/record.uri?eid=2-s2.0-84921033270&doi=10.1088%2F1742-6596%2F582%2F1%2F012025&partnerID=40&md5=be25b2fb215e5123de889e625bc10ada","Conference paper","Final","All Open Access; Gold Open Access","Scopus","2-s2.0-84921033270"
"Yime, E.; Villa, J.L.; Paez, J.; Ortiz, H.","Yime, Eugenio (22837432800); Villa, J. L. (7005142049); Paez, Jheifer (56682671200); Ortiz, Humberto (56682669100)","22837432800; 7005142049; 56682671200; 56682669100","Mechatronic design of an automated storage system located inside a confined space","2014","","","","6983464","","","0","0","10.1109/CIIMA.2014.6983464","https://www.scopus.com/inward/record.uri?eid=2-s2.0-84930999587&doi=10.1109%2FCIIMA.2014.6983464&partnerID=40&md5=c35f77b09d52169ecf12fd06d70c5c6b","Conference paper","Final","","Scopus","2-s2.0-84930999587"
"Mercado-Medina, E.L.; Chavarro-Hernandez, Z.D.; Dominguez-Jimenez, J.A.; Contreras-Ortiz, S.H.","Mercado-Medina, Edgardo Luis (56682863100); Chavarro-Hernandez, Zulay D. (56682866800); Dominguez-Jimenez, J. A. (56682770100); Contreras-Ortiz, Sonia H. (57210822856)","56682863100; 56682866800; 56682770100; 57210822856","Design of an electronic system for monitoring muscle activity in weight-lifting","2014","","","","6983460","","","0","2","10.1109/CIIMA.2014.6983460","https://www.scopus.com/inward/record.uri?eid=2-s2.0-84930999585&doi=10.1109%2FCIIMA.2014.6983460&partnerID=40&md5=89f6eae7cb81a835d87d3353bfad0093","Conference paper","Final","","Scopus","2-s2.0-84930999585"
"Marrugo, A.G.; Millán, M.S.; Abril, H.C.","Marrugo, Andrés G. (24329839300); Millán, María S. (7201466399); Abril, Héctor C. (6603209063)","24329839300; 7201466399; 6603209063","Implementation of an image based focusing algorithm for non-mydriatic retinal imaging","2014","","","","6983425","","","0","5","10.1109/CIIMA.2014.6983425","https://www.scopus.com/inward/record.uri?eid=2-s2.0-84930999583&doi=10.1109%2FCIIMA.2014.6983425&partnerID=40&md5=76c20b9a018fef0cfefa847d32868a30","Conference paper","Final","","Scopus","2-s2.0-84930999583"
"Magre, L.A.M.; Martinez-Santos, J.C.","Magre, Luz Alejandra (56682785300); Martinez-Santos, Juan Carlos (26325154200)","56682785300; 26325154200","Using close range photogrammetric method to estimate kinetic variables in olympic-style weightlifting","2014","","","","6983439","","","0","2","10.1109/CIIMA.2014.6983439","https://www.scopus.com/inward/record.uri?eid=2-s2.0-84930995211&doi=10.1109%2FCIIMA.2014.6983439&partnerID=40&md5=73134c28ca17d7bed6129d39466fcee6","Conference paper","Final","","Scopus","2-s2.0-84930995211"
"Diaz Parada, R.A.; Martinez-Santos, J.C.","Diaz Parada, Richard Alexander (56682876700); Martinez-Santos, Juan Carlos (26325154200)","56682876700; 26325154200","Study of the lower limp's angle during weightlifting exercises using an accelerometer-based system","2014","","","","6983443","","","0","0","10.1109/CIIMA.2014.6983443","https://www.scopus.com/inward/record.uri?eid=2-s2.0-84930989293&doi=10.1109%2FCIIMA.2014.6983443&partnerID=40&md5=555005813e5ce323adcb3986aca20c46","Conference paper","Final","","Scopus","2-s2.0-84930989293"
"Maryori Sabalza, M.; Borre O., J.D.; Martinez-Santos, J.C.","Maryori Sabalza, M. (56682817500); Borre O., Jesus D. (56682886800); Martinez-Santos, Juan Carlos (26325154200)","56682817500; 56682886800; 26325154200","Design and construction of a Power Meter to optimize usage of the Electric Power","2014","","","","6983441","","","0","2","10.1109/CIIMA.2014.6983441","https://www.scopus.com/inward/record.uri?eid=2-s2.0-84930989292&doi=10.1109%2FCIIMA.2014.6983441&partnerID=40&md5=7d08aba9b02166fd182009f45bfbb8a3","Conference paper","Final","","Scopus","2-s2.0-84930989292"
"de la Haye Chamorro, G.I.; Mercado-Aguirre, I.M.; Contreras-Ortiz, S.H.","de la Haye Chamorro, Gisell Isabel (56682801400); Mercado-Aguirre, Isabela M. (57190165939); Contreras-Ortiz, Sonia H. (57210822856)","56682801400; 57190165939; 57210822856","Design of an electrogoniometer based on accelerometers for the evaluation of sports gesture in weight lifting","2014","","","","6983436","","","0","5","10.1109/CIIMA.2014.6983436","https://www.scopus.com/inward/record.uri?eid=2-s2.0-84930988957&doi=10.1109%2FCIIMA.2014.6983436&partnerID=40&md5=a256f944c5d49888b82ee39e82208df7","Conference paper","Final","","Scopus","2-s2.0-84930988957"
"Yime, E.; Villa, J.L.; Paez, J.","Yime, Eugenio (22837432800); Villa, J. L. (7005142049); Paez, Jheifer (56682671200)","22837432800; 7005142049; 56682671200","Design of a brushed DC motors PID controller for development of low-cost robotic applications","2014","","","","6983471","","","0","2","10.1109/CIIMA.2014.6983471","https://www.scopus.com/inward/record.uri?eid=2-s2.0-84930988956&doi=10.1109%2FCIIMA.2014.6983471&partnerID=40&md5=5726144e4073290dd85bec0ccb2d1b49","Conference paper","Final","","Scopus","2-s2.0-84930988956"
"Marrugo, W.; Sierra, E.; Marrugo, J.; Camacho, C.; Romero, L.A.; Marrugo, A.G.","Marrugo, Walberto (56682831600); Sierra, Enrique (56682678200); Marrugo, Jose (56682774900); Camacho, Carlos (56682648200); Romero, Lenny A. (36142156300); Marrugo, Andrés G. (24329839300)","56682831600; 56682678200; 56682774900; 56682648200; 36142156300; 24329839300","A vision-based system for the dynamic measurement of in-plane displacements","2014","","","","6983467","","","0","3","10.1109/CIIMA.2014.6983467","https://www.scopus.com/inward/record.uri?eid=2-s2.0-84930987033&doi=10.1109%2FCIIMA.2014.6983467&partnerID=40&md5=a1d572d1766e3b1267a9a575ab70d13a","Conference paper","Final","","Scopus","2-s2.0-84930987033"
"Sepúlveda González, J.J.; Palacio Babilonia, M.I.; Medina Martínez, J.A.; Fortich-Pérez, D.J.","Sepúlveda González, Jeyssa J. (57201036484); Palacio Babilonia, Minerva I. (57201036448); Medina Martínez, Jesús A. (57201036428); Fortich-Pérez, David J. (57201036449)","57201036484; 57201036448; 57201036428; 57201036449","Construction and validation of the Scale of Acceptance to the School Violence (EAVE); Construcción y validación de la Escala de Aceptación a la Violencia Escolar (EAVE)","2014","Revista de Psicologia","5","2","","61","81","0","0","","https://www.scopus.com/inward/record.uri?eid=2-s2.0-85042962328&partnerID=40&md5=a333d6ba5c0f018d4c95122a81298854","Article","Final","","Scopus","2-s2.0-85042962328"
"Martinez-Santos, J.C.; Fei, Y.","Martinez-Santos, Juan Carlos (26325154200); Fei, Yunsi (7103059457)","26325154200; 7103059457","HATI: Hardware assisted thread isolation for concurrent C/C++ programs","2014","","","","6969407","322","331","0","1","10.1109/IPDPSW.2014.45","https://www.scopus.com/inward/record.uri?eid=2-s2.0-84918829257&doi=10.1109%2FIPDPSW.2014.45&partnerID=40&md5=ba88e8badd91f11fe1c20424fa26a919","Conference paper","Final","","Scopus","2-s2.0-84918829257"
"Senior, D.E.; Rahimi, A.; Jao, P.F.; Yoon, Y.-K.","Senior, David E. (36698427600); Rahimi, Arian (56297560700); Jao, Pitfee (36698143800); Yoon, Yong Kyu Yk (7402126778)","36698427600; 56297560700; 36698143800; 7402126778","Flexible Liquid Crystal Polymer based complementary split ring resonator loaded quarter mode substrate integrated waveguide filters for compact and wearable broadband RF applications","2014","Proceedings - Electronic Components and Technology Conference","","","6897375","789","795","0","11","10.1109/ECTC.2014.6897375","https://www.scopus.com/inward/record.uri?eid=2-s2.0-84907907384&doi=10.1109%2FECTC.2014.6897375&partnerID=40&md5=15489be86192b5e02dcfc742c22dd235","Conference paper","Final","","Scopus","2-s2.0-84907907384"
"Kim, C.; Senior, D.E.; Shorey, A.; Kim, H.J.; Thomas, W.; Yoon, Y.-K.","Kim, Cheolbok (56021218700); Senior, David E. (36698427600); Shorey, Aric B. (58426269000); Kim, Hyup-jong (56382312300); Thomas, Windsor P. (55670976200); Yoon, Yong Kyu Yk (7402126778)","56021218700; 36698427600; 58426269000; 56382312300; 55670976200; 7402126778","Through-glass interposer integrated high quality RF components","2014","Proceedings - Electronic Components and Technology Conference","","","6897427","1103","1109","0","13","10.1109/ECTC.2014.6897427","https://www.scopus.com/inward/record.uri?eid=2-s2.0-84907893946&doi=10.1109%2FECTC.2014.6897427&partnerID=40&md5=b5054ec234a18dda8665b4d46f55fc5b","Conference paper","Final","","Scopus","2-s2.0-84907893946"
"Kim, K.-T.; Kim, C.; Senior, D.E.; Kim, D.; Yoon, Y.-K.","Kim, Kyoung-tae (7409321912); Kim, Cheolbok (56021218700); Senior, David E. (36698427600); Kim, Dongsu (57214770570); Yoon, Yong Kyu Yk (7402126778)","7409321912; 56021218700; 36698427600; 57214770570; 7402126778","Microwave characteristics of sol-gel based Ag-doped (Ba 0.6Sr0.4)TiO3 thin films","2014","Thin Solid Films","565","","","172","178","0","17","10.1016/j.tsf.2014.06.047","https://www.scopus.com/inward/record.uri?eid=2-s2.0-84905723242&doi=10.1016%2Fj.tsf.2014.06.047&partnerID=40&md5=47c24819ddbc207736c69c3a417849e2","Article","Final","","Scopus","2-s2.0-84905723242"
"Toro-González, D.; McCluskey, J.J.; Mittelhammer, R.C.","Toro-González, Daniel (56380539800); McCluskey, Jill J. (7103404192); Mittelhammer, Ron C. (6701770884)","56380539800; 7103404192; 6701770884","Beer snobs do exist: Estimation of beer demand by type","2014","Journal of Agricultural and Resource Economics","39","2","","174","187","0","56","","https://www.scopus.com/inward/record.uri?eid=2-s2.0-84907853691&partnerID=40&md5=7fb87d493480b2854ac7be47feb05977","Article","Final","","Scopus","2-s2.0-84907853691"
"Useche, J.","Useche, J. F. (24537991200)","24537991200","Vibration analysis of shear deformable shallow shells using the Boundary Element Method","2014","Engineering Structures","62-63","","","65","74","0","10","10.1016/j.engstruct.2014.01.010","https://www.scopus.com/inward/record.uri?eid=2-s2.0-84893743515&doi=10.1016%2Fj.engstruct.2014.01.010&partnerID=40&md5=f62320fd8684f46eb05131f134929122","Article","Final","","Scopus","2-s2.0-84893743515"
"Sana, S.S.; Acevedo-Chedid, J.; Salas-Navarro, K.","Sana, Shib Sankar (15078194000); Acevedo-Chedid, Jaime (57193533853); Salas-Navarro, Katherinne (57193504630)","15078194000; 57193533853; 57193504630","A three layer supply chain model with multiple suppliers, manufacturers and retailers for multiple items","2014","Applied Mathematics and Computation","229","","","139","150","0","54","10.1016/j.amc.2013.12.006","https://www.scopus.com/inward/record.uri?eid=2-s2.0-84891709600&doi=10.1016%2Fj.amc.2013.12.006&partnerID=40&md5=c90926b12ad99fdec5fac2f892d25cdf","Article","Final","","Scopus","2-s2.0-84891709600"
"Restrepo, J.C.; Ortiz-Royero, J.C.; Pierini, J.; Schrottke, K.; Maza-Chamorro, M.; Otero Díaz, L.; Aguirre, J.","Restrepo, J. C. (55228535300); Ortiz-Royero, Juan Carlos (24315309800); Pierini, Jorge Omar (6603046042); Schrottke, Kerstin (8920996100); Maza-Chamorro, Mauro Antonio (55872162200); Otero Díaz, Luis J. (58184661100); Aguirre, Julián (55871367200)","55228535300; 24315309800; 6603046042; 8920996100; 55872162200; 58184661100; 55871367200","Freshwater discharge into the Caribbean Sea from the rivers of Northwestern South America (Colombia): Magnitude, variability and recent changes","2014","Journal of Hydrology","509","","","266","281","0","83","10.1016/j.jhydrol.2013.11.045","https://www.scopus.com/inward/record.uri?eid=2-s2.0-84890356498&doi=10.1016%2Fj.jhydrol.2013.11.045&partnerID=40&md5=4e0b03bdd67c9a48c305724224839723","Article","Final","","Scopus","2-s2.0-84890356498"
"Rubiano-Labrador, C.; Bland, C.; Miotello, G.; Guérin, P.; Pible, O.; Baena, S.; Armengaud, J.","Rubiano-Labrador, Carolina (55649334800); Bland, Céline (55757249800); Miotello, Guylaine (54986159000); Guérin, Philippe P. (23570608500); Pible, Olivier (8899018400); Baena, S. (6603442157); Armengaud, Jean (6603746656)","55649334800; 55757249800; 54986159000; 23570608500; 8899018400; 6603442157; 6603746656","Proteogenomic insights into salt tolerance by a halotolerant alpha-proteobacterium isolated from an Andean saline spring","2014","Journal of Proteomics","97","","","36","47","0","56","10.1016/j.jprot.2013.05.020","https://www.scopus.com/inward/record.uri?eid=2-s2.0-84892861522&doi=10.1016%2Fj.jprot.2013.05.020&partnerID=40&md5=a2970a448a13d257e134db8a29da71bb","Article","Final","","Scopus","2-s2.0-84892861522"
"Useche, J.; Narváez, A.","Useche, J. F. (24537991200); Narváez, Alexander J. (57224404584)","24537991200; 57224404584","Vibrational response of elastic membranes coupled to acoustic fluids using a BEM–BEM formulation","2014","Conference Proceedings of the Society for Experimental Mechanics Series","7","","","333","340","0","2","10.1007/978-3-319-04753-9_34","https://www.scopus.com/inward/record.uri?eid=2-s2.0-84988696963&doi=10.1007%2F978-3-319-04753-9_34&partnerID=40&md5=acb92e0e85095728a4d1a4dcb0f9dcbc","Conference paper","Final","","Scopus","2-s2.0-84988696963"
"Bolívar, R.; Gomez, E.; Gualdrón, C.","Bolívar, Rafael (55632776200); Gomez, Elizabeth (56768870800); Gualdrón, Carlos G. (57215557867)","55632776200; 56768870800; 57215557867","Economic impact due to absenteeism on coal mining: Coopracarcegua Ltda. Case","2014","","","","","","","0","0","","https://www.scopus.com/inward/record.uri?eid=2-s2.0-84938898926&partnerID=40&md5=1d8504c20e39f9d75674ea761e8a6950","Conference paper","Final","","Scopus","2-s2.0-84938898926"
"Nakawuka, P.; Peters, T.R.; Karina Gallardo, K.R.; Toro-González, D.; Okwany, R.O.; Walsh, D.B.","Nakawuka, Prossie (56401822100); Peters, R. Troy (9274678400); Karina Gallardo, R. (35319636900); Toro-González, Daniel (56380539800); Okwany, Romulus Okoth (37029973400); Walsh, Douglas Bruce (7402053232)","56401822100; 9274678400; 35319636900; 56380539800; 37029973400; 7402053232","Effect of deficit irrigation on yield, quality, and costs of the production of native spearmint","2014","Journal of Irrigation and Drainage Engineering - ASCE","140","5","05014002","","","0","13","10.1061/(ASCE)IR.1943-4774.0000719","https://www.scopus.com/inward/record.uri?eid=2-s2.0-84936773970&doi=10.1061%2F%28ASCE%29IR.1943-4774.0000719&partnerID=40&md5=005ffb15b1620fd8ae9bf05f9355feb5","Article","Final","","Scopus","2-s2.0-84936773970"
"Viloria-Nuñez, C.V.; Caballero-Uribe, C.V.","Viloria-Nuñez, Cesar (35788581800); Caballero-Uribe, Carlo Vinicio (7801358180)","35788581800; 7801358180","Advancements and challenges for implementing telemedicine and other information technologies (TICs); Avances y retos para implementar la telemedicina y otras tecnologias de la informacion (TICs)","2014","Salud Uninorte","30","2","","vi","viii","0","3","","https://www.scopus.com/inward/record.uri?eid=2-s2.0-84929847319&partnerID=40&md5=f9b89de31be87f6c3fad5ca61a3a0bcc","Editorial","Final","","Scopus","2-s2.0-84929847319"
"Fajardo Cuadro, J.; Sarria, B.; Alvarez Guerra, M.","Fajardo Cuadro, Juan Gabriel (56581610900); Sarria, B. (56581727500); Alvarez Guerra, M. (56798119000)","56581610900; 56581727500; 56798119000","Thermoeconomic indicators ofair conditioning in a river ship to change the configuration of their thermal insulation","2014","","6B","","","","","0","0","10.1115/IMECE201438334","https://www.scopus.com/inward/record.uri?eid=2-s2.0-84926368744&doi=10.1115%2FIMECE201438334&partnerID=40&md5=c87b8a7b666a1538095b33dd6e39a3b8","Conference paper","Final","","Scopus","2-s2.0-84926368744"
"Paez, D.; Thirouin, M.; Behrentz, E.; Pacheco, J.; Perry, A.","Paez, Daniel E. (56529209500); Thirouin, Maïté (56529751300); Behrentz, Eduardo (6507627811); Pacheco, José A. (37665747400); Perry, Anthony (56528943400)","56529209500; 56529751300; 6507627811; 37665747400; 56528943400","Where are we out? Spatial analysis of noise pollution in Bogota","2014","","","","","","","0","1","","https://www.scopus.com/inward/record.uri?eid=2-s2.0-84923534384&partnerID=40&md5=be67fbc5f97edeadea3673f9d34753d6","Conference paper","Final","","Scopus","2-s2.0-84923534384"
"Contreras-Ortiz, S.H.; Fox, M.D.","Contreras-Ortiz, Sonia H. (57210822856); Fox, Martin D. (7401718655)","57210822856; 7401718655","Hexagonal filters for ultrasound images","2014","Journal of Electronic Imaging","23","4","043022","","","0","9","10.1117/1.JEI.23.4.043022","https://www.scopus.com/inward/record.uri?eid=2-s2.0-84922977871&doi=10.1117%2F1.JEI.23.4.043022&partnerID=40&md5=012a8f66ef050ddf3f0103190b060587","Article","Final","","Scopus","2-s2.0-84922977871"
"Pico, A.A.","Pico, Augusto Aleán (56427739200)","56427739200","Moral sentiment and reason: The notion of justice in Adam Smith and Amartya Sen; Sentimiento moral y razón: La noción de justicia en Adam Smith y Amartya Sen","2014","Cuadernos de Economia (Colombia)","33","63","","359","379","0","3","10.15446/cuad.econ.v33n63.45337","https://www.scopus.com/inward/record.uri?eid=2-s2.0-84912031922&doi=10.15446%2Fcuad.econ.v33n63.45337&partnerID=40&md5=8b362c8e6be61fcdc54ea2f2a353a3a5","Article","Final","All Open Access; Gold Open Access","Scopus","2-s2.0-84912031922"
"Useche, J.","Useche, J. F. (24537991200)","24537991200","Boundary element analysis of shear deformable shallow shells under harmonic excitation","2014","CMES - Computer Modeling in Engineering and Sciences","100","2","","105","118","0","1","","https://www.scopus.com/inward/record.uri?eid=2-s2.0-84909646731&partnerID=40&md5=15a0c7707d8fae92fd6b3cde370af968","Article","Final","","Scopus","2-s2.0-84909646731"
"Leal-Gutiérrez, J.D.; Jiménez-Robayo, L.M.; Ariza, M.; Manrique, C.; López, J.; Martínez, C.; Pinilla, Y.; Ríos, M.; Ortiz, Y.; Jiménez, A.","Leal-Gutiérrez, Joel David (56107174000); Jiménez-Robayo, Ligia Mercedes (56107060800); Ariza, Manuel Fernando (57212285005); Manrique, Carlos Cohen (36909258600); López, J. J. (57654256800); Martínez, Carlos Alberto (57189620009); Pinilla, Y. (57078977500); Ríos, Marcela (56399029500); Ortiz, Yurany (56399233300); Jiménez, Ariel (55414044400)","56107174000; 56107060800; 57212285005; 36909258600; 57654256800; 57189620009; 57078977500; 56399029500; 56399233300; 55414044400","Effect of genetic type and aging on water holding capacity in meat from castrated bulls; Efecto del tipo genético y la maduración sobre la retención de agua en carne de toros castrados","2014","Archivos de Zootecnia","63","243","","409","418","0","4","10.21071/az.v63i243.521","https://www.scopus.com/inward/record.uri?eid=2-s2.0-84908371632&doi=10.21071%2Faz.v63i243.521&partnerID=40&md5=83dd4e32125c8aa198ecd7d0cec96143","Article","Final","All Open Access; Gold Open Access","Scopus","2-s2.0-84908371632"
"Marrugo, A.G.","Marrugo, Andrés G. (24329839300)","24329839300","Retinal image analysis oriented to the clinical task","2014","Electronic Letters on Computer Vision and Image Analysis","13","2","","54","55","0","7","10.5565/rev/elcvia.597","https://www.scopus.com/inward/record.uri?eid=2-s2.0-84907236816&doi=10.5565%2Frev%2Felcvia.597&partnerID=40&md5=88ef3c4e1e724fe71152fd8a07797185","Article","Final","All Open Access; Gold Open Access; Green Accepted Open Access; Green Open Access","Scopus","2-s2.0-84907236816"
"Senior, D.E.; Rahimi, A.; Yoon, Y.-K.","Senior, David E. (36698427600); Rahimi, Arian (56297560700); Yoon, Yong Kyu Yk (7402126778)","36698427600; 56297560700; 7402126778","A surface micromachined broadband millimeter-wave filter using quarter-mode substrate integrated waveguide loaded with complementary split ring resonator","2014","IEEE MTT-S International Microwave Symposium Digest","","","6848407","","","0","24","10.1109/MWSYM.2014.6848407","https://www.scopus.com/inward/record.uri?eid=2-s2.0-84905024210&doi=10.1109%2FMWSYM.2014.6848407&partnerID=40&md5=91420b4231a2ad13ab3779f1fdb189a8","Conference paper","Final","","Scopus","2-s2.0-84905024210"
"Delgado-Serrano, L.; López, G.; Bohórquez, L.C.; Bustos, J.R.; Rubiano-Labrador, C.; Osorio-Forero, C.; Junca, H.; Baena, S.; Zambrano, M.M.","Delgado-Serrano, Luisa (57474140400); López, Gina (51864091200); Bohórquez, Laura C. (51863243900); Bustos, José Ricardo (56117168900); Rubiano-Labrador, Carolina (55649334800); Osorio-Forero, César (51864554600); Junca, Howard (6506718181); Baena, S. (6603442157); Zambrano, María Mercedes (55664687300)","57474140400; 51864091200; 51863243900; 56117168900; 55649334800; 51864554600; 6506718181; 6603442157; 55664687300","Neotropical Andes hot springs harbor diverse and distinct planktonic microbial communities","2014","FEMS Microbiology Ecology","89","1","","56","66","0","19","10.1111/1574-6941.12333","https://www.scopus.com/inward/record.uri?eid=2-s2.0-84903755254&doi=10.1111%2F1574-6941.12333&partnerID=40&md5=cc062519aea64f115618fde23b5faa9a","Article","Final","All Open Access; Bronze Open Access","Scopus","2-s2.0-84903755254"
"Jao, P.F.; Franca, E.; Fang, S.-P.; Yoon, J.; Cho, K.; David, E.; Kim, G.; Wheeler, B.; Yoon, Y.-K.","Jao, Pitfee (36698143800); Franca, Eric W. (47461221100); Fang, Shengpo (55369366700); Yoon, Junghae (59045132200); Cho, Kun (58832431500); David, E. (11338989900); Kim, Gloria Jung A. (8617217000); Wheeler, Bruce C. (7102861016); Yoon, Yong Kyu Yk (7402126778)","36698143800; 47461221100; 55369366700; 59045132200; 58832431500; 11338989900; 8617217000; 7102861016; 7402126778","Fabrication of carbon nanofibrous microelectrode array (CNF-MEA) using nanofiber immersion photolithography","2014","Proceedings of the IEEE International Conference on Micro Electro Mechanical Systems (MEMS)","","","6765686","498","501","0","6","10.1109/MEMSYS.2014.6765686","https://www.scopus.com/inward/record.uri?eid=2-s2.0-84898986904&doi=10.1109%2FMEMSYS.2014.6765686&partnerID=40&md5=efc3eaa63ab269c5b6c0581a5be2e603","Conference paper","Final","","Scopus","2-s2.0-84898986904"
"Marrugo, A.G.; Millán, M.S.; Šorel, M.; Sroubek, F.","Marrugo, Andrés G. (24329839300); Millán, María S. (7201466399); Šorel, Michal (15846700100); Sroubek, Filip (55882243100)","24329839300; 7201466399; 15846700100; 55882243100","Restoration of retinal images with space-variant blur","2014","Journal of Biomedical Optics","19","1","016023","","","0","12","10.1117/1.JBO.19.1.016023","https://www.scopus.com/inward/record.uri?eid=2-s2.0-84897748145&doi=10.1117%2F1.JBO.19.1.016023&partnerID=40&md5=8835c86af05468fdb66bedefc6d8ded5","Article","Final","All Open Access; Bronze Open Access","Scopus","2-s2.0-84897748145"
"Vassileva, I.; Campillo, J.","Vassileva, Iana (26424866700); Campillo, Javier E. (55609096600)","26424866700; 55609096600","Increasing energy efficiency in low-income households through targeting awareness and behavioral change","2014","Renewable Energy","67","","","59","63","0","80","10.1016/j.renene.2013.11.046","https://www.scopus.com/inward/record.uri?eid=2-s2.0-84897379724&doi=10.1016%2Fj.renene.2013.11.046&partnerID=40&md5=79142a98bd9338facd415e259f3dfcf9","Article","Final","","Scopus","2-s2.0-84897379724"
"Millán, M.S.; Pérez-Cabré, E.; Romero, L.A.; Ramírez, N.","Millán, María S. (7201466399); Pérez-Cabré, Elisabet (8729551400); Romero, Lenny A. (36142156300); Ramírez, Natalia (55977858800)","7201466399; 8729551400; 36142156300; 55977858800","Programmable diffractive lens for ophthalmic application","2014","Optical Engineering","53","6","061709","","","0","1","10.1117/1.OE.53.6.061709","https://www.scopus.com/inward/record.uri?eid=2-s2.0-84896937131&doi=10.1117%2F1.OE.53.6.061709&partnerID=40&md5=448eb11a1070d65bb4233ee56ff134e0","Article","Final","All Open Access; Bronze Open Access","Scopus","2-s2.0-84896937131"
"Acuña, O.; Martin-Villalba, C.; Urquía, A.","Acuña, Oscar (35104250500); Martin-Villalba, Carla (24438160400); Urquía, Alfonso (15732065200)","35104250500; 24438160400; 15732065200","Virtual lab in Modelica of a cement clinker cooler for operator training","2014","Mathematical and Computer Modelling of Dynamical Systems","20","2","","170","193","0","0","10.1080/13873954.2013.819019","https://www.scopus.com/inward/record.uri?eid=2-s2.0-84892798288&doi=10.1080%2F13873954.2013.819019&partnerID=40&md5=7781fa355067cb6e348a0d23f52e7b83","Article","Final","","Scopus","2-s2.0-84892798288"
"Vega, F.; Torres Moreno, C.","Vega, Fabio Andrés Varón (55571476800); Torres Moreno, Cesar Orlando (55793189473)","55571476800; 55793189473","Automatic detection of bruises in fruit using Biospeckle techniques","2013","","","","6644916","","","0","21","10.1109/STSIVA.2013.6644916","https://www.scopus.com/inward/record.uri?eid=2-s2.0-84891047875&doi=10.1109%2FSTSIVA.2013.6644916&partnerID=40&md5=b72c157f26429fa6b6620f4409891aa3","Conference paper","Final","","Scopus","2-s2.0-84891047875"
"Barrios, A.; Duque, M.; Canu, M.; Villa, J.L.; Chevrel, P.; Grisales-Palacio, V.H.; Prieto-Ortíz, F.; Panche, S.","Barrios, Arquímedes (55499187700); Duque, Mauricio Ismael (7004864427); Canu, Michael (26647351600); Villa, J. L. (7005142049); Chevrel, Philippe (6602908026); Grisales-Palacio, Victor H. (39161318100); Prieto-Ortíz, Flavio Augusto (56689499100); Panche, Stifen (55499203900)","55499187700; 7004864427; 26647351600; 7005142049; 6602908026; 39161318100; 56689499100; 55499203900","Academic evaluation protocol for monitoring modalities of use at an Automatic Control Laboratory: Local vs. remote","2013","International Journal of Engineering Education","29","6","","1551","1563","0","2","","https://www.scopus.com/inward/record.uri?eid=2-s2.0-84891961447&partnerID=40&md5=281d56f8a172c2d234106b8b75c64a9a","Conference paper","Final","","Scopus","2-s2.0-84891961447"
"Vega, F.; Torres Moreno, C.; Leonardo Diaz, L.; Mattos, L.","Vega, Fabio Andrés Varón (55571476800); Torres Moreno, Cesar Orlando (55793189473); Leonardo Diaz, M. A. (55570229300); Mattos, Lorenzo (18037944500)","55571476800; 55793189473; 55570229300; 18037944500","Simple method of fabrication tapered fiber","2013","Proceedings of SPIE - The International Society for Optical Engineering","8785","","87852D","","","0","2","10.1117/12.2025275","https://www.scopus.com/inward/record.uri?eid=2-s2.0-84891340180&doi=10.1117%2F12.2025275&partnerID=40&md5=17fb232073030fb46ca51694c02a69ba","Conference paper","Final","","Scopus","2-s2.0-84891340180"
"Vega, F.; Torres Moreno, C.; Leonardo Diaz, L.; Mattos, L.","Vega, Fabio Andrés Varón (55571476800); Torres Moreno, Cesar Orlando (55793189473); Leonardo Diaz, M. A. (55570229300); Mattos, Lorenzo (18037944500)","55571476800; 55793189473; 55570229300; 18037944500","Determining the quality of optical fiber splice by fusion by electric ARC through spectral image processing","2013","Proceedings of SPIE - The International Society for Optical Engineering","8785","","87852C","","","0","0","10.1117/12.2025271","https://www.scopus.com/inward/record.uri?eid=2-s2.0-84891337509&doi=10.1117%2F12.2025271&partnerID=40&md5=e079913a33afeca08a7db8825e9f0d04","Conference paper","Final","","Scopus","2-s2.0-84891337509"
"Millán, M.S.; Pérez-Cabré, E.; Romero, L.A.; Ramírez, N.","Millán, María S. (7201466399); Pérez-Cabré, Elisabet (8729551400); Romero, Lenny A. (36142156300); Ramírez, Natalia (55977858800)","7201466399; 8729551400; 36142156300; 55977858800","Ophthalmic compensation of visual ametropia based on a programmable diffractive lens","2013","Proceedings of SPIE - The International Society for Optical Engineering","8785","","8785CO","","","0","0","10.1117/12.2025472","https://www.scopus.com/inward/record.uri?eid=2-s2.0-84891327347&doi=10.1117%2F12.2025472&partnerID=40&md5=abd4d097b50b9b0c02e4f953ab7bd209","Conference paper","Final","","Scopus","2-s2.0-84891327347"
"Morales, Y.; Vega, F.; Leonardo Diaz, L.; Flórez, D.; Torres Moreno, C.","Morales, Yaileth J. (55513639000); Vega, Fabio Andrés Varón (55571476800); Leonardo Diaz, M. A. (55570229300); Flórez, Daniel (57053060600); Torres Moreno, Cesar Orlando (55793189473)","55513639000; 55571476800; 55570229300; 57053060600; 55793189473","Correlation applied to the recognition of regular geometric figures William Lasso1","2013","Proceedings of SPIE - The International Society for Optical Engineering","8785","","8785CL","","","0","0","10.1117/12.2026254","https://www.scopus.com/inward/record.uri?eid=2-s2.0-84891310017&doi=10.1117%2F12.2026254&partnerID=40&md5=df0f50cca690a9e5f149763690539c3b","Conference paper","Final","","Scopus","2-s2.0-84891310017"
"Marrugo, A.G.; Millán, M.S.; Šorel, M.; Sroubek, F.","Marrugo, Andrés G. (24329839300); Millán, María S. (7201466399); Šorel, Michal (15846700100); Sroubek, Filip (55882243100)","24329839300; 7201466399; 15846700100; 55882243100","Blind restoration of retinal images degraded by space-variant blur with adaptive blur estimation","2013","Proceedings of SPIE - The International Society for Optical Engineering","8785","","8785D1","","","0","2","10.1117/12.2025134","https://www.scopus.com/inward/record.uri?eid=2-s2.0-84891291217&doi=10.1117%2F12.2025134&partnerID=40&md5=c85db5026806c59d3489752ef2164835","Conference paper","Final","All Open Access; Green Accepted Open Access; Green Open Access","Scopus","2-s2.0-84891291217"
"Bueno, C.J.; Bettiol, W.; Chavarro-Mesa, E.; Ceresini, P.C.","Bueno, C. J. (13805464400); Bettiol, Wagner (6602963463); Chavarro-Mesa, Edisson (57188841051); Ceresini, Paulo Cezar (6507211837)","13805464400; 6602963463; 57188841051; 6507211837","Report of Rhizoctonia solani AG-4 HG I on chrysanthemum (White and Yellow Papyrus) and R. solani AG-4 HG III on gypsophila in the São Paulo State, Brazil, and their cross pathogenicity; Relato de Rhizoctonia solani AG-4 HG I em crisântemo (Papiro Branco e Amarelo) e R. solani AG-4 HG III em gipsófila no estado de São Paulo, Brasil, e sua patogenicidade cruzada","2013","Summa Phytopathologica","39","4","","286","289","0","1","10.1590/S0100-54052013000400010","https://www.scopus.com/inward/record.uri?eid=2-s2.0-84892965338&doi=10.1590%2FS0100-54052013000400010&partnerID=40&md5=25f90164dba271df3aa99f5f372fd31c","Note","Final","All Open Access; Gold Open Access; Green Accepted Open Access; Green Final Open Access; Green Open Access","Scopus","2-s2.0-84892965338"
"Martinez-Santos, J.C.; Fei, Y.","Martinez-Santos, Juan Carlos (26325154200); Fei, Yunsi (7103059457)","26325154200; 7103059457","Micro-Architectural support for metadata coherence in multi-core dynamic information flow tracking","2013","ACM International Conference Proceeding Series","","","6","","","0","1","","https://www.scopus.com/inward/record.uri?eid=2-s2.0-84882381476&partnerID=40&md5=80061414eaed1294b85bcac404673081","Conference paper","Final","","Scopus","2-s2.0-84882381476"
"Martinez-Santos, J.C.; Fei, Y.","Martinez-Santos, Juan Carlos (26325154200); Fei, Yunsi (7103059457)","26325154200; 7103059457","Leveraging speculative architectures for runtime program validation","2013","ACM Transactions on Embedded Computing Systems","13","1","3","","","0","1","10.1145/2512456","https://www.scopus.com/inward/record.uri?eid=2-s2.0-84883857670&doi=10.1145%2F2512456&partnerID=40&md5=b5be7a4fc536e146a35fe5c4bdd5a07f","Article","Final","All Open Access; Bronze Open Access","Scopus","2-s2.0-84883857670"
"Caicedo-Torres, W.; Quintana, M.; Pinzón, H.","Caicedo-Torres, William (55782426500); Quintana, Moisés (55783129400); Pinzón, Hernando Samuel (55782490400)","55782426500; 55783129400; 55782490400","Differential diagnosis of hemorrhagic fevers using ARTMAP and an Artificial Immune System","2013","International Journal of Artificial Intelligence","11","13 A","","150","169","0","15","","https://www.scopus.com/inward/record.uri?eid=2-s2.0-84879759875&partnerID=40&md5=e126f6afb294df43dee6cf023435ca5a","Article","Final","","Scopus","2-s2.0-84879759875"
"Pareja, I.V.; Tham, J.","Pareja, Ignacio Velez (55897671400); Tham, Joseph (7003570680)","55897671400; 7003570680","Capital Budgeting and Inflation","2013","","","","","197","214","0","0","10.1002/9781118258422.ch11","https://www.scopus.com/inward/record.uri?eid=2-s2.0-84886228234&doi=10.1002%2F9781118258422.ch11&partnerID=40&md5=19af72e5ef18afc2565bdb5ee8b319fc","Book chapter","Final","","Scopus","2-s2.0-84886228234"
"Rubiano-Labrador, C.; Baena, S.; Díaz-Cárdenas, C.; Patel, B.K.C.","Rubiano-Labrador, Carolina (55649334800); Baena, S. (6603442157); Díaz-Cárdenas, Carolina (36100923400); Patel, B. K.C. (13105958700)","55649334800; 6603442157; 36100923400; 13105958700","Caloramator quimbayensis sp. nov., an anaerobic, moderately thermophilic bacterium isolated from a terrestrial hot spring","2013","International Journal of Systematic and Evolutionary Microbiology","63","PART4","","1396","1402","0","19","10.1099/ijs.0.037937-0","https://www.scopus.com/inward/record.uri?eid=2-s2.0-84876093463&doi=10.1099%2Fijs.0.037937-0&partnerID=40&md5=804bb77267d562d1770496c4aec1c85c","Article","Final","","Scopus","2-s2.0-84876093463"
"Amores, M.J.; Meneses, M.; Pasqualino, J.; Antón, A.; Castells, F.","Amores, María José (55580957100); Meneses, Montse (8111347400); Pasqualino, Jorgelina C. (14622047600); Antón, Assumpcio’ (7101672434); Castells, Francesc (7003612213)","55580957100; 8111347400; 14622047600; 7101672434; 7003612213","Environmental assessment of urban water cycle on Mediterranean conditions by LCA approach","2013","Journal of Cleaner Production","43","","","84","92","0","178","10.1016/j.jclepro.2012.12.033","https://www.scopus.com/inward/record.uri?eid=2-s2.0-84873328358&doi=10.1016%2Fj.jclepro.2012.12.033&partnerID=40&md5=8daf6f32ac5a057395c42c0c6db1c60f","Article","Final","","Scopus","2-s2.0-84873328358"
"McCluskey, J.J.; Toro-González, D.; Gallardo, R.; Yan, J.","McCluskey, Jill J. (7103404192); Toro-González, Daniel (56380539800); Gallardo, Rosa Karina (57030658300); Yan, Jia (23994552500)","7103404192; 56380539800; 57030658300; 23994552500","Quality differentiation with flavors: Demand estimation of unobserved attributes","2013","Journal of Agricultural and Food Industrial Organization","11","1","","101","111","0","2","10.1515/jafio-2013-0002","https://www.scopus.com/inward/record.uri?eid=2-s2.0-84944057085&doi=10.1515%2Fjafio-2013-0002&partnerID=40&md5=f2c136b3ab2801cf8ebe8b3218db32a0","Article","Final","","Scopus","2-s2.0-84944057085"
"Choi, S.M.; González, D.T.; Gray, P.","Choi, Seung-mo (35767458900); González, Daniel Toro (56377459100); Gray, Peter (56377086900)","35767458900; 56377459100; 56377086900","International technology adoption, R&D, and productivity growth","2013","B.E. Journal of Macroeconomics","13","1","","331","354","0","2","10.1515/bejm-2012-0035","https://www.scopus.com/inward/record.uri?eid=2-s2.0-84907702086&doi=10.1515%2Fbejm-2012-0035&partnerID=40&md5=778c286ae77a0ff3b1deba11682f3d02","Article","Final","","Scopus","2-s2.0-84907702086"
"Díaz Gamboa, S.L.","Díaz Gamboa, Sandra Lucía (55325139000)","55325139000","Form and void in Severo Sarduy's poetry; Forma y vacío en la poesía de Severo Sarduy","2013","Revista de Filologia Romanica","30","2","","245","260","0","0","10.5209/rev_RFRM.2013.v30.n2.45707","https://www.scopus.com/inward/record.uri?eid=2-s2.0-84906895801&doi=10.5209%2Frev_RFRM.2013.v30.n2.45707&partnerID=40&md5=330a4ec3d6ca54763e9c09b0f5fd16c2","Article","Final","All Open Access; Gold Open Access; Green Accepted Open Access; Green Open Access","Scopus","2-s2.0-84906895801"
"Arango, S.; Pacheco, J.; Behrentz, E.; Ramos-Bonilla, J.P.","Arango, Santiago J. (36241322200); Pacheco, José A. (37665747400); Behrentz, Eduardo (6507627811); Ramos-Bonilla, Juan Pablo (35559517800)","36241322200; 37665747400; 6507627811; 35559517800","Evaluation of sound pressure levels inside public service vehicles in Bogota, Colombia","2013","","1","","","448","462","0","0","","https://www.scopus.com/inward/record.uri?eid=2-s2.0-84904469930&partnerID=40&md5=64ad795bb7fda05cb73917c45587b463","Conference paper","Final","","Scopus","2-s2.0-84904469930"
"Yance, S.L.; Viloria-Nuñez, C.V.; Barros, J.D.; Peña, J.C.","Yance, Stella Lugo (56094694100); Viloria-Nuñez, Cesar (35788581800); Barros, Jilliam Díaz (56095403100); Peña, Jairo Cardona (59159890600)","56094694100; 35788581800; 56095403100; 59159890600","Monitoring patients in an ambulatory post-surgery state through the Web; Seguimiento de pacientes en estado postoperatorio de cirugías ambulatorias a través de la Web","2013","Salud Uninorte","29","3","","384","393","0","4","","https://www.scopus.com/inward/record.uri?eid=2-s2.0-84897410882&partnerID=40&md5=bf8faac1abb535b17c308c5b76998886","Article","Final","","Scopus","2-s2.0-84897410882"
"Vassileva, I.; Dahlquist, E.; Wallin, F.; Campillo, J.","Vassileva, Iana (26424866700); Dahlquist, Erik (6701334488); Wallin, Fredrik (14053136800); Campillo, Javier E. (55609096600)","26424866700; 6701334488; 14053136800; 55609096600","Energy consumption feedback devices' impact evaluation on domestic energy use","2013","Applied Energy","106","","","314","320","0","96","10.1016/j.apenergy.2013.01.059","https://www.scopus.com/inward/record.uri?eid=2-s2.0-84874429187&doi=10.1016%2Fj.apenergy.2013.01.059&partnerID=40&md5=7765a6287e348fdf32cd1fbe0340fe56","Article","Final","","Scopus","2-s2.0-84874429187"
"Barrios, A.; Panche, S.; Duque, M.; Grisales-Palacio, V.H.; Prieto-Ortíz, F.; Villa, J.L.; Chevrel, P.; Canu, M.","Barrios, Arquímedes (55499187700); Panche, Stifen (55499203900); Duque, Mauricio Ismael (7004864427); Grisales-Palacio, Victor H. (39161318100); Prieto-Ortíz, Flavio Augusto (56689499100); Villa, J. L. (7005142049); Chevrel, Philippe (6602908026); Canu, Michael (26647351600)","55499187700; 55499203900; 7004864427; 39161318100; 56689499100; 7005142049; 6602908026; 26647351600","A multi-user remote academic laboratory system","2013","Computers and Education","62","","","111","122","0","34","10.1016/j.compedu.2012.10.011","https://www.scopus.com/inward/record.uri?eid=2-s2.0-84869883487&doi=10.1016%2Fj.compedu.2012.10.011&partnerID=40&md5=ef2b11c91f7f3114d958fd2a8a5274bb","Article","Final","","Scopus","2-s2.0-84869883487"
"Morales, Y.; Leonardo Diaz, L.; Vega, F.; Torres Moreno, C.; Mattos, L.","Morales, Yaileth J. (55513639000); Leonardo Diaz, M. A. (55570229300); Vega, Fabio Andrés Varón (55571476800); Torres Moreno, Cesar Orlando (55793189473); Mattos, Lorenzo (18037944500)","55513639000; 55570229300; 55571476800; 55793189473; 18037944500","Radial Hilbert transform in the detect edges of fingerprinting and its application in digital correlation; Transformada Radial de Hilbert en la detección de bordes de Huellas Dactilares y su Aplicación en la Correlación Digital","2012","","","","6340594","270","274","0","1","10.1109/STSIVA.2012.6340594","https://www.scopus.com/inward/record.uri?eid=2-s2.0-84870692943&doi=10.1109%2FSTSIVA.2012.6340594&partnerID=40&md5=6b867da4eaecd1bb61191cafd59899aa","Conference paper","Final","","Scopus","2-s2.0-84870692943"
"Kim, C.; Cheng, X.; Senior, D.E.; Kim, K.-T.; Yoon, Y.-K.","Kim, Cheolbok (56021218700); Cheng, Xiaoyu (37101227200); Senior, David E. (36698427600); Kim, Kyoung-tae (7409321912); Yoon, Yong Kyu Yk (7402126778)","56021218700; 37101227200; 36698427600; 7409321912; 7402126778","A surface micromachined high gain dielectric lens antenna for millimeter wave applications","2012","AP-S International Symposium (Digest) (IEEE Antennas and Propagation Society)","","","6349045","","","0","1","10.1109/APS.2012.6349045","https://www.scopus.com/inward/record.uri?eid=2-s2.0-84870546067&doi=10.1109%2FAPS.2012.6349045&partnerID=40&md5=235adf754193ef29e5cf9e9c29b87e21","Conference paper","Final","","Scopus","2-s2.0-84870546067"
"Senior, D.E.; Yoon, Y.-K.","Senior, David E. (36698427600); Yoon, Yong Kyu Yk (7402126778)","36698427600; 7402126778","Dual band antenna using the substrate integrated waveguide as an Epsilon Negative transmission line","2012","AP-S International Symposium (Digest) (IEEE Antennas and Propagation Society)","","","6347979","","","0","2","10.1109/APS.2012.6347979","https://www.scopus.com/inward/record.uri?eid=2-s2.0-84870507333&doi=10.1109%2FAPS.2012.6347979&partnerID=40&md5=8186a03156df201e5f6e2ee77aba53ec","Conference paper","Final","","Scopus","2-s2.0-84870507333"
"Senior, D.E.; Cheng, X.; Yoon, Y.-K.","Senior, David E. (36698427600); Cheng, Xiaoyu (37101227200); Yoon, Yong Kyu Yk (7402126778)","36698427600; 37101227200; 7402126778","Dual-band filters using complementary split-ring resonator and capacitive loaded half-mode substrate-integrated-waveguide","2012","AP-S International Symposium (Digest) (IEEE Antennas and Propagation Society)","","","6348790","","","0","9","10.1109/APS.2012.6348790","https://www.scopus.com/inward/record.uri?eid=2-s2.0-84870500156&doi=10.1109%2FAPS.2012.6348790&partnerID=40&md5=b27860bdc881a866822c4ac62ac16a14","Conference paper","Final","","Scopus","2-s2.0-84870500156"
"Pacheco, J.; Ortiz, M.A.; Arango, S.; Behrentz, E.","Pacheco, José A. (37665747400); Ortiz, Miguel A. (57196394997); Arango, Santiago J. (36241322200); Behrentz, Eduardo (6507627811)","37665747400; 57196394997; 36241322200; 6507627811","Vehicle noise emission levels in Bogota city","2012","","12","","","10349","10355","0","0","","https://www.scopus.com/inward/record.uri?eid=2-s2.0-84883568201&partnerID=40&md5=4ae7aaf10907352b407dc1196093507a","Conference paper","Final","","Scopus","2-s2.0-84883568201"
"Campillo, J.; Wallin, F.; Vassileva, I.; Dahlquist, E.","Campillo, Javier E. (55609096600); Wallin, Fredrik (14053136800); Vassileva, Iana (26424866700); Dahlquist, Erik (6701334488)","55609096600; 14053136800; 26424866700; 6701334488","Electricity demand impact from increased use of ground sourced heat pumps","2012","","","","6465876","","","0","9","10.1109/ISGTEurope.2012.6465876","https://www.scopus.com/inward/record.uri?eid=2-s2.0-84874751627&doi=10.1109%2FISGTEurope.2012.6465876&partnerID=40&md5=1e3232286371299c49119c39354a3a87","Conference paper","Final","All Open Access; Green Accepted Open Access; Green Open Access","Scopus","2-s2.0-84874751627"
"Cheng, X.; Wu, J.; Blank, R.; Senior, D.E.; Yoon, Y.-K.","Cheng, Xiaoyu (37101227200); Wu, Jiyu (58420899000); Blank, Roland (57225461575); Senior, David E. (36698427600); Yoon, Yong Kyu Yk (7402126778)","37101227200; 58420899000; 57225461575; 36698427600; 7402126778","An omnidirectional wrappable compact patch antenna for wireless endoscope applications","2012","IEEE Antennas and Wireless Propagation Letters","11","","6407701","1667","1670","0","44","10.1109/LAWP.2013.2238600","https://www.scopus.com/inward/record.uri?eid=2-s2.0-84873357040&doi=10.1109%2FLAWP.2013.2238600&partnerID=40&md5=ec2a4b2fce66e2bb50e1f1ebde73ad76","Article","Final","","Scopus","2-s2.0-84873357040"
"Mendoza, G.V.; Cruz, Y.P.","Mendoza, Giovanny Vasques (55575872200); Cruz, Yuliana Puerta (55575299700)","55575872200; 55575299700","Supplier selection service-case study UTB","2012","","","","6398008","","","0","0","10.1109/ColombianCC.2012.6398008","https://www.scopus.com/inward/record.uri?eid=2-s2.0-84873134366&doi=10.1109%2FColombianCC.2012.6398008&partnerID=40&md5=e98dfd545b3b61223d6f9efcb80c55b3","Conference paper","Final","","Scopus","2-s2.0-84873134366"
"Morales, Y.; Leonardo Diaz, L.; Vega, F.; Torres Moreno, C.; Mattos, L.","Morales, Yaileth J. (55513639000); Leonardo Diaz, M. A. (55570229300); Vega, Fabio Andrés Varón (55571476800); Torres Moreno, Cesar Orlando (55793189473); Mattos, Lorenzo (18037944500)","55513639000; 55570229300; 55571476800; 55793189473; 18037944500","Fingerprint verification by correlation using wavelet compression of preprocessing digital images","2012","IECON Proceedings (Industrial Electronics Conference)","","","6388517","1517","1520","0","0","10.1109/IECON.2012.6388517","https://www.scopus.com/inward/record.uri?eid=2-s2.0-84872967389&doi=10.1109%2FIECON.2012.6388517&partnerID=40&md5=71fcf5d1e954e474089b15240cb0b395","Conference paper","Final","","Scopus","2-s2.0-84872967389"
"Daza, S.M.; Vega, F.; Matos, L.; Moreno, C.T.; Leonardo Diaz, L.; Yailth Morales Daza","Daza, Sandra M. (55571518000); Vega, Fabio Andrés Varón (55571476800); Matos, Lorenzo (55513177300); Moreno, Cesar Torres (55569913900); Leonardo Diaz, M. A. (55570229300); Yailth Morales Daza (55571194600)","55571518000; 55571476800; 55513177300; 55569913900; 55570229300; 55571194600","Image encryption based on convolution operation in the gyrator transform domain","2012","IECON Proceedings (Industrial Electronics Conference)","","","6388515","1527","1529","0","8","10.1109/IECON.2012.6388515","https://www.scopus.com/inward/record.uri?eid=2-s2.0-84872931945&doi=10.1109%2FIECON.2012.6388515&partnerID=40&md5=288f9298f7568c4fcb98d9c521be587c","Conference paper","Final","","Scopus","2-s2.0-84872931945"
"Arroyave, S.; Hernandez, L.J.; Yaileth Morales, L.D.M.; Vega, F.; Mattos, L.; Torres Moreno, C.","Arroyave, S. (55569603200); Hernandez, L. J. (57217366829); Yaileth Morales, Leonardo Diaz M. (55571375800); Vega, Fabio Andrés Varón (55571476800); Mattos, Lorenzo (18037944500); Torres Moreno, Cesar Orlando (55793189473)","55569603200; 57217366829; 55571375800; 55571476800; 18037944500; 55793189473","Recognition and identification of faces using digital correlation","2012","IECON Proceedings (Industrial Electronics Conference)","","","6388506","1571","1573","0","0","10.1109/IECON.2012.6388506","https://www.scopus.com/inward/record.uri?eid=2-s2.0-84872922627&doi=10.1109%2FIECON.2012.6388506&partnerID=40&md5=1ebf72bb0c5dc47dc0ef1e75818765ce","Conference paper","Final","","Scopus","2-s2.0-84872922627"
"Acevedo-Patĩno, O.; Kagaris, D.; Poluri, K.; Ramaprasad, H.; Warner, S.","Acevedo-Patĩno, Oscar (57197327858); Kagaris, Dimitri (7004389110); Poluri, Kaushik (55558821000); Ramaprasad, Harini (8838997000); Warner, Shawn (55558479200)","57197327858; 7004389110; 55558821000; 8838997000; 55558479200","Towards optimal design of avionics networking infrastructures","2012","AIAA/IEEE Digital Avionics Systems Conference - Proceedings","","","6382407","7","A313","0","3","10.1109/DASC.2012.6382407","https://www.scopus.com/inward/record.uri?eid=2-s2.0-84872448884&doi=10.1109%2FDASC.2012.6382407&partnerID=40&md5=8e8422a63418c119153367dbfd60bdf6","Conference paper","Final","","Scopus","2-s2.0-84872448884"
"Acevedo-Patĩno, O.; Kagaris, D.","Acevedo-Patĩno, Oscar (57197327858); Kagaris, Dimitri (7004389110)","57197327858; 7004389110","Using the Berlekamp-Massey algorithm to obtain LFSR characteristic polynomials for TPG","2012","Proceedings - IEEE International Symposium on Defect and Fault Tolerance in VLSI Systems","","","6378229","233","238","0","22","10.1109/DFT.2012.6378229","https://www.scopus.com/inward/record.uri?eid=2-s2.0-84872331347&doi=10.1109%2FDFT.2012.6378229&partnerID=40&md5=e7bb5fccfe785dbc55eff26b51a19a7c","Conference paper","Final","","Scopus","2-s2.0-84872331347"
"Martinez-Santos, J.C.; Fei, Y.","Martinez-Santos, Juan Carlos (26325154200); Fei, Yunsi (7103059457)","26325154200; 7103059457","Designing and implementing a malicious 8051 processor","2012","Proceedings - IEEE International Symposium on Defect and Fault Tolerance in VLSI Systems","","","6378201","63","66","0","9","10.1109/DFT.2012.6378201","https://www.scopus.com/inward/record.uri?eid=2-s2.0-84872280345&doi=10.1109%2FDFT.2012.6378201&partnerID=40&md5=afba06848003031e2599264321fa460c","Conference paper","Final","","Scopus","2-s2.0-84872280345"
"Senior, D.E.; Yoon, Y.-K.","Senior, David E. (36698427600); Yoon, Yong Kyu Yk (7402126778)","36698427600; 7402126778","Bridged composite right/left handed unit cell with all-pass and triple band response","2012","IEEE Microwave and Wireless Components Letters","22","11","6341096","568","570","0","11","10.1109/LMWC.2012.2225605","https://www.scopus.com/inward/record.uri?eid=2-s2.0-84869386614&doi=10.1109%2FLMWC.2012.2225605&partnerID=40&md5=e44b1d97221daf5f13a2cab355db110b","Article","Final","","Scopus","2-s2.0-84869386614"
"Martinez-Santos, J.C.; Fei, Y.; Shi, Z.J.","Martinez-Santos, Juan Carlos (26325154200); Fei, Yunsi (7103059457); Shi, Zhijie Jerry (59606583000)","26325154200; 7103059457; 59606583000","Static secure page allocation for light-weight dynamic information flow tracking","2012","","","","","27","36","0","2","10.1145/2380403.2380415","https://www.scopus.com/inward/record.uri?eid=2-s2.0-84869031279&doi=10.1145%2F2380403.2380415&partnerID=40&md5=a4c803c7cc2773d2ece2cba22786574a","Conference paper","Final","","Scopus","2-s2.0-84869031279"
"Kim, C.; Cheng, X.; Senior, D.E.; Yoon, Y.-K.","Kim, Cheolbok (56021218700); Cheng, Xiaoyu (37101227200); Senior, David E. (36698427600); Yoon, Yong Kyu Yk (7402126778)","56021218700; 37101227200; 36698427600; 7402126778","Compact frequency and bandwidth tunable stopband filters using split ring resonators and varactors coupled transmission line","2012","AEU - International Journal of Electronics and Communications","66","11","","865","870","0","5","10.1016/j.aeue.2012.03.004","https://www.scopus.com/inward/record.uri?eid=2-s2.0-84865122177&doi=10.1016%2Fj.aeue.2012.03.004&partnerID=40&md5=a6e29ee39119896c4fea98859100f4a3","Article","Final","","Scopus","2-s2.0-84865122177"
"Useche, J.; Albuquerque, E.L.; Sollero, P.","Useche, J. F. (24537991200); Albuquerque, E. L. (7102992846); Sollero, Paulo (6602787349)","24537991200; 7102992846; 6602787349","Harmonic analysis of shear deformable orthotropic cracked plates using the Boundary Element Method","2012","Engineering Analysis with Boundary Elements","36","11","","1528","1535","0","23","10.1016/j.enganabound.2012.05.002","https://www.scopus.com/inward/record.uri?eid=2-s2.0-84861608853&doi=10.1016%2Fj.enganabound.2012.05.002&partnerID=40&md5=d4fa2c3e0e739aa8dc59b27d36089fec","Article","Final","","Scopus","2-s2.0-84861608853"
"Martínez, C.; Elzo, M.; Manrique, C.; Grajales, L.F.; Jiménez, A.","Martínez, Carlos Alberto (57189620009); Elzo, Mauricio Aguirre (6603948407); Manrique, Carlos Cohen (36909258600); Grajales, Luis Fernando (6507347949); Jiménez, Ariel (55414044400)","57189620009; 6603948407; 36909258600; 6507347949; 55414044400","Random Regression models for estimation of covariance functions, genetic parameters and prediction of breeding values for Rib eye area in a Colombian Bos indicus-Bos taurus multibreed cattle population; Modelos de regresión aleatoria para la estimación de funciones de covarianza, parámetros genéticos y predicción de valores genéticos en una población bovina multirracial Bos indicus-Bos taurus en Colombia","2012","Revista Colombiana de Estadistica","35","2 SPEC. ISSUE","","309","330","0","3","","https://www.scopus.com/inward/record.uri?eid=2-s2.0-84867618703&partnerID=40&md5=dddd84c708b516358196c8a1aa6c454d","Article","Final","","Scopus","2-s2.0-84867618703"
"Fei, Y.; Martinez-Santos, J.C.","Fei, Yunsi (7103059457); Martinez-Santos, Juan Carlos (26325154200)","7103059457; 26325154200","Security in embedded systems","2012","","9781441980809","","","231","261","0","1","10.1007/978-1-4419-8080-9_10","https://www.scopus.com/inward/record.uri?eid=2-s2.0-84949179801&doi=10.1007%2F978-1-4419-8080-9_10&partnerID=40&md5=907a5590a38b4d76c9ee25ebc0a92f41","Book chapter","Final","","Scopus","2-s2.0-84949179801"
"Meneses, M.; Pasqualino, J.; Castells, F.","Meneses, Montse (8111347400); Pasqualino, Jorgelina C. (14622047600); Castells, Francesc (7003612213)","8111347400; 14622047600; 7003612213","Environmental assessment of the milk life cycle: The effect of packaging selection and the variability of milk production data","2012","Journal of Environmental Management","107","","","76","83","0","65","10.1016/j.jenvman.2012.04.019","https://www.scopus.com/inward/record.uri?eid=2-s2.0-84860789485&doi=10.1016%2Fj.jenvman.2012.04.019&partnerID=40&md5=62d209be67f71c4676fe313f826ff927","Article","Final","","Scopus","2-s2.0-84860789485"
"Romero, L.A.; Reppucci, A.; Egido, A.; Motte, E.; Caparrini, M.; Fernández, B.; Castro, L.","Romero, Lenny A. (36142156300); Reppucci, Antonio (14819686100); Egido, Alejandro (23492231500); Motte, Erwan (16245965000); Caparrini, Marco (23049409800); Fernández, Bonifacio (7201505087); Castro, Lina Mabel (55329133700)","36142156300; 14819686100; 23492231500; 16245965000; 23049409800; 7201505087; 55329133700","Streamflow prediction based on satellite and in situ measurements for hydro studies in central Chile","2012","International Journal on Hydropower and Dams","19","1","","54","58","0","0","","https://www.scopus.com/inward/record.uri?eid=2-s2.0-84864674979&partnerID=40&md5=794da20ffe8dccd3f874bd5646c8bbac","Article","Final","","Scopus","2-s2.0-84864674979"
"Díaz Gamboa, S.L.","Díaz Gamboa, Sandra Lucía (55325139000)","55325139000","The aesthetics of the dissolution and the infiniversión in the poetry of J. Á. Valente; La estética de la disolución y la infiniversión en la poesía de J. Á. Valente","2012","Signa","","21","","459","483","0","0","","https://www.scopus.com/inward/record.uri?eid=2-s2.0-84864464487&partnerID=40&md5=af187817c7f9a976207d7b39a89a6ca1","Article","Final","","Scopus","2-s2.0-84864464487"
"Romero, L.A.; Millán, M.S.; Jaroszewicz, Z.; Kolodziejczyk, A.","Romero, Lenny A. (36142156300); Millán, María S. (7201466399); Jaroszewicz, Zbigniew (7006308488); Kolodziejczyk, Andrzej (7004989645)","36142156300; 7201466399; 7006308488; 7004989645","Extended focal depth imaging using single and double peacock eye phase diffractive elements","2012","Proceedings of SPIE - The International Society for Optical Engineering","8429","","84291R","","","0","0","10.1117/12.923028","https://www.scopus.com/inward/record.uri?eid=2-s2.0-84863561756&doi=10.1117%2F12.923028&partnerID=40&md5=6325ca690650a258dd6e580f4c11f41c","Conference paper","Final","","Scopus","2-s2.0-84863561756"
"Marrugo, A.G.; Millán, M.S.; Cristóbal, G.; Gabarda, S.; Abril, H.C.","Marrugo, Andrés G. (24329839300); Millán, María S. (7201466399); Cristóbal, Gabriel Soto (55665855900); Gabarda, Salvador (9638117900); Abril, Héctor C. (6603209063)","24329839300; 7201466399; 55665855900; 9638117900; 6603209063","Anisotropy-based robust focus measure for non-mydriatic retinal imaging","2012","Journal of Biomedical Optics","17","7","076021","","","0","12","10.1117/1.JBO.17.7.076021","https://www.scopus.com/inward/record.uri?eid=2-s2.0-84872042563&doi=10.1117%2F1.JBO.17.7.076021&partnerID=40&md5=e9e8411d72e5b77e810dfb8ec32de7af","Article","Final","All Open Access; Bronze Open Access; Green Accepted Open Access; Green Open Access","Scopus","2-s2.0-84872042563"
"Marrugo, A.G.; Millán, M.S.; Cristóbal, G.; Gabarda, S.; Šorel, M.; Sroubek, F.","Marrugo, Andrés G. (24329839300); Millán, María S. (7201466399); Cristóbal, Gabriel Soto (55665855900); Gabarda, Salvador (9638117900); Šorel, Michal (15846700100); Sroubek, Filip (55882243100)","24329839300; 7201466399; 55665855900; 9638117900; 15846700100; 55882243100","Image analysis in modern ophthalmology: From acquisition to computer assisted diagnosis and telemedicine","2012","Proceedings of SPIE - The International Society for Optical Engineering","8436","","84360C","","","0","10","10.1117/12.921299","https://www.scopus.com/inward/record.uri?eid=2-s2.0-84861921843&doi=10.1117%2F12.921299&partnerID=40&md5=8003ea4480a56d42ea5d33a158ea122e","Conference paper","Final","","Scopus","2-s2.0-84861921843"
"Useche, J.; Albuquerque, E.L.","Useche, J. F. (24537991200); Albuquerque, E. L. (7102992846)","24537991200; 7102992846","Dynamic analysis of shear deformable plates using the dual reciprocity method","2012","Engineering Analysis with Boundary Elements","36","5","","627","632","0","15","10.1016/j.enganabound.2011.12.006","https://www.scopus.com/inward/record.uri?eid=2-s2.0-84855250532&doi=10.1016%2Fj.enganabound.2011.12.006&partnerID=40&md5=c9463b076858240e7f89923a9c64c15f","Article","Final","","Scopus","2-s2.0-84855250532"
"Romero, L.A.; Millán, M.S.; Jaroszewicz, Z.; Kolodziejczyk, A.","Romero, Lenny A. (36142156300); Millán, María S. (7201466399); Jaroszewicz, Zbigniew (7006308488); Kolodziejczyk, Andrzej (7004989645)","36142156300; 7201466399; 7006308488; 7004989645","Double peacock eye optical element for extended focal depth imaging with ophthalmic applications","2012","Journal of Biomedical Optics","17","4","046013-1","","","0","15","10.1117/1.JBO.17.4.046013","https://www.scopus.com/inward/record.uri?eid=2-s2.0-84863563654&doi=10.1117%2F1.JBO.17.4.046013&partnerID=40&md5=d08e42eb52e523457849dbbe13495e16","Article","Final","All Open Access; Bronze Open Access","Scopus","2-s2.0-84863563654"
"Senior, D.E.; Cheng, X.; Yoon, Y.-K.","Senior, David E. (36698427600); Cheng, Xiaoyu (37101227200); Yoon, Yong Kyu Yk (7402126778)","36698427600; 37101227200; 7402126778","Electrically tunable evanescent mode half-mode substrate-integrated- waveguide resonators","2012","IEEE Microwave and Wireless Components Letters","22","3","6157654","123","125","0","30","10.1109/LMWC.2012.2183860","https://www.scopus.com/inward/record.uri?eid=2-s2.0-84858437519&doi=10.1109%2FLMWC.2012.2183860&partnerID=40&md5=e5525f9cd5a5dae06246ad67ba43a1e7","Article","Final","","Scopus","2-s2.0-84858437519"
"Restrepo, J.C.; Ortiz-Royero, J.C.; Maza-Chamorro, M.; Otero Díaz, L.; Alvarado, M.; Aguirre, J.","Restrepo, J. C. (55228535300); Ortiz-Royero, Juan Carlos (24315309800); Maza-Chamorro, Mauro Antonio (55872162200); Otero Díaz, Luis J. (58184661100); Alvarado, Manuel (55850615800); Aguirre, Julián (55871367200)","55228535300; 24315309800; 55872162200; 58184661100; 55850615800; 55871367200","Estimating fluvial discharge in the caribbean seaboard of colombia: Magnitude, variability and extreme events","2012","Proceedings of the Coastal Engineering Conference","","","","","","0","10","10.9753/icce.v33.management.44","https://www.scopus.com/inward/record.uri?eid=2-s2.0-85086619524&doi=10.9753%2Ficce.v33.management.44&partnerID=40&md5=a5036f47697593268d264988196c5d00","Conference paper","Final","All Open Access; Gold Open Access","Scopus","2-s2.0-85086619524"
"Caicedo-Torres, W.; Quintana, M.; Pinzón, H.","Caicedo-Torres, William (55782426500); Quintana, Moisés (55783129400); Pinzón, Hernando Samuel (55782490400)","55782426500; 55783129400; 55782490400","Differential diagnosis of hemorrhagic fevers using ARTMAP","2012","Lecture Notes in Computer Science","7637 LNAI","","","221","230","0","3","10.1007/978-3-642-34654-5_23","https://www.scopus.com/inward/record.uri?eid=2-s2.0-84906654078&doi=10.1007%2F978-3-642-34654-5_23&partnerID=40&md5=1736d38675ce0507009c21c528b60b0d","Conference paper","Final","","Scopus","2-s2.0-84906654078"
"Bermúdez-Valencia, L.F.; Sarria-López, B.","Bermúdez-Valencia, Luis F. (55516284800); Sarria-López, Bienvenido (55516586900)","55516284800; 55516586900","Research on energy indexes of cogenerated plants with gas turbines and heat recuperator steam generators","2012","CTyF - Ciencia, Tecnologia y Futuro","4","5","","85","100","0","2","10.29047/01225383.224","https://www.scopus.com/inward/record.uri?eid=2-s2.0-84870798096&doi=10.29047%2F01225383.224&partnerID=40&md5=3a932c548c9327b59d8448c10884bc73","Article","Final","All Open Access; Gold Open Access","Scopus","2-s2.0-84870798096"
"Jao, P.F.; Fang, S.-P.; David, E.; Kim, K.-T.; Yoon, Y.-K.","Jao, Pitfee (36698143800); Fang, Shengpo (55369366700); David, E. (11338989900); Kim, Kyoung-tae (7409321912); Yoon, Yong Kyu Yk (7402126778)","36698143800; 55369366700; 11338989900; 7409321912; 7402126778","Nanomanufacturing of large area carbon nanofibers using tube nozzle electrospinning (TNE), lithography and carbonization processes","2012","Proceedings - Electronic Components and Technology Conference","","","6249127","2075","2081","0","5","10.1109/ECTC.2012.6249127","https://www.scopus.com/inward/record.uri?eid=2-s2.0-84866867936&doi=10.1109%2FECTC.2012.6249127&partnerID=40&md5=7b60d2fd636988800d3f846f273fddfc","Conference paper","Final","","Scopus","2-s2.0-84866867936"
"Cheng, X.; David, E.; Yoon, Y.-K.","Cheng, Xiaoyu (37101227200); David, E. (11338989900); Yoon, Yong Kyu Yk (7402126778)","37101227200; 11338989900; 7402126778","A compact 100 MHz to 7 GHz frequency equalizer based on distributed passive circuits","2012","Proceedings - Electronic Components and Technology Conference","","","6249130","2091","2097","0","0","10.1109/ECTC.2012.6249130","https://www.scopus.com/inward/record.uri?eid=2-s2.0-84866849928&doi=10.1109%2FECTC.2012.6249130&partnerID=40&md5=53f8d2d98c95f793f4c23e3054c47d9e","Conference paper","Final","","Scopus","2-s2.0-84866849928"
"Eliecer, D.; Cheng, X.; Yoon, Y.-K.","Eliecer, David (55370044500); Cheng, Xiaoyu (37101227200); Yoon, Yong Kyu Yk (7402126778)","55370044500; 37101227200; 7402126778","Highly compact surface micromachined metamaterial circuits using multilayers of low-loss Benzocyclobutene for microwave and millimeter wave applications","2012","Proceedings - Electronic Components and Technology Conference","","","6249125","2062","2069","0","4","10.1109/ECTC.2012.6249125","https://www.scopus.com/inward/record.uri?eid=2-s2.0-84866840110&doi=10.1109%2FECTC.2012.6249125&partnerID=40&md5=92cdf4b9c019f94f12f3f1bb62029e18","Conference paper","Final","","Scopus","2-s2.0-84866840110"
"Contreras-Ortiz, S.H.; Chiu, T.; Fox, M.D.","Contreras-Ortiz, Sonia H. (57210822856); Chiu, Tsuicheng David (56447970600); Fox, Martin D. (7401718655)","57210822856; 56447970600; 7401718655","Ultrasound image enhancement: A review","2012","Biomedical Signal Processing and Control","7","5","","419","428","0","192","10.1016/j.bspc.2012.02.002","https://www.scopus.com/inward/record.uri?eid=2-s2.0-84863724273&doi=10.1016%2Fj.bspc.2012.02.002&partnerID=40&md5=99523f537f1826e33f663ea1d9466efe","Review","Final","","Scopus","2-s2.0-84863724273"
"Gonzalez, C.A.; Arteaga, J.A.; Gómez, Y.H.; Osorio, J.; Jaramillo, J.A.; Riascos, H.","Gonzalez, C. A. (57214419044); Arteaga, J. A. (55305643800); Gómez, Yensy H. (56446526500); Osorio, John H. (56446438800); Jaramillo, J. A. (57214003086); Riascos, Henry (8246829700)","57214419044; 55305643800; 56446526500; 56446438800; 57214003086; 8246829700","Simulation of plume-plasma expansion with one-dimensional Particle-in-Cell","2012","Journal of Physics: Conference Series","370","1","012033","","","0","3","10.1088/1742-6596/370/1/012033","https://www.scopus.com/inward/record.uri?eid=2-s2.0-84863630835&doi=10.1088%2F1742-6596%2F370%2F1%2F012033&partnerID=40&md5=f8b75c15f11e5073acd00c654180d492","Conference paper","Final","All Open Access; Gold Open Access","Scopus","2-s2.0-84863630835"
"Barraza-Botet, C.; Bula Silvera, A.J.; Palencia Díaz, A.","Barraza-Botet, Cesar L. (56724273500); Bula Silvera, Antonio José (6602652627); Palencia Díaz, Argemiro (56801043600)","56724273500; 6602652627; 56801043600","Modeling and numerical solution of coal and natural gas co-combustion in a rotary kiln","2012","Combustion Science and Technology","184","1","","26","43","0","6","10.1080/00102202.2011.615769","https://www.scopus.com/inward/record.uri?eid=2-s2.0-84859780299&doi=10.1080%2F00102202.2011.615769&partnerID=40&md5=b7647747f0102aeffe1da6f4dd4241a2","Article","Final","","Scopus","2-s2.0-84859780299"
"Contreras-Ortiz, S.H.; Chiu, T.; Fox, M.D.","Contreras-Ortiz, Sonia H. (57210822856); Chiu, Tsuicheng David (56447970600); Fox, Martin D. (7401718655)","57210822856; 56447970600; 7401718655","Hexagonal adaptive filtering on compound ultrasound images","2011","Annual International Conference of the IEEE Engineering in Medicine and Biology - Proceedings","","","6091203","4856","4859","0","3","10.1109/IEMBS.2011.6091203","https://www.scopus.com/inward/record.uri?eid=2-s2.0-84863589920&doi=10.1109%2FIEMBS.2011.6091203&partnerID=40&md5=64a3732bfc6661faa1ed03d832334798","Conference paper","Final","","Scopus","2-s2.0-84863589920"
"Cheng, X.; Senior, D.E.; Kim, C.; Yoon, Y.-K.","Cheng, Xiaoyu (37101227200); Senior, David E. (36698427600); Kim, Cheolbok (56021218700); Yoon, Yong Kyu Yk (7402126778)","37101227200; 36698427600; 56021218700; 7402126778","A compact omnidirectional self-packaged patch antenna with complementary split-ring resonator loading for wireless endoscope applications","2011","IEEE Antennas and Wireless Propagation Letters","10","","6111431","1532","1535","0","86","10.1109/LAWP.2011.2181315","https://www.scopus.com/inward/record.uri?eid=2-s2.0-84863054899&doi=10.1109%2FLAWP.2011.2181315&partnerID=40&md5=d15a2b08c7d854fd00ba2c19641dac28","Article","Final","","Scopus","2-s2.0-84863054899"
"Vega, F.; Torres Moreno, C.; Mattos, L.","Vega, Fabio Andrés Varón (55571476800); Torres Moreno, Cesar Orlando (55793189473); Mattos, Lorenzo (18037944500)","55571476800; 55793189473; 18037944500","Design and implementation of a prototype micropositioning and fusion of optical fibers","2011","Proceedings of SPIE - The International Society for Optical Engineering","8011","","80111A","","","0","1","10.1117/12.902776","https://www.scopus.com/inward/record.uri?eid=2-s2.0-84858431119&doi=10.1117%2F12.902776&partnerID=40&md5=ef32ba4f56b1643befab6c6dc4748db2","Conference paper","Final","","Scopus","2-s2.0-84858431119"
"Marrugo, A.G.; Sroubek, F.; Šorel, M.; Millán, M.S.","Marrugo, Andrés G. (24329839300); Sroubek, Filip (55882243100); Šorel, Michal (15846700100); Millán, María S. (7201466399)","24329839300; 55882243100; 15846700100; 7201466399","Multichannel blind deconvolution in eye fundus imaging","2011","ACM International Conference Proceeding Series","","","","","","0","2","10.1145/2093698.2093705","https://www.scopus.com/inward/record.uri?eid=2-s2.0-84856759438&doi=10.1145%2F2093698.2093705&partnerID=40&md5=eb5988b37d892f016238db2f9f7bfbba","Conference paper","Final","","Scopus","2-s2.0-84856759438"
"Wang, Q.; Book, G.; Contreras-Ortiz, S.H.; Primiano, C.; McKay, R.; Kodali, S.; Sun, W.","Wang, Qian (55698306300); Book, Gregory A. (26435157400); Contreras-Ortiz, Sonia H. (57210822856); Primiano, Charles A. (6507777812); McKay, Raymond G. (7201357020); Kodali, Susheel K. (36711925800); Sun, Wei (27467836000)","55698306300; 26435157400; 57210822856; 6507777812; 7201357020; 36711925800; 27467836000","Dimensional Analysis of Aortic Root Geometry During Diastole Using 3D Models Reconstructed from Clinical 64-Slice Computed Tomography Images","2011","Cardiovascular Engineering and Technology","2","4","","324","333","0","18","10.1007/s13239-011-0052-8","https://www.scopus.com/inward/record.uri?eid=2-s2.0-82955193267&doi=10.1007%2Fs13239-011-0052-8&partnerID=40&md5=c7ab0275ba64abb66cb7d7f28c1cf8d0","Article","Final","","Scopus","2-s2.0-82955193267"
"Marrugo, A.G.; Šorel, M.; Sroubek, F.; Millán, M.S.","Marrugo, Andrés G. (24329839300); Šorel, Michal (15846700100); Sroubek, Filip (55882243100); Millán, María S. (7201466399)","24329839300; 15846700100; 55882243100; 7201466399","Retinal image restoration by means of blind deconvolution","2011","Journal of Biomedical Optics","16","11","116016","","","0","41","10.1117/1.3652709","https://www.scopus.com/inward/record.uri?eid=2-s2.0-80655146217&doi=10.1117%2F1.3652709&partnerID=40&md5=2e0bb53bd1aa07a67458e8556a22eae6","Article","Final","All Open Access; Bronze Open Access","Scopus","2-s2.0-80655146217"
"Cheng, X.; Shi, J.; Jao, P.F.; Senior, D.E.; Yoon, Y.-K.","Cheng, Xiaoyu (37101227200); Shi, Jun (57198767328); Jao, Pitfee (36698143800); Senior, David E. (36698427600); Yoon, Yong Kyu Yk (7402126778)","37101227200; 57198767328; 36698143800; 36698427600; 7402126778","Reconfigurable split ring resonator array loaded waveguide for insitu tuning","2011","AP-S International Symposium (Digest) (IEEE Antennas and Propagation Society)","","","5997146","2947","2950","0","4","10.1109/APS.2011.5997146","https://www.scopus.com/inward/record.uri?eid=2-s2.0-80055022740&doi=10.1109%2FAPS.2011.5997146&partnerID=40&md5=66d8f16a7a0975bef3ae99c8911df78f","Conference paper","Final","","Scopus","2-s2.0-80055022740"
"Cheng, X.; Shi, J.; Kim, J.; Kim, C.; Senior, D.E.; Yoon, Y.-K.","Cheng, Xiaoyu (37101227200); Shi, Jun (57198767328); Kim, Jungkwun J.K. (24722725600); Kim, Cheolbok (56021218700); Senior, David E. (36698427600); Yoon, Yong Kyu Yk (7402126778)","37101227200; 57198767328; 24722725600; 56021218700; 36698427600; 7402126778","A compact self-packaged patch antenna folded in rectangular waveguide shape","2011","AP-S International Symposium (Digest) (IEEE Antennas and Propagation Society)","","","5996418","888","890","0","3","10.1109/APS.2011.5996418","https://www.scopus.com/inward/record.uri?eid=2-s2.0-80054995385&doi=10.1109%2FAPS.2011.5996418&partnerID=40&md5=d720ad5327f68334b7774fd2353ff91e","Conference paper","Final","","Scopus","2-s2.0-80054995385"
"Cheng, X.; Shi, J.; Kim, C.; Senior, D.E.; Yoon, Y.-K.","Cheng, Xiaoyu (37101227200); Shi, Jun (57198767328); Kim, Cheolbok (56021218700); Senior, David E. (36698427600); Yoon, Yong Kyu Yk (7402126778)","37101227200; 57198767328; 56021218700; 36698427600; 7402126778","A compact self-packaged patch antenna with non-planar complimentary split ring resonator loading","2011","AP-S International Symposium (Digest) (IEEE Antennas and Propagation Society)","","","5996456","1036","1039","0","3","10.1109/APS.2011.5996456","https://www.scopus.com/inward/record.uri?eid=2-s2.0-80054975421&doi=10.1109%2FAPS.2011.5996456&partnerID=40&md5=998542f2d92d57afe800d34e581fbacd","Conference paper","Final","","Scopus","2-s2.0-80054975421"
"Marrugo, A.G.; Millán, M.S.; Cristóbal, G.; Gabarda, S.; Abril, H.C.","Marrugo, Andrés G. (24329839300); Millán, María S. (7201466399); Cristóbal, Gabriel Soto (55665855900); Gabarda, Salvador (9638117900); Abril, Héctor C. (6603209063)","24329839300; 7201466399; 55665855900; 9638117900; 6603209063","No-reference quality metrics for eye fundus imaging","2011","Lecture Notes in Computer Science","6854 LNCS","PART 1","","486","493","0","14","10.1007/978-3-642-23672-3_59","https://www.scopus.com/inward/record.uri?eid=2-s2.0-80052802956&doi=10.1007%2F978-3-642-23672-3_59&partnerID=40&md5=e4423251a994f9e14a8dd37c900ac5d9","Conference paper","Final","","Scopus","2-s2.0-80052802956"
"Cheng, X.; Kim, J.; Kim, C.; Jao, P.F.; Senior, D.E.; Yoon, Y.-K.","Cheng, Xiaoyu (37101227200); Kim, Jungkwun J.K. (24722725600); Kim, Cheolbok (56021218700); Jao, Pitfee (36698143800); Senior, David E. (36698427600); Yoon, Yong Kyu Yk (7402126778)","37101227200; 24722725600; 56021218700; 36698143800; 36698427600; 7402126778","Corrugated substrate integrated waveguide with dual band non-Bragg resonance","2011","IEEE MTT-S International Microwave Symposium Digest","","","5972949","","","0","4","10.1109/MWSYM.2011.5972949","https://www.scopus.com/inward/record.uri?eid=2-s2.0-80052312513&doi=10.1109%2FMWSYM.2011.5972949&partnerID=40&md5=905c31530ba3dce8d93f419b7ce49c2f","Conference paper","Final","","Scopus","2-s2.0-80052312513"
"Kim, J.; Cheng, X.; Senior, D.E.; Allen, M.G.; Yoon, Y.-K.","Kim, Jungkwun J.K. (24722725600); Cheng, Xiaoyu (37101227200); Senior, David E. (36698427600); Allen, Mark G. (7404104565); Yoon, Yong Kyu Yk (7402126778)","24722725600; 37101227200; 36698427600; 7404104565; 7402126778","Three dimensional nanoscale fabrication and modeling of dynamic mode multidirectional UV lithography","2011","","","","5969804","1737","1740","0","2","10.1109/TRANSDUCERS.2011.5969804","https://www.scopus.com/inward/record.uri?eid=2-s2.0-80052125872&doi=10.1109%2FTRANSDUCERS.2011.5969804&partnerID=40&md5=e6f1b5165755ea479c874881e323c938","Conference paper","Final","","Scopus","2-s2.0-80052125872"
"Senior, D.E.; Cheng, X.; Jao, P.F.; Kim, C.; Kim, J.K.; Yoon, Y.-K.","Senior, David E. (36698427600); Cheng, Xiaoyu (37101227200); Jao, Pitfee (36698143800); Kim, Cheolbok (56021218700); Kim, J. K. (59861762200); Yoon, Yong Kyu Yk (7402126778)","36698427600; 37101227200; 36698143800; 56021218700; 59861762200; 7402126778","Wireless passive sensing application using a cavity loaded evanescent mode half mode substrate integrated waveguide resonator","2011","","","","5969205","2014","2017","0","10","10.1109/TRANSDUCERS.2011.5969205","https://www.scopus.com/inward/record.uri?eid=2-s2.0-80052110875&doi=10.1109%2FTRANSDUCERS.2011.5969205&partnerID=40&md5=f0f3eaa230860bad47c565dea5beaba5","Conference paper","Final","","Scopus","2-s2.0-80052110875"
"Senior, D.E.; Cheng, X.; Jao, P.F.; Kim, C.; Yoon, Y.-K.","Senior, David E. (36698427600); Cheng, Xiaoyu (37101227200); Jao, Pitfee (36698143800); Kim, Cheolbok (56021218700); Yoon, Yong Kyu Yk (7402126778)","36698427600; 37101227200; 36698143800; 56021218700; 7402126778","Compact 3D integrable SU8 embedded microwave bandpass filters using complementary split ring resonator loaded half mode substrate integrated waveguide","2011","Proceedings - Electronic Components and Technology Conference","","","5898785","1963","1969","0","1","10.1109/ECTC.2011.5898785","https://www.scopus.com/inward/record.uri?eid=2-s2.0-79960404468&doi=10.1109%2FECTC.2011.5898785&partnerID=40&md5=4bf0ef96831db0b673cf81bb961c6155","Conference paper","Final","","Scopus","2-s2.0-79960404468"
"Cheng, X.; Shi, J.; Kim, J.; Kim, C.; David, E.; Yoon, Y.-K.","Cheng, Xiaoyu (37101227200); Shi, Jun (57198767328); Kim, Jungkwun J.K. (24722725600); Kim, Cheolbok (56021218700); David, E. (11338989900); Yoon, Yong Kyu Yk (7402126778)","37101227200; 57198767328; 24722725600; 56021218700; 11338989900; 7402126778","Compact self-packaged active folded patch antenna with omni-directional radiation pattern","2011","Proceedings - Electronic Components and Technology Conference","","","5898638","1041","1046","0","2","10.1109/ECTC.2011.5898638","https://www.scopus.com/inward/record.uri?eid=2-s2.0-79960398911&doi=10.1109%2FECTC.2011.5898638&partnerID=40&md5=3aa5ef2e6c0eaa309467c8bcc74baddd","Conference paper","Final","","Scopus","2-s2.0-79960398911"
"Jao, P.F.; Machado, M.; Cheng, X.; Senior, D.E.; Kim, G.; Ding, D.; Sun, W.; Yoon, Y.-K.","Jao, Pitfee (36698143800); Machado, Melroy (57198149511); Cheng, Xiaoyu (37101227200); Senior, David E. (36698427600); Kim, Gloria Jung A. (8617217000); Ding, Da–lian (7201760987); Sun, Wei (55726621500); Yoon, Yong Kyu Yk (7402126778)","36698143800; 57198149511; 37101227200; 36698427600; 8617217000; 7201760987; 55726621500; 7402126778","Fabrication of nanoporous membrane and its nonlithographic patterning using Electrospinning and Stamp-thru-mold (ESTM)","2011","Proceedings of the IEEE International Conference on Micro Electro Mechanical Systems (MEMS)","","","5734410","257","260","0","9","10.1109/MEMSYS.2011.5734410","https://www.scopus.com/inward/record.uri?eid=2-s2.0-79953804096&doi=10.1109%2FMEMSYS.2011.5734410&partnerID=40&md5=0c2065d7d56df703513920a8362adc62","Conference paper","Final","","Scopus","2-s2.0-79953804096"
"Pasqualino, J.; Meneses, M.; Castells, F.","Pasqualino, Jorgelina C. (14622047600); Meneses, Montse (8111347400); Castells, Francesc (7003612213)","14622047600; 8111347400; 7003612213","The carbon footprint and energy consumption of beverage packaging selection and disposal","2011","Journal of Food Engineering","103","4","","357","365","0","150","10.1016/j.jfoodeng.2010.11.005","https://www.scopus.com/inward/record.uri?eid=2-s2.0-78651233851&doi=10.1016%2Fj.jfoodeng.2010.11.005&partnerID=40&md5=c2eda7d376991299261fa312b8a1e486","Article","Final","","Scopus","2-s2.0-78651233851"
"Meneses, M.; Pasqualino, J.; Castells, F.","Meneses, Montse (8111347400); Pasqualino, Jorgelina C. (14622047600); Castells, Francesc (7003612213)","8111347400; 14622047600; 7003612213","Environmental evaluation: Final disposal alternatives of sludge from municipal wastewater treatment plants","2011","","","","","243","279","0","2","","https://www.scopus.com/inward/record.uri?eid=2-s2.0-84892021200&partnerID=40&md5=842d5f0cedab6fb079b58b7d210761c6","Book chapter","Final","","Scopus","2-s2.0-84892021200"
"Pasqualino, J.; Meneses, M.; Castells, F.","Pasqualino, Jorgelina C. (14622047600); Meneses, Montse (8111347400); Castells, Francesc (7003612213)","14622047600; 8111347400; 7003612213","Life Cycle Assessment of Urban Wastewater Reclamation and Reuse Alternatives","2011","Journal of Industrial Ecology","15","1","","49","63","0","122","10.1111/j.1530-9290.2010.00293.x","https://www.scopus.com/inward/record.uri?eid=2-s2.0-79951745877&doi=10.1111%2Fj.1530-9290.2010.00293.x&partnerID=40&md5=1ec6ab7b21f030aec2861012de42c0e5","Article","Final","","Scopus","2-s2.0-79951745877"
"Rebollo-Pérez, J.; Ordoñez-Tapia, C.; Herazo-Herazo, C.; Reyes, N.","Rebollo-Pérez, Juan Alberto (58619330000); Ordoñez-Tapia, Cindy (55252775000); Herazo-Herazo, Carmen (55252750200); Reyes, Niradiz (22942253700)","58619330000; 55252775000; 55252750200; 22942253700","Nasal carriage of panton valentine leukocidin-positive methicillin-resistant staphylococcus aureus in healthy preschool children; Colonización nasal de staphylococcus aureus meticilino resistente portador de la leucocidina panton-valentine en preescolares","2011","Revista de Salud Publica","13","5","","824","832","0","27","10.1590/S0124-00642011000500011","https://www.scopus.com/inward/record.uri?eid=2-s2.0-84862294752&doi=10.1590%2FS0124-00642011000500011&partnerID=40&md5=d54fe368d448ac64a5adc3e0b0224fb3","Article","Final","All Open Access; Gold Open Access","Scopus","2-s2.0-84862294752"
"Díaz-Mendoza, C.","Díaz-Mendoza, Claudia (55258973100)","55258973100","Alternatives for erosion control by using conventional coverage, nonconventional coverage and revegetation; Alternativas para el control de la erosión mediante el uso de co berturas convencionales, no convencionales y revegetalización","2011","Ingenieria e Investigacion","31","3","","80","90","0","3","10.15446/ing.investig.v31n3.26390","https://www.scopus.com/inward/record.uri?eid=2-s2.0-83755224909&doi=10.15446%2Fing.investig.v31n3.26390&partnerID=40&md5=b73927321e1d7ce13e1a9e6b9a331080","Review","Final","All Open Access; Gold Open Access; Green Accepted Open Access; Green Open Access","Scopus","2-s2.0-83755224909"
"Gutiérrez-Pĩeres, A.C.; González, G.A.","Gutiérrez-Pĩeres, Antonio C. (54397050000); González, Guillermo A. (7202571265)","54397050000; 7202571265","An infinite family of relativistic magnetized finite thin disks","2011","Journal of Physics: Conference Series","314","1","012090","","","0","0","10.1088/1742-6596/314/1/012090","https://www.scopus.com/inward/record.uri?eid=2-s2.0-81455154977&doi=10.1088%2F1742-6596%2F314%2F1%2F012090&partnerID=40&md5=812280ecbab3d4a41b1f32edca1e75d6","Conference paper","Final","All Open Access; Gold Open Access; Green Final Open Access; Green Open Access","Scopus","2-s2.0-81455154977"
"Patiño, A.; Durand, P.-E.; Fogret, É.; Pellat-Finet, P.","Patiño, Alberto (57190688459); Durand, Pierre Emmanuel (7202230088); Fogret, Éric (6603213964); Pellat-Finet, Pierre (6701664259)","57190688459; 7202230088; 6603213964; 6701664259","Designing Fresnel microlenses for focusing astigmatic multi-Gaussian beams by using fractional order Fourier transforms","2011","Journal of Physics: Conference Series","274","1","012108","","","0","0","10.1088/1742-6596/274/1/012108","https://www.scopus.com/inward/record.uri?eid=2-s2.0-79953756121&doi=10.1088%2F1742-6596%2F274%2F1%2F012108&partnerID=40&md5=adade01472e2041a69797b74fa9ce5f4","Conference paper","Final","All Open Access; Gold Open Access; Green Accepted Open Access; Green Open Access","Scopus","2-s2.0-79953756121"
"Romero, L.A.; Millán, M.S.; Pérez-Cabré, E.","Romero, Lenny A. (36142156300); Millán, María S. (7201466399); Pérez-Cabré, Elisabet (8729551400)","36142156300; 7201466399; 8729551400","Optical implementation of multifocal programmable lens with single and multiple axes","2011","Journal of Physics: Conference Series","274","1","012050","","","0","4","10.1088/1742-6596/274/1/012050","https://www.scopus.com/inward/record.uri?eid=2-s2.0-79953739933&doi=10.1088%2F1742-6596%2F274%2F1%2F012050&partnerID=40&md5=fd1043cade375d8330be78c2746e06da","Conference paper","Final","All Open Access; Gold Open Access; Green Accepted Open Access; Green Open Access","Scopus","2-s2.0-79953739933"
"Marrugo, A.G.; Millán, M.S.","Marrugo, Andrés G. (24329839300); Millán, María S. (7201466399)","24329839300; 7201466399","Retinal image analysis: Preprocessing and feature extraction","2011","Journal of Physics: Conference Series","274","1","012039","","","0","31","10.1088/1742-6596/274/1/012039","https://www.scopus.com/inward/record.uri?eid=2-s2.0-79953738869&doi=10.1088%2F1742-6596%2F274%2F1%2F012039&partnerID=40&md5=d8c4512abf9a68a6d5ed867ee15c87d5","Conference paper","Final","All Open Access; Gold Open Access","Scopus","2-s2.0-79953738869"
"Franco, J.F.; Pacheco, J.; Behrentz, E.; Belalcázar, L.C.","Franco, Juan Felipe (35098574800); Pacheco, José A. (37665747400); Behrentz, Eduardo (6507627811); Belalcázar, Luis Carlos (57221925284)","35098574800; 37665747400; 6507627811; 57221925284","VOC concentrations in the ambient air of Bogota City: Source identification and apportionment","2010","","1","","","747","760","0","0","","https://www.scopus.com/inward/record.uri?eid=2-s2.0-79956195369&partnerID=40&md5=3eae122b5bb7a47ff38eb15f238e2273","Conference paper","Final","","Scopus","2-s2.0-79956195369"
"Viloria-Nuñez, C.V.; Abouantoun, M.; Sosa, A.; Baquero-Latorre, H.","Viloria-Nuñez, Cesar (35788581800); Abouantoun, Maruan (36998307800); Sosa, Anuar (37032001100); Baquero-Latorre, Hernando M. (13403920900)","35788581800; 36998307800; 37032001100; 13403920900","Cardiac, respiratory and oxymetric telemonitoring through a web application using JSP","2010","","","","5633281","","","0","1","10.1109/ANDESCON.2010.5633281","https://www.scopus.com/inward/record.uri?eid=2-s2.0-79952082221&doi=10.1109%2FANDESCON.2010.5633281&partnerID=40&md5=4f9a1d037488d5a75157b91d17eece62","Conference paper","Final","","Scopus","2-s2.0-79952082221"
"Camargo, L.C.A.; Sepúlveda, P.A.","Camargo, Luis Carlos Arraut (36986874200); Sepúlveda, Paola Amar (36987004800)","36986874200; 36987004800","Organizational management for innovation: Petrochemical sector case in Cartagena de Indias (Colombia); Gestión organizacional para la innovación: Caso sector petroquímico en Cartagena de Indias (Colombia)","2010","Opcion","26","62","","27","40","0","0","","https://www.scopus.com/inward/record.uri?eid=2-s2.0-79951763550&partnerID=40&md5=ba81b8d4f6c9086c6cc331895b48dbba","Article","Final","","Scopus","2-s2.0-79951763550"
"Cheng, X.; Senior, D.E.; Jao, P.F.; Kim, J.; Whalen, J.J.; Yoon, Y.-K.","Cheng, Xiaoyu (37101227200); Senior, David E. (36698427600); Jao, Pitfee (36698143800); Kim, Jungkwun J.K. (24722725600); Whalen, James J. (7102836208); Yoon, Yong Kyu Yk (7402126778)","37101227200; 36698427600; 36698143800; 24722725600; 7102836208; 7402126778","Non-Bragg resonance in substrate integrated waveguide","2010","","","","5561229","","","0","1","10.1109/APS.2010.5561229","https://www.scopus.com/inward/record.uri?eid=2-s2.0-78349265398&doi=10.1109%2FAPS.2010.5561229&partnerID=40&md5=a2a58b143b990a7968b34a1b6864b64e","Conference paper","Final","","Scopus","2-s2.0-78349265398"
"Cheng, X.; Senior, D.E.; Whalen, J.J.; Yoon, Y.-K.","Cheng, Xiaoyu (37101227200); Senior, David E. (36698427600); Whalen, James J. (7102836208); Yoon, Yong Kyu Yk (7402126778)","37101227200; 36698427600; 7102836208; 7402126778","Electrically small tunable split ring resonator antenna","2010","","","","5561214","","","0","17","10.1109/APS.2010.5561214","https://www.scopus.com/inward/record.uri?eid=2-s2.0-78349242945&doi=10.1109%2FAPS.2010.5561214&partnerID=40&md5=b0c8695a19a55e2ba6f3306cebd195ff","Conference paper","Final","","Scopus","2-s2.0-78349242945"
"Senior, D.E.; Cheng, X.; Machado, M.; Yoon, Y.-K.","Senior, David E. (36698427600); Cheng, Xiaoyu (37101227200); Machado, Melroy (57198149511); Yoon, Yong Kyu Yk (7402126778)","36698427600; 37101227200; 57198149511; 7402126778","Single and dual band bandpass filters using complementary split ring resonator loaded half mode substrate integrated waveguide","2010","","","","5561779","","","0","24","10.1109/APS.2010.5561779","https://www.scopus.com/inward/record.uri?eid=2-s2.0-78349239316&doi=10.1109%2FAPS.2010.5561779&partnerID=40&md5=ebea31cc4677021f3ba71cab6827388d","Conference paper","Final","","Scopus","2-s2.0-78349239316"
"Acevedo-Patĩno, O.; Jimenéz, M.; Cruz-Ayoroa, A.J.","Acevedo-Patĩno, Oscar (57197327858); Jimenéz, Manuel A. (7402001997); Cruz-Ayoroa, Arnaldo J. (36473096200)","57197327858; 7402001997; 36473096200","Static simulation: A method for power and energy estimation in embedded microprocessors","2010","Midwest Symposium on Circuits and Systems","","","5548556","41","44","0","3","10.1109/MWSCAS.2010.5548556","https://www.scopus.com/inward/record.uri?eid=2-s2.0-77956598302&doi=10.1109%2FMWSCAS.2010.5548556&partnerID=40&md5=915f3a57141b90c83734b37d9e2b7e15","Conference paper","Final","","Scopus","2-s2.0-77956598302"
"Ortiz-Rodríguez, O.; Pasqualino, J.; Díez, G.; Castells, F.","Ortiz-Rodríguez, Oscar O. (24436854200); Pasqualino, Jorgelina C. (14622047600); Díez, Gloria (35368320800); Castells, Francesc (7003612213)","24436854200; 14622047600; 35368320800; 7003612213","The environmental impact of the construction phase: An application to composite walls from a life cycle perspective","2010","Resources, Conservation and Recycling","54","11","","832","840","0","66","10.1016/j.resconrec.2010.01.002","https://www.scopus.com/inward/record.uri?eid=2-s2.0-77955305222&doi=10.1016%2Fj.resconrec.2010.01.002&partnerID=40&md5=990ca479c7eea0a9fd8e93466b7604c6","Article","Final","","Scopus","2-s2.0-77955305222"
"Meneses, M.; Pasqualino, J.; Céspedes-Sánchez, R.; Castells, F.","Meneses, Montse (8111347400); Pasqualino, Jorgelina C. (14622047600); Céspedes-Sánchez, Raquel (7005484011); Castells, Francesc (7003612213)","8111347400; 14622047600; 7005484011; 7003612213","Alternatives for reducing the environmental impact of the main residue from a desalination plant","2010","Journal of Industrial Ecology","14","3","","512","527","0","85","10.1111/j.1530-9290.2010.00225.x","https://www.scopus.com/inward/record.uri?eid=2-s2.0-77956191711&doi=10.1111%2Fj.1530-9290.2010.00225.x&partnerID=40&md5=22f7bd55cb9ed66e71ca00b77bcb12fe","Article","Final","","Scopus","2-s2.0-77956191711"
"Marrugo, A.G.; Millán, M.S.","Marrugo, Andrés G. (24329839300); Millán, María S. (7201466399)","24329839300; 7201466399","Optic disc segmentation in retinal images; Segmentación del disco óptico en imágenes de la retina","2010","Optica Pura y Aplicada","43","2","","79","86","0","4","","https://www.scopus.com/inward/record.uri?eid=2-s2.0-77954168286&partnerID=40&md5=cc39e235bfbcb94978ff61b06eb043f5","Article","Final","","Scopus","2-s2.0-77954168286"
"Romero, L.A.; Millán, M.S.; Cabré, E.P.","Romero, Lenny A. (36142156300); Millán, María S. (7201466399); Cabré, Elisabet Pérez (36189288800)","36142156300; 7201466399; 36189288800","Multifocal programmable lens: Coaxial and multiaxis combination; Lente programable multifocal: Combinación coaxial y multieje","2010","Optica Pura y Aplicada","43","2","","101","112","0","5","","https://www.scopus.com/inward/record.uri?eid=2-s2.0-77954019385&partnerID=40&md5=875d6b03245ac1305a5f59ab7b5c3f02","Article","Final","","Scopus","2-s2.0-77954019385"
"Ortiz-Rodríguez, O.; Pasqualino, J.; Castells, F.","Ortiz-Rodríguez, Oscar O. (24436854200); Pasqualino, Jorgelina C. (14622047600); Castells, Francesc (7003612213)","24436854200; 14622047600; 7003612213","Environmental assessment based on life cycle analysis (LCA) in the construction phase of a building in Catalonia; Evaluación ambiental basado en el análisis del ciclo de vida (ACV) en la fase de construcción de una edificación en Cataluña","2010","Afinidad","67","547","","175","181","0","1","","https://www.scopus.com/inward/record.uri?eid=2-s2.0-79953715946&partnerID=40&md5=fa2ade3b4a34700581d06b819bb3a2ca","Article","Final","","Scopus","2-s2.0-79953715946"
"Álvarez, L.Á.; Álvarez, E.A.; Saldarriaga, A.E.; Chica, J.S.","Álvarez, Lucía (56253270400); Álvarez, Erasmo Arrieta (37065749000); Saldarriaga, Adriana Espitia (37066558400); Chica, Juan Sánchez (37065943700)","56253270400; 37065749000; 37066558400; 37065943700","Mayorships with efficacious, efficient and effective public managementpreviously planned during the political campaign; Alcaldías con gestión pública eficaz, eficiente y efectiva planeada desde la campaña política","2010","Analisis Politico","23","69","","58","65","0","0","","https://www.scopus.com/inward/record.uri?eid=2-s2.0-79953267063&partnerID=40&md5=c7c06da6e48bb38171693244b7ff30cb","Article","Final","","Scopus","2-s2.0-79953267063"
"Ortiz-Rodríguez, O.; Pasqualino, J.; Castells, F.","Ortiz-Rodríguez, Oscar O. (24436854200); Pasqualino, Jorgelina C. (14622047600); Castells, Francesc (7003612213)","24436854200; 14622047600; 7003612213","Environmental performance of construction waste: Comparing three scenarios from a case study in Catalonia, Spain","2010","Waste Management","30","4","","646","654","0","210","10.1016/j.wasman.2009.11.013","https://www.scopus.com/inward/record.uri?eid=2-s2.0-75849159199&doi=10.1016%2Fj.wasman.2009.11.013&partnerID=40&md5=aac1cadac62547067126c2ea15e8ab06","Article","Final","","Scopus","2-s2.0-75849159199"
"Contreras-Ortiz, S.H.; MacIone, J.J.; Fox, M.D.","Contreras-Ortiz, Sonia H. (57210822856); MacIone, James Joseph (6505977035); Fox, Martin D. (7401718655)","57210822856; 6505977035; 7401718655","Enhancement of ultrasound images by displacement, averaging, and interlacing","2010","Journal of Electronic Imaging","19","1","011014","","","0","3","10.1117/1.3271168","https://www.scopus.com/inward/record.uri?eid=2-s2.0-76549127456&doi=10.1117%2F1.3271168&partnerID=40&md5=5395be398289a7fd6fd0d4190d18ea49","Article","Final","","Scopus","2-s2.0-76549127456"
"Martínez, L.P.; Rebollo-Pérez, J.; Luna-Tapia, A.L.; Cochero, S.; Bejarano, E.E.","Martínez, Lily Paola (35995751200); Rebollo-Pérez, Juan Alberto (58619330000); Luna-Tapia, Arturo L. (56623138100); Cochero, Suljey (23484716500); Bejarano, Eduar Elías (6701739781)","35995751200; 58619330000; 56623138100; 23484716500; 6701739781","Molecular identification of the parasites causing cutaneous leishmaniasis on the Caribbean coast of Colombia","2010","Parasitology Research","106","3","","647","652","0","28","10.1007/s00436-009-1712-6","https://www.scopus.com/inward/record.uri?eid=2-s2.0-77949273274&doi=10.1007%2Fs00436-009-1712-6&partnerID=40&md5=90dd078618d4b647b873d2073834282a","Article","Final","All Open Access; Gold Open Access","Scopus","2-s2.0-77949273274"
"Meneses, M.; Pasqualino, J.; Castells, F.","Meneses, Montse (8111347400); Pasqualino, Jorgelina C. (14622047600); Castells, Francesc (7003612213)","8111347400; 14622047600; 7003612213","Environmental assessment of urban wastewater reuse: Treatment alternatives and applications","2010","Chemosphere","81","2","","266","272","0","181","10.1016/j.chemosphere.2010.05.053","https://www.scopus.com/inward/record.uri?eid=2-s2.0-77956191447&doi=10.1016%2Fj.chemosphere.2010.05.053&partnerID=40&md5=c8e7d7b50fad6bdeeb22f9252a55b845","Article","Final","","Scopus","2-s2.0-77956191447"
"Martinez-Santos, J.C.; Fei, Y.; Shi, Z.J.","Martinez-Santos, Juan Carlos (26325154200); Fei, Yunsi (7103059457); Shi, Zhijie Jerry (59606583000)","26325154200; 7103059457; 59606583000","PIFT: Efficient dynamic information flow tracking using secure page allocation","2009","","","","1631722","","","0","6","10.1145/1631716.1631722","https://www.scopus.com/inward/record.uri?eid=2-s2.0-72249116708&doi=10.1145%2F1631716.1631722&partnerID=40&md5=4ace5caea1ae568afd05441956c1de7d","Conference paper","Final","","Scopus","2-s2.0-72249116708"
"Rivera, A.M.M.","Rivera, Antonio María Merlano (57209573308)","57209573308","Bracing alternatives in tapered frames under wind loads","2009","","","","","","","0","0","","https://www.scopus.com/inward/record.uri?eid=2-s2.0-84862101254&partnerID=40&md5=a1c88c5e43c02f1199e298c963fc09f4","Conference paper","Final","","Scopus","2-s2.0-84862101254"
"Contreras, J.; Acuña, O.","Contreras, Juan A. (35104582500); Acuña, Oscar (35104250500)","35104582500; 35104250500","Generating dynamic fuzzy models for prediction problems","2009","Annual Conference of the North American Fuzzy Information Processing Society - NAFIPS","","","5156422","","","0","2","10.1109/NAFIPS.2009.5156422","https://www.scopus.com/inward/record.uri?eid=2-s2.0-70350426514&doi=10.1109%2FNAFIPS.2009.5156422&partnerID=40&md5=0971be4f507f606eb9e2e56921512c00","Conference paper","Final","","Scopus","2-s2.0-70350426514"
"García, R.B.; Betancurt, L.Á.G.","García, Rocío Bolaños (59361728600); Betancurt, Luz Ángela Gómez (59361238900)","59361728600; 59361238900","Reading characteristics of children with reading learning disability; CARACTERÍSTICAS LEITORAS DAS CRIANÇAS COM TRANSTORNO DE APRENDIZAGEM DA LEITURA; CARACTERÍSTICAS LECTORAS DE NIÑOS CON TRASTORNO DEL APRENDIZAJE DE LA LECTURA","2009","Acta Colombiana de Psicologia","12","2","","37","45","0","0","","https://www.scopus.com/inward/record.uri?eid=2-s2.0-85205982310&partnerID=40&md5=fadc0ce60373548c0851d1db3be9dcc3","Article","Final","","Scopus","2-s2.0-85205982310"
"Chiu, T.; MacIone, J.J.; Contreras-Ortiz, S.H.; Sirois, E.; Sun, W.; Fox, M.D.","Chiu, Tsuicheng David (56447970600); MacIone, James Joseph (6505977035); Contreras-Ortiz, Sonia H. (57210822856); Sirois, Eric M. (26649013600); Sun, Wei (27467836000); Fox, Martin D. (7401718655)","56447970600; 6505977035; 57210822856; 26649013600; 27467836000; 7401718655","Supercompound imaging with weiner deconvolution","2009","Progress in Biomedical Optics and Imaging - Proceedings of SPIE","7265","","72650W","","","0","0","10.1117/12.813417","https://www.scopus.com/inward/record.uri?eid=2-s2.0-67249124607&doi=10.1117%2F12.813417&partnerID=40&md5=fd8d89efdfbe8bb0de11560ac842f7e1","Conference paper","Final","","Scopus","2-s2.0-67249124607"
"Contreras-Ortiz, S.H.; MacIone, J.J.; Chiu, T.; Fox, M.D.","Contreras-Ortiz, Sonia H. (57210822856); MacIone, James Joseph (6505977035); Chiu, Tsuicheng David (56447970600); Fox, Martin D. (7401718655)","57210822856; 6505977035; 56447970600; 7401718655","Super-resolution of ultrasound images by displacement, averaging, and interlacing","2009","Progress in Biomedical Optics and Imaging - Proceedings of SPIE","7265","","726519","","","0","2","10.1117/12.812883","https://www.scopus.com/inward/record.uri?eid=2-s2.0-67149098093&doi=10.1117%2F12.812883&partnerID=40&md5=4cc8444f50b8a3c86fa46295bca3f7f3","Conference paper","Final","","Scopus","2-s2.0-67149098093"
"Pasqualino, J.; Meneses, M.; Abella, M.; Castells, F.","Pasqualino, Jorgelina C. (14622047600); Meneses, Montse (8111347400); Abella, Montserrat (22949685800); Castells, Francesc (7003612213)","14622047600; 8111347400; 22949685800; 7003612213","LCA as a decision support tool for the environmental improvement of the operation of a municipal wastewater treatment plant","2009","Environmental Science and Technology","43","9","","3300","3307","0","180","10.1021/es802056r","https://www.scopus.com/inward/record.uri?eid=2-s2.0-66449108532&doi=10.1021%2Fes802056r&partnerID=40&md5=32a2f555cb3d7b215ea90cb27804fc70","Article","Final","","Scopus","2-s2.0-66449108532"
"Hernández, C.F.; Fortich Mesa, R.C.; Vélez-Pareja, I.","Hernández, Catherine Fayad (57215670665); Fortich Mesa, Roberto Carlos (57215664679); Vélez-Pareja, Ignacio (6503847935)","57215670665; 57215664679; 6503847935","Forecasting foreign exchange rates in Colombia assuming PPP conditions: Empirical evidence using VAR; Previsão da taxa de câmbio na Colômbia sob condições de PPC: evidência empírica usando VAR; PROYECCIÓN DE LA TASA DE CAMBIO DE COLOMBIA BAJO CONDICIONES DE PPA: EVIDENCIA EMPÍRICA USANDO VAR","2009","Estudios Gerenciales","25","113","","211","226","0","1","10.1016/S0123-5923(09)70095-6","https://www.scopus.com/inward/record.uri?eid=2-s2.0-85081588981&doi=10.1016%2FS0123-5923%2809%2970095-6&partnerID=40&md5=65f7358c294fffe5864ec8dee0f1521e","Review","Final","All Open Access; Gold Open Access; Green Accepted Open Access; Green Open Access","Scopus","2-s2.0-85081588981"
"Viloria-Nuñez, C.V.","Viloria-Nuñez, Cesar (35788581800)","35788581800","Information technology to education, research and application in health. Benefits and challenges; Tecnologías de la información para la educación, investigación y aplicación en el área de la salud. Bondades y retos","2009","Salud Uninorte","25","2","","331","349","0","7","","https://www.scopus.com/inward/record.uri?eid=2-s2.0-77950613435&partnerID=40&md5=3dffb956124a876d954c516e115a9d5c","Article","Final","","Scopus","2-s2.0-77950613435"
"Rúa, D.L.A.; Goenaga, I.A.Y.; Muñiz-Olite, J.L.; Hurtado, J.; Molina, R.E.F.","Rúa, Danilo Lusbin Ariza (35786461100); Goenaga, Iván Antonio Yaber (35785571600); Muñiz-Olite, Jorge Luis (57758796500); Hurtado, Julio Seferino (57195913859); Molina, Roberto Enrique Figueroa (35786280100)","35786461100; 35785571600; 57758796500; 57195913859; 35786280100","Concept maps as a didactic strategy for learning of concepts of cell biology in students of health sciences; Los mapas conceptuales como estrategia didáctica para el aprendizaje de conceptos de biología celular en estudiantes de ciencias de la salud","2009","Salud Uninorte","25","2","","220","231","0","0","","https://www.scopus.com/inward/record.uri?eid=2-s2.0-77950572944&partnerID=40&md5=8652f6afb9e66dbbd1c2055256b23477","Article","Final","","Scopus","2-s2.0-77950572944"
"Trillos, J.","Trillos, Julia (16305639300)","16305639300","Intentionality and interpersonal relations","2009","Integrative Psychological and Behavioral Science","43","4","","324","331","0","2","10.1007/s12124-009-9104-0","https://www.scopus.com/inward/record.uri?eid=2-s2.0-70449596108&doi=10.1007%2Fs12124-009-9104-0&partnerID=40&md5=47c1bb909ac38ce58d07960d9000a3df","Article","Final","","Scopus","2-s2.0-70449596108"
"MacIone, J.J.; Contreras-Ortiz, S.H.; Yang, Z.; Chiu, T.; Fox, M.D.","MacIone, James Joseph (6505977035); Contreras-Ortiz, Sonia H. (57210822856); Yang, Z. (59611727500); Chiu, Tsuicheng David (56447970600); Fox, Martin D. (7401718655)","6505977035; 57210822856; 59611727500; 56447970600; 7401718655","Modeling the point spread function of paired angle multiplicative compounding in ultrasound","2009","","","","4967759","","","0","0","10.1109/NEBC.2009.4967759","https://www.scopus.com/inward/record.uri?eid=2-s2.0-70349117390&doi=10.1109%2FNEBC.2009.4967759&partnerID=40&md5=89e78a4ec08f5837cbde28225d599879","Conference paper","Final","","Scopus","2-s2.0-70349117390"
"Contreras-Ortiz, S.H.; MacIone, J.J.; Fox, M.D.","Contreras-Ortiz, Sonia H. (57210822856); MacIone, James Joseph (6505977035); Fox, Martin D. (7401718655)","57210822856; 6505977035; 7401718655","Displacement estimation in ultrasound images using pseudo-phase","2009","","","","4967743","","","0","3","10.1109/NEBC.2009.4967743","https://www.scopus.com/inward/record.uri?eid=2-s2.0-70349087838&doi=10.1109%2FNEBC.2009.4967743&partnerID=40&md5=a9cb30d6e3f481ec785b31e87f9ea260","Conference paper","Final","","Scopus","2-s2.0-70349087838"
"Useche, J.; Sollero, P.; Albuquerque, E.L.; Palermo Junior, L.","Useche, J. F. (24537991200); Sollero, Paulo (6602787349); Albuquerque, E. L. (7102992846); Palermo Junior, Leandro (56262960400)","24537991200; 6602787349; 7102992846; 56262960400","Boundary element analysis of cracked thick plates repaired with adhesively bonded composite patches","2008","SDHM Structural Durability and Health Monitoring","4","2","","107","115","0","2","","https://www.scopus.com/inward/record.uri?eid=2-s2.0-65549108759&partnerID=40&md5=cbf28f6eeac6ebc491cd98de893cab38","Article","Final","","Scopus","2-s2.0-65549108759"
"Martinez-Santos, J.C.; Fei, Y.","Martinez-Santos, Juan Carlos (26325154200); Fei, Yunsi (7103059457)","26325154200; 7103059457","Leveraging speculative architectures for run-time program validation","2008","","","","4751907","498","505","0","6","10.1109/ICCD.2008.4751907","https://www.scopus.com/inward/record.uri?eid=2-s2.0-62349095013&doi=10.1109%2FICCD.2008.4751907&partnerID=40&md5=755eae55422933ec0e959f00bbee230e","Conference paper","Final","","Scopus","2-s2.0-62349095013"
"Vivas, R.; Mercado, L.D.; Anaya-Gil, J.; Marrugo, A.G.; Martínez, E.","Vivas, Ricardo (6508090932); Mercado, Luz Dary (59854380100); Anaya-Gil, Jorge (24329380900); Marrugo, Andrés G. (24329839300); Martínez, Emiliano (55414781400)","6508090932; 59854380100; 24329380900; 24329839300; 55414781400","Theoretical study to evaluate polyfuran electrical conductivity and methylamine, methoxy substituent effects","2008","Journal of Molecular Structure: THEOCHEM","861","1-3","","137","141","0","13","10.1016/j.theochem.2008.04.019","https://www.scopus.com/inward/record.uri?eid=2-s2.0-45449115343&doi=10.1016%2Fj.theochem.2008.04.019&partnerID=40&md5=c852747e6218952161eba8c1f165bc44","Article","Final","","Scopus","2-s2.0-45449115343"
"Pasqualino, J.; Ortiz-Rodríguez, O.; Castells, F.","Pasqualino, Jorgelina C. (14622047600); Ortiz-Rodríguez, Oscar O. (24436854200); Castells, Francesc (7003612213)","14622047600; 24436854200; 7003612213","Life cycle assessment as a tool for material selection and waste management within the building sector","2008","","","","","","","6","3","","https://www.scopus.com/inward/record.uri?eid=2-s2.0-85067705382&partnerID=40&md5=65ef0c792f949abb021053874b287f64","Conference paper","Final","","Scopus","2-s2.0-85067705382"
"Useche, J.; Sollero, P.; Albuquerque, E.L.","Useche, J. F. (24537991200); Sollero, Paulo (6602787349); Albuquerque, E. L. (7102992846)","24537991200; 6602787349; 7102992846","Boundary element analysis of cracked sheets repaired with bonded anisotropic patches","2008","Key Engineering Materials","383","","","97","108","0","2","","https://www.scopus.com/inward/record.uri?eid=2-s2.0-49249120308&partnerID=40&md5=e2b6b3fe173a0a8b07d383a5a4f7e3ac","Article","Final","","Scopus","2-s2.0-49249120308"
"Trillos, J.","Trillos, Julia (16305639300)","16305639300","Dynamic appropriations of domestic space","2007","Culture and Psychology","13","2","","197","202","0","0","10.1177/1354067X07076607","https://www.scopus.com/inward/record.uri?eid=2-s2.0-34248140694&doi=10.1177%2F1354067X07076607&partnerID=40&md5=cfc1e125c9c20dfadaed83eba494a38b","Article","Final","","Scopus","2-s2.0-34248140694"
"Córdoba, M.; Larreamendy-Joerns, J.","Córdoba, Mario (57209907341); Larreamendy-Joerns, Jorge (8686874600)","57209907341; 8686874600","Variation in experimentation styles and domain-specific knowledge; Variación en estilos de experimentación y conocimiento específico","2007","Acta Colombiana de Psicologia","10","1","","25","34","0","1","","https://www.scopus.com/inward/record.uri?eid=2-s2.0-39049146265&partnerID=40&md5=243c8c5483334a13c98329b3f8c7f2be","Article","Final","","Scopus","2-s2.0-39049146265"
"Maza-Chamorro, M.; Voulgaris, G.; Subrahmanyam, B.","Maza-Chamorro, Mauro Antonio (55872162200); Voulgaris, Georgios (7003396886); Subrahmanyam, Bulusu (7005601051)","55872162200; 7003396886; 7005601051","Subtidal inner shelf currents off Cartagena de Indias, Caribbean coast of Colombia","2006","Geophysical Research Letters","33","21","L21606","","","0","8","10.1029/2006GL027324","https://www.scopus.com/inward/record.uri?eid=2-s2.0-34248506540&doi=10.1029%2F2006GL027324&partnerID=40&md5=3925077783b81b8923631aa1f595328c","Article","Final","All Open Access; Bronze Open Access","Scopus","2-s2.0-34248506540"
"Pasqualino, J.; Montané, D.; Salvadó, J.","Pasqualino, Jorgelina C. (14622047600); Montané, Daniel (55990834800); Salvadó, Joan (7004090328)","14622047600; 55990834800; 7004090328","Synergic effects of biodiesel in the biodegradability of fossil-derived fuels","2006","Biomass and Bioenergy","30","10","","874","879","0","155","10.1016/j.biombioe.2006.03.002","https://www.scopus.com/inward/record.uri?eid=2-s2.0-33748744608&doi=10.1016%2Fj.biombioe.2006.03.002&partnerID=40&md5=7021df60a4a12a980b56ddf708f26752","Article","Final","","Scopus","2-s2.0-33748744608"
"Mũoz S, Á.G.; Ojeda, J.; Sierra-Porta, D.; Soldovieri, T.","Mũoz S, Á. G. (11339917500); Ojeda, J. (11338880300); Sierra-Porta, D. (57191333650); Soldovieri, T. (8433326500)","11339917500; 11338880300; 57191333650; 8433326500","Variational and potential formulation for stochastic partial differential equations","2006","Journal of Physics A: Mathematical and General","39","4","","L93","L98","0","0","10.1088/0305-4470/39/4/L03","https://www.scopus.com/inward/record.uri?eid=2-s2.0-30644465997&doi=10.1088%2F0305-4470%2F39%2F4%2FL03&partnerID=40&md5=06338308f41026f360a146fec94b7c19","Article","Final","All Open Access; Green Accepted Open Access; Green Open Access","Scopus","2-s2.0-30644465997"
"Lobo, J.; Vizcaíno, A.","Lobo, José (26036404900); Vizcaíno, Alida (26036616400)","26036404900; 26036616400","Finding a voice through research","2006","Arts and Humanities in Higher Education","5","3","","305","316","0","2","10.1177/1474022206067627","https://www.scopus.com/inward/record.uri?eid=2-s2.0-61049324423&doi=10.1177%2F1474022206067627&partnerID=40&md5=a77ca25e1afc6e7263642bac31a83b23","Article","Final","","Scopus","2-s2.0-61049324423"
"Caicedo, V.V.O.; Gómez, A.P.","Caicedo, V. V.Ojeda (8367513800); Gómez, Arturo Plata (6701540740)","8367513800; 6701540740","Multispectral tracking of phytoplankton in the Colombian Caribbean","2004","Proceedings of SPIE - The International Society for Optical Engineering","5622","PART 1","13","67","73","0","0","10.1117/12.589462","https://www.scopus.com/inward/record.uri?eid=2-s2.0-17644397806&doi=10.1117%2F12.589462&partnerID=40&md5=e5241e1e0783197222714b70e3f0f8b4","Conference paper","Final","","Scopus","2-s2.0-17644397806"
"Milena Pérez, Z.; Romero, L.A.; Meneses, J.","Milena Pérez, Z. (8370711700); Romero, Lenny A. (36142156300); Meneses, Jaime Enrique (7004348301)","8370711700; 36142156300; 7004348301","Quantitative evaluation of blisters in polymer coated steels by three-dimensional optical reconstruction","2004","Proceedings of SPIE - The International Society for Optical Engineering","5622","PART 1","30","166","171","0","0","10.1117/12.591084","https://www.scopus.com/inward/record.uri?eid=2-s2.0-17644372677&doi=10.1117%2F12.591084&partnerID=40&md5=eccdf5913bfef52bc575f5db553714fb","Conference paper","Final","","Scopus","2-s2.0-17644372677"
"Villa, J.L.; Duque, M.; Gauthier, A.; Rakoto, N.","Villa, J. L. (7005142049); Duque, Mauricio Ismael (7004864427); Gauthier, Alain (7102084702); Rakoto, Naly (6603389671)","7005142049; 7004864427; 7102084702; 6603389671","A new algorithm for translating MLD systems into PWA systems","2004","Proceedings of the American Control Conference","2","","","1208","1213","0","7","10.23919/acc.2004.1386737","https://www.scopus.com/inward/record.uri?eid=2-s2.0-8744255272&doi=10.23919%2Facc.2004.1386737&partnerID=40&md5=4b7114e57064048d3f721ddf70fd4bfa","Conference paper","Final","","Scopus","2-s2.0-8744255272"
"Villa, J.L.; Duque, M.; Gauthier, A.; Rakoto, N.","Villa, J. L. (7005142049); Duque, Mauricio Ismael (7004864427); Gauthier, Alain (7102084702); Rakoto, Naly (6603389671)","7005142049; 7004864427; 7102084702; 6603389671","Translating PWA systems into MLD systems","2004","IEEE International Symposium on Intelligent Control - Proceedings","","","","37","42","0","3","","https://www.scopus.com/inward/record.uri?eid=2-s2.0-20344388048&partnerID=40&md5=7df36137bde75af93c98166868481554","Conference paper","Final","","Scopus","2-s2.0-20344388048"
"Useche, J.; Gómez, J.","Useche, J. F. (24537991200); Gómez, J. E. (56534566900)","24537991200; 56534566900","A computational model for residual life assessment of dents generated by explosive loads in pipelines","2003","Computational and Experimental Methods","4","","","221","230","0","1","","https://www.scopus.com/inward/record.uri?eid=2-s2.0-4544250958&partnerID=40&md5=1aebfdf9067e961e507aaa3de115350b","Conference paper","Final","","Scopus","2-s2.0-4544250958"
"Villa, J.L.; Duque, M.; Gauthier, A.; Rakoto, N.","Villa, J. L. (7005142049); Duque, Mauricio Ismael (7004864427); Gauthier, Alain (7102084702); Rakoto, Naly (6603389671)","7005142049; 7004864427; 7102084702; 6603389671","MLD control of hybrid systems: Application to the three-tank benchmark problem","2003","Proceedings of the IEEE International Conference on Systems, Man and Cybernetics","1","","","666","671","0","8","","https://www.scopus.com/inward/record.uri?eid=2-s2.0-0242657944&partnerID=40&md5=50d4b24f8290b0a65547af9cad7f8fbb","Conference paper","Final","","Scopus","2-s2.0-0242657944"
"Villa, J.L.; Duque, M.; Gauthier, A.; Rakoto, N.","Villa, J. L. (7005142049); Duque, Mauricio Ismael (7004864427); Gauthier, Alain (7102084702); Rakoto, Naly (6603389671)","7005142049; 7004864427; 7102084702; 6603389671","Modeling and control of a water treatment plant","2003","Proceedings of the IEEE International Conference on Systems, Man and Cybernetics","1","","","171","176","0","5","","https://www.scopus.com/inward/record.uri?eid=2-s2.0-0242577256&partnerID=40&md5=d9919376f43000ff72efb39ce4684eb9","Conference paper","Final","","Scopus","2-s2.0-0242577256"
"Villa, J.L.; Duque, M.; Gauthier, A.; Rakoto, N.","Villa, J. L. (7005142049); Duque, Mauricio Ismael (7004864427); Gauthier, Alain (7102084702); Rakoto, Naly (6603389671)","7005142049; 7004864427; 7102084702; 6603389671","Supervision and optimal control of a class of industrial processes","2003","IEEE International Conference on Emerging Technologies and Factory Automation, ETFA","2","January","1248693","177","180","0","5","10.1109/ETFA.2003.1248693","https://www.scopus.com/inward/record.uri?eid=2-s2.0-79961012788&doi=10.1109%2FETFA.2003.1248693&partnerID=40&md5=613921eab250d2688f68c273e960f0da","Conference paper","Final","","Scopus","2-s2.0-79961012788"
"Rakoto, N.; Villa, J.L.","Rakoto, Naly (6603389671); Villa, J. L. (7005142049)","6603389671; 7005142049","Modeling and simulation of an experimental manufacturing cell","2003","Lecture Notes in Computer Science","2667","","","533","538","0","0","10.1007/3-540-44839-x_57","https://www.scopus.com/inward/record.uri?eid=2-s2.0-35248818284&doi=10.1007%2F3-540-44839-x_57&partnerID=40&md5=16661c113efd3764c7c3dfbd29dd76d8","Article","Final","","Scopus","2-s2.0-35248818284"
"Rakoto, N.; Villa, J.L.; Morel, D.","Rakoto, Naly (6603389671); Villa, J. L. (7005142049); Morel, Dominique (7101971552)","6603389671; 7005142049; 7101971552","Supervisory Control Oriented Modeling of an Experimental Manufacturing Cell","2003","IEEE International Symposium on Intelligent Control - Proceedings","","","","395","398","0","1","10.1109/isic.2003.1254666","https://www.scopus.com/inward/record.uri?eid=2-s2.0-0344235175&doi=10.1109%2Fisic.2003.1254666&partnerID=40&md5=00720412992e7268c6cc9dd3df0e0f1d","Conference paper","Final","","Scopus","2-s2.0-0344235175"
"Elzo, M.; Manrique, C.; Ossa, G.; Acosta, O.","Elzo, Mauricio Aguirre (6603948407); Manrique, Carlos Cohen (36909258600); Ossa, G. A. (56375830300); Acosta, O. (36914577400)","6603948407; 36909258600; 56375830300; 36914577400","Additive and Nonadditive Genetic Variability for Growth Traits in the Turipaná Romosinuano-Zebu Multibreed Herd","1998","Journal of Animal Science","76","6","","1539","1549","0","28","10.2527/1998.7661539x","https://www.scopus.com/inward/record.uri?eid=2-s2.0-0032087627&doi=10.2527%2F1998.7661539x&partnerID=40&md5=026fed3f4e1f08be6e1f14a1a1821da2","Article","Final","","Scopus","2-s2.0-0032087627"
"Odenya, W.O.; Elzo, M.; Manrique, C.; McDowell, L.R.; Wakeman, D.L.","Odenya, William O. (6506111789); Elzo, Mauricio Aguirre (6603948407); Manrique, Carlos Cohen (36909258600); McDowell, Lee Russell (7103278380); Wakeman, D. L. (6603117897)","6506111789; 6603948407; 36909258600; 7103278380; 6603117897","Genetic and environmental factors affecting serum macrominerals and weights in an Angus-Brahman multibreed herd: II. Heritabilities of and genetic, environmental, and phenotypic correlations among serum calcium, phosphorus, and magnesium and weight at weaning.","1992","Journal of Animal Science","70","7","","2072","2077","0","2","10.2527/1992.7072072x","https://www.scopus.com/inward/record.uri?eid=2-s2.0-0026892254&doi=10.2527%2F1992.7072072x&partnerID=40&md5=4d34672541965c2985ab9b1778dc6da6","Article","Final","All Open Access; Bronze Open Access","Scopus","2-s2.0-0026892254"
"Odenya, W.O.; Elzo, M.; Manrique, C.; McDowell, L.R.; Wakeman, D.L.","Odenya, William O. (6506111789); Elzo, Mauricio Aguirre (6603948407); Manrique, Carlos Cohen (36909258600); McDowell, Lee Russell (7103278380); Wakeman, D. L. (6603117897)","6506111789; 6603948407; 36909258600; 7103278380; 6603117897","Genetic and environmental factors affecting serum macrominerals and weights in an Angus-Brahman multibreed herd: I. Additive and nonadditive group genetic effects of serum calcium, phosphorus, and magnesium and weight at weaning.","1992","Journal of Animal Science","70","7","","2065","2071","0","4","10.2527/1992.7072065x","https://www.scopus.com/inward/record.uri?eid=2-s2.0-0026887801&doi=10.2527%2F1992.7072065x&partnerID=40&md5=a8478c7b8da7c1be7a5cb4fc3e4b9d65","Article","Final","","Scopus","2-s2.0-0026887801"
